# ARQUIVO DE DADOS PARA ALGORITMO HEURÍSTICO
# CABEÇALHO GLOBAL:
INSTANCE_NAME:edges_to_ports_202202100000.anon
TOTAL_VERTICES:176
TOTAL_EDGES:2603
TOTAL_PATHS:4272
#
# INÍCIO DA LISTA DE CAMINHOS:
# FORMATO: ID_CAMINHO;NUM_VERTICES;V1,V2,V3,...
1;52;20,23,15,42,49,29,38,14,46,8,3,11,43,9,2,6,16,21,51,47,44,10,31,45,39,30,24,5,4,32,53,26,35,50,13,22,36,57,18,41,19,34,1,12,27,17,48,28,7,40,33,37
2;52;10,29,38,14,20,23,15,42,49,19,9,2,6,16,21,51,47,44,12,53,26,45,39,30,24,5,4,32,27,1,34,33,57,35,43,3,11,8,48,28,7,13,22,36,31,40,46,50,18,41,17,37
3;51;39,14,20,23,15,42,49,29,38,12,53,26,45,47,44,10,6,16,21,51,33,57,35,43,3,11,8,5,4,32,2,19,9,37,48,24,1,34,30,46,31,22,36,27,18,41,50,13,17,7,28
4;52;31,11,8,3,20,23,15,42,49,29,38,14,46,4,32,2,6,16,21,51,47,44,10,43,9,5,53,26,45,39,30,24,48,12,27,1,34,33,57,35,50,13,22,36,18,41,19,17,37,28,7,40
5;51;19,23,15,42,49,29,38,14,20,24,5,4,32,2,6,16,21,51,47,44,10,31,11,8,3,28,7,13,22,36,9,12,53,26,45,39,30,46,35,43,34,1,50,57,18,41,48,40,17,37,27
6;51;29,36,9,2,20,23,15,42,49,19,34,51,47,44,14,46,8,3,11,43,35,4,32,6,16,21,1,53,26,45,39,30,24,5,31,33,12,38,37,48,57,18,41,50,13,22,7,28,10,17,27
7;52;48,44,14,20,23,15,42,49,29,38,12,53,26,45,39,30,24,5,4,32,2,6,16,21,51,47,22,36,9,3,11,8,35,43,34,1,50,13,17,57,31,33,18,41,19,27,10,40,46,7,28,37
8;52;27,44,14,20,23,15,42,49,29,38,12,53,26,45,39,30,24,5,4,32,2,6,16,21,51,47,22,36,9,3,11,8,48,57,35,43,34,1,50,13,17,37,28,7,19,41,10,31,33,18,40,46
9;51;27,24,5,4,32,2,20,23,15,42,49,29,38,14,46,8,3,11,43,9,12,53,26,45,39,30,6,16,21,51,47,44,10,31,33,57,35,50,13,22,36,18,41,19,34,1,48,28,7,17,37
10;52;34,9,2,20,23,15,42,49,29,38,14,46,8,3,11,43,35,47,44,10,6,16,21,51,33,12,53,26,45,39,30,24,5,4,32,27,1,50,13,22,36,31,40,48,57,18,41,19,17,37,28,7
11;51;7,4,32,2,20,23,15,42,49,29,38,14,46,8,3,11,43,9,5,21,51,47,44,10,6,16,28,12,53,26,45,39,30,24,48,57,35,50,13,22,36,31,33,18,41,19,34,1,27,17,37
12;52;41,24,5,4,32,2,20,23,15,42,49,29,38,14,46,8,3,11,43,9,12,53,26,45,39,30,6,16,21,51,47,44,10,31,33,57,35,50,13,22,36,27,1,34,19,17,48,28,7,40,37,18
13;52;30,23,15,42,49,29,38,14,20,24,5,4,32,2,6,16,21,51,47,44,10,31,11,8,3,28,7,19,9,12,53,26,45,39,35,43,34,1,50,13,22,36,57,18,41,48,40,46,33,37,17,27
14;52;15,33,12,53,26,45,39,14,20,23,3,11,8,5,4,32,2,6,16,21,51,47,44,10,29,38,37,48,42,49,19,9,50,13,22,36,31,40,46,35,43,34,1,57,18,41,24,7,28,30,17,27
15;50;20,11,8,3,28,2,6,16,15,42,49,29,38,14,46,4,32,21,51,47,44,10,31,45,39,30,23,26,35,43,9,5,53,36,22,41,24,48,12,27,1,34,33,57,18,50,13,17,37,19
16;52;7,15,42,49,29,38,14,20,23,26,45,39,30,24,5,4,32,2,6,16,21,51,47,44,10,31,11,8,3,28,12,53,43,9,37,48,57,35,50,13,22,36,27,1,34,33,18,41,19,17,46,40
17;52;13,14,20,23,15,42,49,29,38,12,53,26,45,39,30,24,5,4,32,2,6,16,21,51,47,44,10,31,11,8,3,28,7,19,9,37,48,57,35,43,34,1,50,18,41,46,33,40,17,27,22,36
18;52;4,22,36,9,2,20,23,15,42,49,29,38,14,46,8,3,11,43,35,47,44,10,6,16,21,51,33,12,53,26,45,39,30,24,5,31,40,34,1,50,13,32,27,18,41,19,17,48,57,7,28,37
19;52;27,4,32,2,20,23,15,42,49,29,38,14,46,8,3,11,43,9,5,21,51,47,44,10,6,16,28,7,19,34,1,53,26,45,39,30,24,48,12,22,36,31,33,57,35,50,13,17,37,18,41,40
20;52;20,44,14,46,8,3,11,43,9,2,6,16,15,42,49,29,38,12,53,26,45,39,30,23,21,51,47,22,36,31,33,57,35,4,32,27,24,5,13,17,48,28,7,19,34,1,50,18,41,10,40,37
21;52;44,19,23,15,42,49,29,38,14,20,24,5,4,32,2,6,16,21,51,47,22,36,9,3,11,8,48,12,53,26,45,39,30,46,35,43,34,1,50,13,17,57,31,33,18,41,10,40,7,28,37,27
22;52;53,4,32,2,20,23,15,42,49,29,38,14,46,8,3,11,43,9,5,21,51,47,44,10,6,16,28,7,19,34,1,12,27,24,48,57,35,50,13,22,36,31,45,39,30,26,37,18,41,17,33,40
23;51;4,15,42,49,29,38,14,20,23,26,45,39,30,24,5,43,3,11,8,6,16,21,51,47,44,10,31,33,12,53,36,9,2,19,34,1,50,13,22,41,48,57,35,7,28,37,46,27,18,32,17
24;52;37,14,20,23,15,42,49,29,38,12,53,26,45,39,30,24,5,4,32,2,6,16,21,51,47,44,10,31,11,8,3,28,7,19,9,50,13,22,36,57,35,43,34,1,41,48,18,27,17,33,46,40
25;50;44,2,20,23,15,42,49,29,38,14,46,8,3,11,43,9,5,4,32,6,16,21,51,47,22,36,31,45,39,30,24,48,12,53,26,35,50,13,17,57,18,41,19,34,1,33,40,10,28,7
26;52;18,2,20,23,15,42,49,29,38,14,46,8,3,11,43,9,5,4,32,6,16,21,51,47,44,10,31,45,39,30,24,48,12,53,26,35,50,13,22,36,57,34,1,41,19,27,17,37,28,7,40,33
27;52;48,5,4,32,2,20,23,15,42,49,29,38,14,46,8,3,11,43,9,12,53,26,45,39,30,24,33,57,35,47,44,10,6,16,21,51,40,34,1,50,13,22,36,31,17,37,28,7,19,41,18,27
28;50;37,26,45,39,14,20,23,15,42,49,29,38,12,53,4,32,2,6,16,21,51,47,44,10,31,11,8,3,28,7,19,9,5,43,35,50,13,22,36,57,18,41,24,48,34,1,33,46,27,17
29;51;15,7,19,23,26,45,39,14,20,24,5,4,32,2,6,16,21,51,47,44,10,29,38,12,53,43,3,11,8,48,42,49,57,35,50,13,22,36,9,37,28,41,1,34,33,18,27,17,46,31,40
30;51;48,16,15,42,49,29,38,14,20,23,26,45,39,30,24,5,4,32,2,6,19,9,3,11,8,47,44,10,31,33,12,53,43,35,50,13,22,36,57,18,41,1,34,51,46,21,7,28,37,17,27
31;52;40,2,20,23,15,42,49,29,38,14,46,8,3,11,43,9,5,4,32,6,16,21,51,47,44,10,31,45,39,30,24,48,12,53,26,35,50,13,22,36,57,18,41,19,34,1,33,37,28,7,17,27
32;52;27,2,20,23,15,42,49,29,38,14,46,8,3,11,43,9,5,4,32,6,16,21,51,47,44,10,31,45,39,30,24,48,12,53,26,35,50,13,22,36,57,18,41,19,34,1,33,40,7,28,37,17
33;51;39,47,44,14,20,23,15,42,49,29,38,12,53,26,45,9,2,6,16,21,51,33,57,35,43,3,11,8,5,4,32,27,24,48,28,7,19,34,1,50,13,22,36,31,10,17,37,46,40,41,18
34;48;17,3,20,23,15,42,49,29,38,14,46,8,5,4,32,2,6,16,21,51,47,44,10,31,11,43,9,12,53,26,45,39,30,24,48,57,35,50,13,22,36,27,1,34,33,18,41,19
35;52;6,39,14,20,23,15,42,49,29,38,12,53,26,45,47,44,10,31,11,8,3,28,2,19,9,5,4,32,21,51,33,57,35,43,16,50,13,22,36,27,24,48,41,1,34,30,46,7,17,37,18,40
36;52;34,15,42,49,29,38,14,20,23,26,45,39,30,24,5,4,32,2,6,16,21,51,47,44,10,31,11,8,3,28,7,19,9,12,53,43,35,50,13,22,36,57,18,41,1,33,46,48,40,17,37,27
37;52;42,40,2,20,23,15,33,12,53,26,45,39,14,46,8,3,11,43,9,5,4,32,6,16,21,51,47,44,10,29,38,37,48,57,35,50,13,22,36,31,17,27,24,1,34,19,30,41,49,18,28,7
38;50;51,49,29,38,14,20,23,15,42,40,2,6,16,21,1,53,26,45,39,30,24,5,4,32,47,44,10,31,11,8,3,28,7,19,9,12,27,18,41,50,13,22,36,57,35,43,34,33,46,48
39;50;41,45,39,14,20,23,15,42,49,29,38,12,53,26,35,47,44,10,6,16,21,51,33,57,31,11,8,3,28,2,19,9,5,4,32,27,24,48,34,1,50,13,22,36,18,43,7,46,37,17
40;51;6,32,2,20,23,15,42,49,29,38,14,46,8,3,11,43,9,5,4,22,36,31,45,39,30,24,48,44,10,47,17,53,26,35,50,13,12,27,1,34,51,33,57,18,41,19,16,21,7,28,37
41;51;15,35,47,44,14,20,23,26,45,39,30,24,5,4,32,2,6,16,21,51,49,29,38,12,53,43,3,11,8,48,42,40,46,31,33,57,18,41,9,37,28,7,19,34,1,50,13,22,36,27,17
42;52;2,40,46,8,3,20,23,15,42,49,29,38,14,50,13,22,36,9,5,4,32,6,16,21,51,47,44,10,31,11,43,35,41,24,48,12,53,26,45,39,30,57,18,27,1,34,33,37,28,7,19,17
43;51;30,53,26,45,39,14,20,23,15,42,49,29,38,12,8,3,11,43,9,2,6,16,21,51,47,44,10,31,33,57,35,4,32,27,24,5,46,48,28,7,19,34,1,50,13,22,36,18,41,17,37
44;52;1,9,2,20,23,15,42,49,29,38,14,46,8,3,11,43,35,47,44,10,6,16,21,51,33,12,53,26,45,39,30,24,5,4,32,27,18,41,19,34,13,22,36,31,40,48,57,17,37,28,7,50
45;52;20,38,14,46,8,3,11,43,9,2,6,16,15,42,49,29,36,31,45,39,30,23,26,35,47,44,10,21,51,33,12,53,4,32,27,24,5,13,22,41,19,34,1,50,57,18,28,7,48,40,17,37
46;51;57,38,14,20,23,15,42,49,29,36,9,2,6,16,21,51,47,44,10,31,11,8,3,28,7,19,34,1,53,26,45,39,30,24,5,4,32,27,18,41,50,13,22,48,12,43,35,33,46,37,17
47;51;20,7,19,23,15,42,49,29,38,14,46,8,3,11,43,9,2,6,16,21,51,47,44,10,31,45,39,30,24,5,4,32,53,26,35,50,13,22,36,57,18,41,1,12,27,17,48,28,33,40,34
48;52;32,29,38,14,20,23,15,42,49,19,9,2,6,16,21,51,47,44,10,31,11,8,3,28,7,4,22,36,53,26,45,39,30,24,5,43,35,50,13,12,27,1,34,33,57,18,41,48,40,46,37,17
49;52;24,4,32,2,20,23,15,42,49,29,38,14,46,8,3,11,43,9,5,21,51,47,44,10,6,16,28,7,19,34,1,53,26,45,39,30,41,50,13,22,36,31,33,12,27,18,57,35,17,48,40,37
50;52;4,10,29,38,14,20,23,15,42,49,19,9,2,6,16,21,51,47,44,12,53,26,45,39,30,24,5,43,3,11,8,48,57,35,50,13,22,36,31,33,32,27,1,34,7,41,46,37,28,18,40,17
51;52;27,23,15,42,49,29,38,14,20,24,5,4,32,2,6,16,21,51,47,44,10,31,11,8,3,28,7,19,9,12,53,26,45,39,30,46,35,43,34,1,50,13,22,36,57,18,41,48,40,17,37,33
52;52;48,51,47,44,14,20,23,15,42,49,29,38,12,53,26,45,39,30,24,5,4,32,2,6,16,21,1,9,3,11,8,35,43,34,33,57,31,10,17,37,28,7,19,41,50,13,22,36,27,18,40,46
53;52;50,14,20,23,15,42,49,29,38,12,53,26,45,39,30,24,5,4,32,2,6,16,21,51,47,44,10,31,11,8,3,28,7,19,9,37,48,57,35,43,34,1,41,46,33,18,22,36,27,17,13,40
54;52;34,14,20,23,15,42,49,29,38,12,53,26,45,39,30,24,5,4,32,2,6,16,21,51,47,44,10,31,11,8,3,28,7,19,9,37,48,57,35,43,40,46,50,13,22,36,27,1,41,17,18,33
55;50;51,15,42,49,29,38,14,20,23,26,45,39,30,24,5,4,32,2,6,16,21,1,53,43,3,11,8,47,44,10,31,33,12,27,18,41,9,37,48,57,35,50,13,22,36,34,19,17,7,28
56;52;27,11,8,3,20,23,15,42,49,29,38,14,46,4,32,2,6,16,21,51,47,44,10,31,45,39,30,24,5,43,9,12,53,26,35,50,13,22,36,57,18,41,19,34,1,33,40,48,28,7,17,37
57;52;40,26,45,39,14,20,23,15,42,49,29,38,12,53,4,32,2,6,16,21,51,47,44,10,31,11,8,3,28,7,19,9,5,43,35,50,13,22,36,57,18,41,24,48,34,1,33,46,37,17,27,30
58;51;4,38,14,20,23,15,42,49,29,36,9,2,6,16,21,51,47,44,10,31,11,8,3,28,7,19,34,1,53,26,45,39,30,24,5,43,35,50,13,22,41,12,27,18,32,17,48,57,33,46,37
59;51;49,26,45,39,14,20,23,15,42,40,2,6,16,21,51,47,44,10,29,38,12,53,4,32,27,24,5,43,3,11,8,48,57,35,50,13,22,36,9,37,28,7,19,34,1,41,46,31,33,18,17
60;52;5,49,29,38,14,20,23,15,42,40,2,6,16,21,51,47,44,10,31,11,8,3,28,7,19,9,12,53,26,45,39,30,24,48,57,35,43,34,1,4,32,27,18,41,50,13,22,36,33,46,37,17
61;52;46,6,16,15,42,49,29,38,14,20,23,26,45,39,30,24,5,4,32,2,19,9,3,11,8,47,44,10,31,33,12,53,43,35,50,13,22,36,57,18,41,1,34,51,40,48,28,7,21,27,17,37
62;51;20,21,51,47,44,14,46,8,3,11,43,9,2,6,16,15,42,49,29,38,12,53,26,45,39,30,23,7,19,34,1,4,32,27,24,5,31,33,57,35,50,13,22,36,10,17,48,28,41,18,37
63;52;36,47,44,14,20,23,15,42,49,29,38,12,53,26,45,39,30,24,5,4,32,2,6,16,21,51,33,57,35,43,3,11,8,48,28,7,19,9,37,46,31,10,17,27,1,34,13,22,41,50,18,40
64;50;44,5,4,32,2,20,23,15,42,49,29,38,14,46,8,3,11,43,9,12,53,26,45,39,30,24,48,16,21,51,47,22,36,31,33,57,35,50,13,6,19,34,1,41,10,17,37,28,7,40
65;52;17,47,44,14,20,23,15,42,49,29,38,12,53,26,45,39,30,24,5,4,32,2,6,16,21,51,33,57,35,43,3,11,8,48,28,7,19,9,37,46,31,10,22,36,27,1,34,13,40,41,50,18
66;52;29,23,15,42,49,19,9,2,20,24,5,4,32,6,16,21,51,47,44,14,46,8,3,11,43,35,50,13,22,36,31,45,39,30,53,26,1,12,38,37,48,57,18,41,10,17,27,34,33,40,7,28
67;52;24,14,20,23,15,42,49,29,38,12,53,26,45,39,30,6,16,21,51,47,44,10,31,11,8,3,28,2,19,9,5,4,32,27,1,34,33,57,35,43,7,13,22,36,18,41,50,48,40,46,37,17
68;52;15,30,23,26,45,39,14,20,24,5,4,32,2,6,16,21,51,47,44,10,29,38,12,53,43,3,11,8,48,42,49,19,9,37,28,7,13,22,36,31,33,57,35,50,18,41,1,34,40,46,27,17
69;51;2,41,24,5,4,32,6,16,15,42,49,29,38,14,20,23,26,45,39,30,53,43,3,11,8,47,44,10,31,33,12,27,1,9,37,48,51,46,35,50,13,22,36,57,18,21,7,19,34,40,17
70;52;15,32,2,20,23,26,45,39,14,46,8,3,11,43,9,5,4,22,36,31,44,10,29,38,12,53,42,49,19,34,51,47,17,48,16,21,1,50,13,30,24,33,57,35,41,18,27,6,40,7,28,37
71;52;34,29,38,14,20,23,15,42,49,19,9,2,6,16,21,51,47,44,10,31,11,8,3,28,7,4,32,53,26,45,39,30,24,5,43,35,50,13,22,36,57,18,41,1,12,27,17,48,40,46,33,37
72;51;1,44,14,20,23,15,42,49,29,38,12,53,26,45,39,30,24,5,4,32,2,6,16,21,51,47,22,36,9,3,11,8,48,57,35,43,34,33,18,41,19,50,13,17,37,28,7,46,31,10,40
73;52;3,50,14,20,23,15,42,49,29,38,12,53,26,45,39,30,24,5,4,32,2,6,16,21,51,47,44,10,31,11,8,48,57,35,43,9,37,28,7,19,34,1,41,46,33,18,22,36,27,17,13,40
74;52;11,30,23,15,42,49,29,38,14,20,24,5,4,32,2,6,16,21,51,47,44,10,31,45,39,35,43,3,28,7,19,9,12,53,26,50,13,22,36,57,18,41,1,34,33,46,8,48,40,17,37,27
75;51;38,6,16,15,42,49,29,36,9,2,20,23,26,45,39,14,46,8,3,11,43,35,47,44,10,31,33,12,53,4,32,21,51,40,34,1,50,13,22,41,24,5,30,57,18,27,17,48,28,7,19
76;52;31,3,20,23,15,42,49,29,38,14,46,8,5,4,32,2,6,16,21,51,47,44,10,43,9,12,53,26,45,39,30,24,48,57,35,50,13,22,36,27,1,34,33,18,41,19,17,37,28,7,11,40
77;51;40,9,2,20,23,15,42,49,29,38,14,46,8,3,11,43,35,47,44,10,6,16,21,51,33,12,53,26,45,39,30,24,5,4,32,27,1,34,19,41,50,13,22,36,31,17,48,57,18,28,7
78;52;3,13,14,20,23,15,42,49,29,38,12,53,26,45,39,30,24,5,4,32,2,6,16,21,51,47,44,10,31,11,8,48,57,35,43,9,37,28,7,19,34,1,50,18,41,46,33,40,17,27,22,36
79;52;7,45,39,14,20,23,15,42,49,29,38,12,53,26,35,47,44,10,6,16,21,51,33,57,31,11,8,3,28,2,19,9,5,4,32,27,24,48,41,1,34,30,46,50,13,22,36,18,43,40,17,37
80;52;46,49,29,38,14,20,23,15,42,40,2,6,16,21,51,47,44,10,31,11,8,3,28,7,19,9,5,4,32,53,26,45,39,30,24,48,12,27,1,34,33,57,35,43,17,37,18,41,50,13,22,36
81;51;16,14,20,23,15,42,49,29,38,12,53,26,45,39,30,24,5,4,32,2,6,19,9,3,11,8,47,44,10,31,33,57,35,43,34,51,46,48,28,7,13,22,36,27,1,50,18,41,17,37,21
82;51;4,33,12,53,26,45,39,14,20,23,15,42,49,29,38,6,16,21,51,47,44,10,31,11,8,3,28,2,19,9,5,43,35,50,13,22,36,57,18,41,24,48,32,27,1,34,30,46,7,17,37
83;52;5,3,20,23,15,42,49,29,38,14,46,8,6,16,21,51,47,44,10,31,11,43,9,2,19,34,1,53,26,45,39,30,24,48,12,27,4,32,17,57,35,50,13,22,36,18,41,7,28,33,40,37
84;52;15,3,20,23,26,45,39,14,46,8,5,4,32,2,6,16,21,51,47,44,10,29,38,12,53,43,9,37,48,42,49,19,34,1,50,13,22,36,31,11,30,24,33,57,35,41,17,27,18,28,7,40
85;50;7,51,47,44,14,20,23,15,42,49,29,38,12,53,26,45,39,30,24,5,4,32,2,6,16,21,1,9,3,11,8,48,57,35,43,34,33,18,41,19,50,13,22,36,31,10,17,37,28,27
86;51;20,29,38,14,46,8,3,11,43,9,2,6,16,15,42,49,19,23,26,45,39,30,24,5,4,32,21,51,47,44,10,31,33,12,53,36,22,41,1,34,13,17,48,57,35,50,18,27,7,28,37
87;51;2,12,53,26,45,39,14,20,23,15,42,49,29,38,6,16,21,51,47,44,10,31,11,8,3,28,7,19,9,5,4,32,27,24,48,57,35,43,34,1,50,13,22,36,18,41,46,33,40,17,37
88;51;48,6,16,15,42,49,29,38,14,20,23,26,45,39,30,24,5,4,32,2,19,9,3,11,8,47,44,10,31,33,12,53,43,35,50,13,22,36,57,18,41,1,34,51,46,21,7,28,37,17,27
89;52;16,20,23,15,42,49,29,38,14,46,8,3,11,43,9,2,6,39,30,24,5,4,32,21,51,47,44,10,31,45,18,41,19,34,1,53,26,35,50,13,22,36,57,12,27,17,48,28,7,40,33,37
90;52;4,49,29,38,14,20,23,15,42,40,2,6,16,21,51,47,44,10,31,11,8,3,28,7,19,9,5,43,35,50,13,22,36,53,26,45,39,30,24,48,12,27,1,34,33,57,18,41,46,37,17,32
91;52;31,20,23,15,42,49,29,38,14,46,8,3,11,43,9,2,6,16,21,51,47,44,10,35,4,32,53,26,45,39,30,24,5,13,22,36,57,18,41,19,34,1,12,27,17,48,28,7,50,40,33,37
92;52;50,24,5,4,32,2,20,23,15,42,49,29,38,14,46,8,3,11,43,9,12,53,26,45,39,30,6,16,21,51,47,44,10,31,33,57,35,41,19,34,1,27,18,22,36,13,17,48,28,7,40,37
93;52;3,46,8,5,4,32,2,20,23,15,42,49,29,38,14,50,13,22,36,9,12,53,26,45,39,30,24,48,44,10,6,16,21,51,47,17,57,35,43,34,1,41,19,27,18,11,7,28,31,33,40,37
94;52;11,15,42,49,29,38,14,20,23,26,45,39,30,24,5,4,32,2,6,16,21,51,47,44,10,31,3,28,7,19,9,12,53,43,35,50,13,22,36,57,18,41,1,34,33,46,8,48,40,17,37,27
95;52;39,49,29,38,14,20,23,15,42,40,2,6,16,21,51,47,44,10,31,11,8,3,28,7,19,9,5,4,32,53,26,45,18,41,24,48,12,27,1,34,33,57,35,43,17,37,46,50,13,22,36,30
96;52;35,23,15,42,49,29,38,14,20,24,5,4,32,2,6,16,21,51,47,44,10,31,11,8,3,28,7,19,9,12,53,26,45,39,30,46,48,57,18,41,1,34,33,43,40,17,37,22,36,27,50,13
97;52;13,38,14,20,23,15,42,49,29,36,9,2,6,16,21,51,47,44,10,31,11,8,3,28,7,19,34,1,53,26,45,39,30,24,5,4,32,27,18,41,50,57,35,43,40,46,48,12,22,37,17,33
98;52;50,15,42,49,29,38,14,20,23,26,45,39,30,24,5,4,32,2,6,16,21,51,47,44,10,31,11,8,3,28,7,19,9,12,53,43,35,41,1,34,33,57,18,22,36,27,17,48,40,46,37,13
99;52;20,12,53,26,45,39,14,46,8,3,11,43,9,2,6,16,15,42,49,29,38,37,48,44,10,31,33,57,35,47,22,36,27,24,5,4,32,21,51,40,34,1,50,13,30,23,7,19,41,17,18,28
100;52;42,14,20,23,15,33,12,53,26,45,39,30,24,5,4,32,2,6,16,21,51,47,44,10,29,38,37,48,57,35,43,3,11,8,28,7,19,9,50,13,22,36,31,40,46,49,17,27,1,34,18,41
101;52;24,32,2,20,23,15,42,49,29,38,14,46,8,3,11,43,9,5,4,22,36,31,45,39,30,53,26,35,47,44,10,6,16,21,51,33,12,27,1,34,19,41,50,13,17,48,57,18,28,7,40,37
102;52;45,23,15,42,49,29,38,14,20,24,5,4,32,2,6,16,21,51,47,44,10,31,11,8,3,28,7,19,9,12,53,26,35,43,34,1,50,13,22,36,57,18,41,48,30,46,33,40,17,37,27,39
103;52;7,44,14,20,23,15,42,49,29,38,12,53,26,45,39,30,24,5,4,32,2,6,16,21,51,47,22,36,9,3,11,8,48,57,35,43,34,1,50,13,17,37,28,41,19,27,18,40,46,31,33,10
104;50;27,12,53,26,45,39,14,20,23,15,42,49,29,38,6,16,21,51,47,44,10,31,11,8,3,28,2,19,9,5,4,32,43,35,50,13,22,36,57,18,41,24,48,34,1,33,46,7,17,37
105;51;18,16,15,42,49,29,38,14,20,23,26,45,39,30,24,5,4,32,2,6,19,9,3,11,8,47,44,10,31,33,12,53,43,35,50,13,22,36,57,48,51,46,21,1,34,7,41,17,37,28,27
106;48;2,17,3,20,23,15,42,49,29,38,14,46,8,5,4,32,6,16,21,51,47,44,10,31,11,43,9,12,53,26,45,39,30,24,48,57,35,50,13,22,36,27,1,34,33,18,41,19
107;51;16,2,20,23,15,42,49,29,38,14,46,8,3,11,43,9,5,4,32,6,39,30,24,48,44,10,31,45,47,22,36,53,26,35,50,13,12,27,1,34,51,33,57,18,41,19,17,37,28,7,21
108;51;2,51,47,44,14,20,23,15,42,49,29,38,12,53,26,45,39,30,24,5,4,32,6,16,21,1,9,3,11,8,48,57,35,43,34,33,18,41,19,50,13,22,36,31,10,17,37,28,7,46,27
109;52;48,38,14,20,23,15,42,49,29,36,9,2,6,16,21,51,47,44,10,31,11,8,3,28,7,19,34,1,53,26,45,39,30,24,5,4,32,27,18,41,50,13,22,46,35,43,40,17,57,12,37,33
110;52;6,53,26,45,39,14,20,23,15,42,49,29,38,12,8,3,11,43,9,2,19,34,51,47,44,10,31,33,57,35,4,32,21,1,50,13,22,36,27,24,5,16,28,7,41,48,30,46,37,18,40,17
111;52;7,9,2,20,23,15,42,49,29,38,14,46,8,3,11,43,35,47,44,10,6,16,21,51,33,12,53,26,45,39,30,24,5,4,32,27,1,34,19,41,50,13,22,36,31,40,48,57,18,28,37,17
112;52;6,10,29,38,14,20,23,15,42,49,19,9,2,40,46,8,3,11,43,35,47,44,12,53,26,45,39,30,24,5,4,32,21,51,33,57,31,22,36,27,1,34,13,17,48,16,28,7,41,50,18,37
113;52;42,3,20,23,15,33,12,53,26,45,39,14,46,8,5,4,32,2,6,16,21,51,47,44,10,29,38,37,48,57,35,43,9,50,13,22,36,31,11,30,24,1,34,19,41,49,17,27,18,28,7,40
114;52;15,40,2,20,23,26,45,39,14,46,8,3,11,43,9,5,4,32,6,16,21,51,47,44,10,29,38,12,53,42,49,19,34,1,50,13,22,36,31,33,57,35,41,24,48,28,7,17,37,18,27,30
115;52;39,43,3,20,23,15,42,49,29,38,14,46,8,5,4,32,2,6,16,21,51,47,44,10,31,11,30,24,48,12,53,26,45,9,37,28,7,19,34,1,50,13,22,36,57,35,41,17,27,18,40,33
116;50;13,23,15,42,49,29,38,14,20,24,5,4,32,2,6,16,21,51,47,44,10,31,11,8,3,28,7,19,9,12,53,26,45,39,30,46,35,43,34,1,50,57,18,41,48,36,22,37,17,27
117;52;23,42,49,29,38,14,20,24,5,4,32,2,6,16,15,33,12,53,26,45,39,30,46,8,3,11,43,9,37,48,44,10,31,22,36,47,17,57,35,50,13,40,34,51,7,19,41,1,27,18,21,28
118;52;39,28,2,20,23,15,42,49,29,38,14,46,8,3,11,43,9,5,4,32,6,16,21,51,47,44,10,31,45,18,41,24,48,12,53,26,35,50,13,22,36,57,34,1,33,40,7,19,30,17,37,27
119;52;23,11,8,3,20,24,5,4,32,2,6,16,15,42,49,29,38,14,46,35,47,44,10,31,45,39,30,53,26,50,13,22,36,9,12,27,1,34,51,33,57,18,41,19,17,48,28,7,21,43,40,37
120;52;34,11,8,3,20,23,15,42,49,29,38,14,46,4,32,2,6,16,21,51,47,44,10,31,45,39,30,24,5,43,9,12,53,26,35,50,13,22,36,57,18,41,19,27,1,33,40,48,28,7,17,37
121;52;57,10,29,38,14,20,23,15,42,49,19,9,2,6,16,21,51,47,44,12,53,26,45,39,30,24,5,4,32,27,1,34,33,3,11,8,48,28,7,13,22,36,31,40,46,35,43,17,37,18,41,50
122;52;21,2,20,23,15,42,49,29,38,14,46,8,3,11,43,9,5,4,32,6,16,28,7,19,34,51,47,44,10,31,45,39,30,24,48,12,53,26,35,50,13,22,36,57,18,41,1,33,40,17,37,27
123;52;51,29,38,14,20,23,15,42,49,19,9,2,6,16,21,1,53,26,45,39,30,24,5,4,32,47,44,10,31,11,8,3,28,7,13,22,36,57,35,43,34,33,12,27,18,41,50,48,40,46,37,17
124;52;27,53,26,45,39,14,20,23,15,42,49,29,38,12,8,3,11,43,9,2,6,16,21,51,47,44,10,31,33,57,35,4,32,1,34,19,30,24,5,46,48,28,7,13,22,36,18,41,50,40,17,37
125;51;3,8,5,4,32,2,20,23,15,42,49,29,38,14,46,35,47,44,10,6,16,21,51,33,12,53,26,45,39,30,24,48,57,31,11,43,9,37,28,7,19,34,1,50,13,22,36,27,18,41,17
126;52;47,34,9,2,20,23,15,42,49,29,38,14,46,8,3,11,43,35,4,32,6,16,21,51,33,12,53,26,45,39,30,24,5,31,44,10,17,48,57,18,41,19,50,13,22,36,27,1,28,7,40,37
127;52;15,51,47,44,14,20,23,26,45,39,30,24,5,4,32,2,6,16,21,1,53,43,3,11,8,48,42,49,29,38,12,27,18,41,9,37,28,7,19,34,33,57,35,50,13,22,36,31,10,17,46,40
128;52;20,8,3,11,43,9,2,6,16,15,42,49,29,38,14,46,4,32,21,51,47,44,10,31,45,39,30,23,26,35,50,13,22,36,53,18,41,24,5,19,34,1,12,27,17,48,57,7,28,33,40,37
129;51;20,36,9,2,6,16,15,42,49,29,38,14,46,8,3,11,43,35,47,44,10,31,45,39,30,23,26,50,13,22,41,24,5,4,32,21,51,33,12,53,18,27,1,34,19,17,48,57,7,28,37
130;51;37,8,3,20,23,15,42,49,29,38,14,46,4,32,2,6,16,21,51,47,44,10,31,11,43,9,5,53,26,45,39,30,24,48,12,27,1,34,33,57,35,50,13,22,36,18,41,19,17,7,28
131;52;2,9,5,4,32,6,16,15,42,49,29,38,14,20,23,26,45,39,30,24,48,44,10,31,11,8,3,28,7,19,34,51,47,22,36,53,43,35,50,13,12,27,1,57,18,41,46,33,40,17,37,21
132;51;37,16,15,42,49,29,38,14,20,23,26,45,39,30,24,5,4,32,2,6,19,9,3,11,8,47,44,10,31,33,12,53,43,35,50,13,22,36,57,18,41,1,34,51,46,48,28,7,21,27,17
133;51;46,45,39,14,20,23,15,42,49,29,38,12,53,26,35,47,44,10,6,16,21,51,33,57,31,11,8,3,28,2,19,9,5,4,32,27,24,48,41,1,34,30,17,37,18,22,36,13,40,7,50
134;52;17,38,14,20,23,15,42,49,29,36,9,2,6,16,21,51,47,44,10,31,11,8,3,28,7,19,34,1,53,26,45,39,30,24,5,4,32,27,18,41,50,13,22,48,12,57,35,43,40,46,33,37
135;52;42,32,2,20,23,15,33,12,53,26,45,39,14,46,8,3,11,43,9,5,4,22,36,31,44,10,29,38,6,16,21,51,47,17,48,57,35,50,13,30,24,1,34,19,41,49,27,18,28,7,40,37
136;52;29,53,26,45,39,14,20,23,15,42,49,19,9,2,6,16,21,51,47,44,10,31,11,8,3,28,7,4,32,27,24,5,43,35,50,13,22,36,57,38,12,41,1,34,33,18,37,48,30,46,40,17
137;52;16,32,2,20,23,15,42,49,29,38,14,46,8,3,11,43,9,5,4,22,36,31,45,39,30,24,48,44,10,6,19,34,51,47,17,53,26,35,50,13,12,27,1,57,18,41,7,28,33,40,37,21
138;52;22,50,14,20,23,15,42,49,29,38,12,53,26,45,39,30,24,5,4,32,2,6,16,21,51,47,44,10,31,11,8,3,28,7,19,9,37,48,57,35,43,34,1,41,46,33,18,27,17,13,40,36
139;52;22,51,47,44,14,20,23,15,42,49,29,38,12,53,26,45,39,30,24,5,4,32,2,6,16,21,1,9,3,11,8,48,57,35,43,34,33,18,41,19,50,13,17,37,28,7,36,31,10,40,46,27
140;52;57,5,4,32,2,20,23,15,42,49,29,38,14,46,8,3,11,43,9,12,53,26,45,39,30,24,48,44,10,6,16,21,51,47,22,36,31,33,18,41,19,34,1,50,13,17,37,28,7,40,35,27
141;49;39,24,5,4,32,2,20,23,15,42,49,29,38,14,46,8,3,11,43,9,12,53,26,45,47,44,10,6,16,21,51,33,57,35,50,13,22,36,31,40,34,1,41,19,30,17,48,28,7
142;51;8,2,20,23,15,42,49,29,38,14,46,4,32,6,16,21,51,47,44,10,31,11,43,3,28,7,19,9,5,53,26,45,39,30,24,48,12,27,1,34,33,57,35,50,13,22,36,18,41,17,37
143;51;10,16,15,42,49,29,38,14,20,23,26,45,39,30,24,5,4,32,2,6,19,9,3,11,8,47,44,12,53,43,35,50,13,22,36,31,33,57,18,41,1,34,51,46,48,28,7,21,27,17,37
144;52;34,20,23,15,42,49,29,38,14,46,8,3,11,43,9,2,6,16,21,51,47,44,10,31,45,39,30,24,5,4,32,53,26,35,50,13,22,36,57,18,41,19,27,1,12,48,28,7,17,37,33,40
145;52;3,9,2,20,23,15,42,49,29,38,14,46,8,5,4,32,6,16,21,51,47,44,10,31,11,43,35,50,13,22,36,53,26,45,39,30,24,48,12,27,1,34,33,57,18,41,19,17,37,28,7,40
146;52;18,4,32,2,20,23,15,42,49,29,38,14,46,8,3,11,43,9,5,21,51,47,44,10,6,16,28,7,19,34,1,53,26,45,39,30,24,48,12,27,17,57,35,50,13,22,36,31,33,40,41,37
147;52;27,49,29,38,14,20,23,15,42,40,2,6,16,21,51,47,44,10,31,11,8,3,28,7,19,9,5,4,32,53,26,45,39,30,24,48,12,22,36,57,35,43,34,1,50,13,17,37,46,33,18,41
148;51;43,6,16,15,42,49,29,38,14,20,23,26,45,39,30,24,5,4,32,2,19,9,3,11,8,47,44,10,31,33,12,53,36,22,41,1,34,51,46,35,50,13,17,48,57,18,27,7,28,37,21
149;52;57,42,49,29,38,14,20,23,15,33,12,53,26,45,39,30,24,5,4,32,2,6,16,21,51,47,44,10,31,11,8,3,28,7,19,9,37,48,41,1,34,13,22,36,27,18,50,40,46,35,43,17
150;52;24,10,29,38,14,20,23,15,42,49,19,9,2,6,16,21,51,47,44,12,53,26,45,39,30,46,8,3,11,43,35,4,32,27,1,34,33,57,31,22,36,18,41,50,13,17,48,5,40,7,28,37
151;52;48,2,20,23,15,42,49,29,38,14,46,8,3,11,43,9,5,4,32,6,16,21,51,47,44,10,31,45,39,30,24,33,12,53,26,35,50,13,22,36,57,18,41,19,34,1,27,17,37,28,7,40
152;52;29,41,24,5,4,32,2,20,23,15,42,49,19,9,3,11,8,6,16,21,51,47,44,14,46,35,43,53,26,45,39,30,57,31,33,12,38,37,48,28,7,13,22,36,27,1,34,40,10,17,18,50
153;52;21,20,23,15,42,49,29,38,14,46,8,3,11,43,9,2,6,16,28,7,19,34,51,47,44,10,31,45,39,30,24,5,4,32,53,26,35,50,13,22,36,57,18,41,1,12,27,17,48,40,33,37
154;52;36,15,42,49,29,38,14,20,23,26,45,39,30,24,5,4,32,2,6,16,21,51,47,44,10,31,11,8,3,28,7,19,9,12,53,43,35,50,13,22,41,1,34,33,57,18,27,17,48,40,46,37
155;52;15,24,5,4,32,2,20,23,26,45,39,14,46,8,3,11,43,9,12,53,42,49,29,38,6,16,21,51,47,44,10,31,33,57,35,50,13,22,36,27,1,34,19,30,41,48,28,7,17,37,18,40
156;52;45,42,49,29,38,14,20,23,15,33,12,53,26,35,47,44,10,6,16,21,51,46,8,3,11,43,9,2,19,34,1,4,32,27,24,5,31,39,30,41,50,13,22,36,57,18,28,7,48,40,17,37
157;50;3,22,36,9,2,20,23,15,42,49,29,38,14,46,8,5,4,32,6,16,21,51,47,44,10,31,11,43,35,50,13,30,24,48,12,53,26,45,39,28,7,19,34,1,57,18,41,17,37,27
158;52;43,49,29,38,14,20,23,15,42,40,2,6,16,21,51,47,44,10,31,11,8,3,28,7,19,9,5,4,32,53,26,45,39,30,24,48,12,27,1,34,33,57,35,50,13,22,36,18,41,46,37,17
159;52;47,37,14,20,23,15,42,49,29,38,12,53,26,45,39,30,24,5,4,32,2,6,16,21,51,33,57,35,43,3,11,8,48,44,10,31,22,36,9,50,13,17,27,1,34,19,41,46,7,28,18,40
160;51;7,8,3,20,23,15,42,49,29,38,14,46,4,32,2,6,16,21,51,47,44,10,31,11,43,9,5,53,26,45,39,30,24,48,12,27,1,34,33,57,35,50,13,22,36,18,41,19,17,37,28
161;52;45,31,11,8,3,20,23,15,42,49,29,38,14,46,4,32,2,6,16,21,51,47,44,10,43,9,5,53,26,35,50,13,22,36,57,18,41,24,48,12,27,1,34,33,40,7,19,30,17,37,28,39
162;52;40,29,38,14,20,23,15,42,49,19,9,2,6,16,21,51,47,44,10,31,11,8,3,28,7,4,32,53,26,45,39,30,24,5,43,35,50,13,22,36,57,18,41,1,12,27,17,48,34,33,46,37
163;52;11,17,3,20,23,15,42,49,29,38,14,46,8,5,4,32,2,6,16,21,51,47,44,10,31,45,39,30,24,48,12,53,26,35,43,9,37,28,7,19,34,1,50,13,22,36,57,18,41,40,33,27
164;50;48,23,15,42,49,29,38,14,20,24,5,4,32,2,6,16,21,51,47,44,10,31,11,8,3,28,7,19,9,12,53,26,45,39,30,46,35,43,34,1,50,13,22,36,57,18,41,17,37,27
165;52;2,14,20,23,15,42,49,29,38,12,53,26,45,39,30,24,5,4,32,6,16,21,51,47,44,10,31,11,8,3,28,7,19,9,37,48,57,35,43,34,1,50,13,22,36,27,18,41,46,33,40,17
166;51;48,15,42,49,29,38,14,20,23,26,45,39,30,24,5,4,32,2,6,16,21,51,47,44,10,31,11,8,3,28,7,19,9,12,53,43,35,50,13,22,36,57,18,41,1,34,33,46,37,17,27
167;51;31,26,45,39,14,20,23,15,42,49,29,38,12,53,4,32,2,6,16,21,51,47,44,10,43,3,11,8,5,30,24,48,57,35,50,13,22,36,9,37,28,7,19,34,1,41,46,33,18,27,17
168;52;22,1,53,26,45,39,14,20,23,15,42,49,29,38,12,8,3,11,43,9,2,6,16,21,51,47,44,10,31,33,57,35,4,32,27,24,5,30,46,48,28,7,19,34,13,17,37,18,41,50,36,40
169;52;31,42,49,29,38,14,20,23,15,33,12,53,26,45,39,30,24,5,4,32,2,6,16,21,51,47,44,10,43,3,11,8,48,57,35,50,13,22,36,9,37,28,7,19,34,1,41,46,27,18,40,17
170;51;42,45,39,14,20,23,15,33,12,53,26,35,47,44,10,29,38,6,16,21,51,49,19,9,2,40,46,8,3,11,43,34,1,4,32,27,24,5,31,22,36,57,18,41,50,13,30,17,48,28,7
171;52;23,38,14,20,24,5,4,32,2,6,16,15,42,49,29,36,9,3,11,8,47,44,10,31,45,39,30,53,26,35,43,34,51,33,12,27,1,50,13,22,41,19,17,48,57,18,21,7,28,37,46,40
172;51;27,29,38,14,20,23,15,42,49,19,9,2,6,16,21,51,47,44,10,31,11,8,3,28,7,4,32,53,26,45,39,30,24,5,43,35,50,13,22,36,57,18,41,1,12,48,34,33,46,37,17
173;52;27,51,47,44,14,20,23,15,42,49,29,38,12,53,26,45,39,30,24,5,4,32,2,6,16,21,1,9,3,11,8,48,57,35,43,34,33,18,41,19,50,13,22,36,31,10,17,37,28,7,46,40
174;52;15,49,29,38,14,20,23,26,45,39,30,24,5,4,32,2,6,16,21,51,47,44,10,31,11,8,3,28,7,19,9,12,53,43,35,50,13,22,36,57,18,41,1,34,33,46,48,42,40,17,37,27
175;51;37,4,32,2,20,23,15,42,49,29,38,14,46,8,3,11,43,9,5,21,51,47,44,10,6,16,28,7,19,34,1,53,26,45,39,30,24,48,12,27,18,41,50,13,22,36,31,33,57,35,17
176;52;45,48,44,14,20,23,15,42,49,29,38,12,53,26,35,47,22,36,9,2,6,16,21,51,33,57,31,11,8,3,28,7,19,34,1,4,32,27,24,5,43,40,46,50,13,30,41,10,39,18,37,17
177;52;47,33,12,53,26,45,39,14,20,23,15,42,49,29,38,6,16,21,51,46,8,3,11,43,9,2,19,34,1,44,10,31,22,36,57,35,4,32,27,24,5,30,41,50,13,17,48,28,7,40,37,18
178;52;45,16,15,42,49,29,38,14,20,23,26,35,47,44,10,6,39,30,24,5,4,32,2,19,9,3,11,8,48,51,33,12,53,43,34,1,50,13,22,36,31,40,46,21,7,41,57,18,27,17,37,28
179;52;51,24,5,4,32,2,20,23,15,42,49,29,38,14,46,8,3,11,43,9,12,53,26,45,39,30,6,16,21,1,44,10,31,33,57,35,47,22,36,27,18,41,19,34,13,17,48,28,7,50,40,37
180;51;6,12,53,26,45,39,14,20,23,15,42,49,29,38,37,48,44,10,31,11,8,3,28,2,19,9,5,4,32,21,51,47,22,36,57,35,43,16,50,13,30,24,33,18,41,1,34,7,46,27,17
181;51;22,30,23,15,42,49,29,38,14,20,24,5,4,32,2,6,16,21,51,47,44,10,31,11,8,3,28,7,19,9,12,53,26,45,39,35,43,34,1,50,13,17,48,57,18,41,46,33,40,36,27
182;52;13,29,38,14,20,23,15,42,49,19,9,2,6,16,21,51,47,44,10,31,11,8,3,28,7,4,32,53,26,45,39,30,24,5,43,35,50,57,18,41,1,12,27,17,48,34,33,46,37,22,36,40
183;49;23,9,2,20,24,5,4,32,6,16,15,42,49,29,38,14,46,8,3,11,43,35,47,44,10,31,45,39,30,53,26,50,13,22,36,57,18,41,19,34,51,33,12,27,1,48,28,7,21
184;49;43,15,42,49,29,38,14,20,23,26,45,39,30,24,5,4,32,2,6,16,21,51,47,44,10,31,11,8,3,28,7,19,9,12,53,36,22,41,1,34,33,57,35,50,13,17,48,18,27
185;51;16,47,44,14,20,23,15,42,49,29,38,12,53,26,45,39,30,24,5,4,32,2,6,19,9,3,11,8,48,51,33,57,35,43,34,1,50,13,22,36,31,10,21,7,41,46,37,28,18,27,17
186;52;45,28,2,20,23,15,42,49,29,38,14,46,8,3,11,43,9,5,4,32,6,16,21,51,47,44,10,31,33,12,53,26,35,50,13,22,36,57,18,41,24,48,34,1,19,30,17,37,27,39,40,7
187;50;11,53,26,45,39,14,20,23,15,42,49,29,38,12,8,3,28,2,6,16,21,51,47,44,10,31,33,57,35,43,9,5,4,32,27,24,48,41,19,34,1,50,13,22,36,18,37,46,7,17
188;52;34,39,14,20,23,15,42,49,29,38,12,53,26,45,47,44,10,6,16,21,51,33,57,35,43,3,11,8,5,4,32,2,19,9,37,48,24,1,50,13,22,36,31,40,46,7,41,17,27,18,28,30
189;52;53,23,15,42,49,29,38,14,20,24,5,4,32,2,6,16,21,51,47,44,10,31,11,8,3,28,7,19,9,12,27,1,34,33,57,35,43,40,46,48,41,45,39,30,26,50,13,22,36,18,37,17
190;52;19,20,23,15,42,49,29,38,14,46,8,3,11,43,9,2,6,16,21,51,47,44,10,31,45,39,30,24,5,4,32,53,26,35,50,13,22,36,57,18,41,1,12,27,17,48,28,7,34,33,40,37
191;52;23,2,20,24,5,4,32,6,16,15,42,49,29,38,14,46,8,3,11,43,9,12,53,26,45,39,30,44,10,31,33,57,35,47,22,36,27,1,34,51,40,48,28,7,19,41,50,13,17,37,18,21
192;51;20,32,2,6,16,15,42,49,29,38,14,46,8,3,11,43,9,5,4,22,36,31,45,39,30,23,26,35,47,44,10,21,51,33,12,53,18,41,24,48,57,13,17,37,28,7,19,34,1,50,27
193;52;44,39,14,20,23,15,42,49,29,38,12,53,26,45,47,22,36,9,2,6,16,21,51,33,57,35,43,3,11,8,5,4,32,27,24,48,28,7,19,34,1,50,13,30,46,31,10,17,37,18,41,40
194;51;29,17,3,20,23,15,42,49,19,9,2,6,16,21,51,47,44,14,46,8,5,4,32,53,26,45,39,30,24,48,12,38,37,28,7,13,22,36,31,11,43,35,50,57,18,41,1,34,33,40,10
195;51;24,12,53,26,45,39,14,20,23,15,42,49,29,38,6,16,21,51,47,44,10,31,11,8,3,28,2,19,9,5,4,32,27,1,34,33,57,35,43,7,13,22,36,18,41,50,48,30,46,37,17
196;51;15,16,21,51,47,44,14,20,23,26,45,39,30,24,5,4,32,2,6,19,9,3,11,8,48,42,49,29,38,12,53,43,35,50,13,22,36,31,33,57,18,41,1,34,7,28,10,17,37,46,27
197;52;46,5,4,32,2,20,23,15,42,49,29,38,14,50,13,22,36,9,3,11,8,6,16,21,51,47,44,10,31,45,39,30,24,48,12,53,26,35,43,34,1,57,18,41,19,27,17,37,28,7,40,33
198;52;38,13,14,20,23,15,42,49,29,36,9,2,6,16,21,51,47,44,10,31,11,8,3,28,7,19,34,1,53,26,45,39,30,24,5,4,32,27,18,41,50,57,35,43,40,46,48,12,22,37,17,33
199;51;45,14,20,23,15,42,49,29,38,12,53,26,35,47,44,10,6,16,21,51,33,57,31,11,8,3,28,2,19,9,5,4,32,27,24,48,41,1,34,39,30,46,50,13,22,36,18,43,7,17,37
200;52;1,8,3,20,23,15,42,49,29,38,14,46,4,32,2,6,16,21,51,47,44,10,31,11,43,9,5,53,26,45,39,30,24,48,12,27,18,41,19,34,33,57,35,50,13,22,36,40,7,28,37,17
201;51;38,26,45,39,14,20,23,15,42,49,29,36,9,2,6,16,21,51,47,44,10,31,11,8,3,28,7,19,34,1,53,4,32,27,24,5,43,35,50,13,22,41,12,48,57,18,37,46,33,40,17
202;52;17,24,5,4,32,2,20,23,15,42,49,29,38,14,46,8,3,11,43,9,12,53,26,45,39,30,6,16,21,51,47,44,10,31,33,57,35,50,13,22,36,27,1,34,19,41,48,28,7,40,37,18
203;52;32,31,11,8,3,20,23,15,42,49,29,38,14,46,4,22,36,9,2,6,16,21,51,47,44,10,43,35,50,13,30,24,5,53,26,45,39,28,7,19,34,1,12,27,18,41,48,57,17,37,33,40
204;52;47,28,2,20,23,15,42,49,29,38,14,46,8,3,11,43,9,5,4,32,6,16,21,51,33,12,53,26,45,39,30,24,48,44,10,31,22,36,57,35,50,13,17,37,18,41,19,34,1,27,7,40
205;52;50,20,23,15,42,49,29,38,14,46,8,3,11,43,9,2,6,16,21,51,47,44,10,31,45,39,30,24,5,4,32,53,26,35,41,19,34,1,12,27,18,22,36,57,13,17,48,28,7,40,33,37
206;50;13,35,47,44,14,20,23,15,42,49,29,38,12,53,26,45,39,30,24,5,4,32,2,6,16,21,51,33,57,31,11,8,3,28,7,19,9,37,48,41,1,34,40,46,50,18,22,36,27,17
207;52;7,22,36,9,2,20,23,15,42,49,29,38,14,46,8,3,11,43,35,47,44,10,6,16,21,51,33,12,53,26,45,39,30,24,5,4,32,27,1,34,19,41,50,13,17,48,57,31,40,37,28,18
208;51;24,34,9,2,20,23,15,42,49,29,38,14,46,8,3,11,43,35,47,44,10,6,16,21,51,33,12,53,26,45,39,30,41,19,50,13,22,36,31,40,32,27,1,4,5,17,48,57,18,28,7
209;49;17,34,9,2,20,23,15,42,49,29,38,14,46,8,3,11,43,35,47,44,10,6,16,21,51,33,12,53,26,45,39,30,24,5,4,32,27,1,50,13,22,36,31,40,48,57,18,41,19
210;52;50,31,11,8,3,20,23,15,42,49,29,38,14,46,4,32,2,6,16,21,51,47,44,10,43,9,5,53,26,45,39,30,24,48,12,27,1,34,33,57,35,41,19,36,22,7,13,17,37,28,18,40
211;52;36,32,2,20,23,15,42,49,29,38,14,46,8,3,11,43,9,5,4,22,41,24,48,44,10,6,16,21,51,47,17,53,26,45,39,30,35,50,13,12,27,1,34,33,57,31,40,7,19,18,28,37
212;52;22,20,23,15,42,49,29,38,14,46,8,3,11,43,9,2,6,16,21,51,47,44,10,31,45,39,30,24,5,4,32,53,26,35,50,13,12,27,1,34,33,57,18,41,19,36,40,48,28,7,17,37
213;52;57,9,2,20,23,15,42,49,29,38,14,46,8,3,11,43,35,47,44,10,6,16,21,51,33,12,53,26,45,39,30,24,5,4,32,27,1,34,19,41,50,13,22,36,31,40,48,28,7,17,37,18
214;52;48,31,11,8,3,20,23,15,42,49,29,38,14,46,4,32,2,6,16,21,51,47,44,10,43,9,5,53,26,45,39,30,24,33,12,27,1,34,19,41,50,13,22,36,57,35,7,28,37,18,40,17
215;51;46,51,47,44,14,20,23,15,42,49,29,38,12,53,26,45,39,30,24,5,4,32,2,6,16,21,1,9,3,11,8,48,57,35,43,34,33,18,41,19,50,13,22,36,31,10,17,37,28,7,40
216;52;50,3,20,23,15,42,49,29,38,14,46,8,5,4,32,2,6,16,21,51,47,44,10,31,11,43,9,12,53,26,45,39,30,24,48,57,35,41,19,34,1,33,18,22,36,27,17,37,28,7,13,40
217;52;16,27,44,14,20,23,15,42,49,29,38,12,53,26,45,39,30,24,5,4,32,2,6,19,9,3,11,8,47,22,36,31,33,57,35,43,34,51,46,48,28,7,13,17,37,10,21,1,50,18,41,40
218;51;23,27,44,14,20,24,5,4,32,2,6,16,15,42,49,29,38,12,53,26,45,39,30,46,8,3,11,43,9,37,48,51,47,22,36,31,33,57,35,50,13,17,34,1,41,19,21,7,28,10,40
219;52;23,36,9,2,20,24,5,4,32,6,16,15,42,49,29,38,14,46,8,3,11,43,35,47,44,10,31,45,39,30,53,26,50,13,22,41,19,34,51,33,12,27,1,57,18,21,7,28,37,48,40,17
220;52;57,44,14,20,23,15,42,49,29,38,12,53,26,45,39,30,24,5,4,32,2,6,16,21,51,47,22,36,9,3,11,8,48,28,7,19,34,1,50,13,17,37,46,35,43,40,10,31,33,18,41,27
221;52;24,36,9,2,20,23,15,42,49,29,38,14,46,8,3,11,43,35,47,44,10,6,16,21,51,33,12,53,26,45,39,30,41,19,34,1,4,32,27,18,22,48,5,31,40,7,13,17,57,28,37,50
222;52;51,11,8,3,20,23,15,42,49,29,38,14,46,4,32,2,6,16,21,1,53,26,45,39,30,24,5,43,9,12,27,44,10,31,33,57,35,47,22,36,18,41,19,34,13,17,48,28,7,50,40,37
223;52;50,47,44,14,20,23,15,42,49,29,38,12,53,26,45,39,30,24,5,4,32,2,6,16,21,51,33,57,35,43,3,11,8,48,28,7,19,9,37,46,31,10,17,27,1,34,13,22,36,18,41,40
224;50;16,42,49,29,38,14,20,23,15,33,12,53,26,45,39,30,24,5,4,32,2,6,19,9,3,11,8,47,44,10,31,22,36,57,35,43,34,51,46,48,28,7,13,17,37,18,41,1,50,27
225;51;13,15,42,49,29,38,14,20,23,26,45,39,30,24,5,4,32,2,6,16,21,51,47,44,10,31,11,8,3,28,7,19,9,12,53,43,35,50,57,18,41,1,34,33,46,48,36,22,37,17,27
226;51;39,38,14,20,23,15,42,49,29,36,9,2,6,16,21,51,47,44,10,31,11,8,3,28,7,19,34,1,53,26,45,18,41,24,5,4,32,27,17,48,12,22,50,13,30,46,35,43,40,33,57
227;52;42,13,14,20,23,15,33,12,53,26,45,39,30,24,5,4,32,2,6,16,21,51,47,44,10,29,38,37,48,57,35,43,3,11,8,28,7,19,9,50,31,22,36,27,1,34,40,46,49,17,18,41
228;51;11,23,15,42,49,29,38,14,20,24,5,4,32,2,6,16,21,51,47,44,10,31,45,39,30,53,26,35,43,3,28,7,19,9,12,8,48,57,18,41,1,34,33,46,50,13,22,36,27,17,37
229;51;41,8,3,20,23,15,42,49,29,38,14,46,4,32,2,6,16,21,51,47,44,10,31,11,43,9,5,53,26,45,39,30,24,48,12,27,1,34,33,57,35,50,13,22,36,18,28,7,19,17,37
230;51;20,43,3,11,8,5,4,32,2,6,16,15,42,49,29,38,14,46,35,47,44,10,31,45,39,30,23,26,50,13,22,36,9,12,53,18,41,24,48,51,33,57,34,1,19,27,17,37,28,7,21
231;52;22,29,38,14,20,23,15,42,49,19,9,2,6,16,21,51,47,44,10,31,11,8,3,28,7,4,32,53,26,45,39,30,24,5,43,35,50,13,12,27,1,34,33,57,18,41,48,36,40,46,37,17
232;52;34,21,51,47,44,14,20,23,15,42,49,29,38,12,53,26,45,39,30,24,5,4,32,2,6,16,28,7,19,9,3,11,8,48,57,35,43,40,46,31,33,18,41,1,50,13,22,36,27,17,37,10
233;52;39,51,47,44,14,20,23,15,42,49,29,38,12,53,26,45,9,2,6,16,21,1,34,33,57,35,43,3,11,8,5,4,32,27,24,48,28,7,19,30,46,31,10,17,37,18,41,50,13,22,36,40
234;51;51,36,9,2,20,23,15,42,49,29,38,14,46,8,3,11,43,35,47,44,10,6,16,21,1,53,26,45,39,30,24,5,4,32,27,18,41,19,34,33,12,22,48,57,31,40,7,13,17,37,28
235;52;6,4,32,2,20,23,15,42,49,29,38,14,46,8,3,11,43,9,5,21,51,47,44,10,31,45,39,30,24,48,16,28,7,19,34,1,53,26,35,50,13,22,36,57,18,41,12,27,17,37,33,40
236;51;32,14,20,23,15,42,49,29,38,12,53,26,45,39,30,24,5,4,22,36,9,2,6,16,21,51,47,44,10,31,11,8,3,28,7,19,34,1,50,13,17,48,57,35,43,40,46,33,18,41,27
237;52;48,8,3,20,23,15,42,49,29,38,14,46,4,32,2,6,16,21,51,47,44,10,31,11,43,9,5,53,26,45,39,30,24,33,12,27,1,34,19,41,50,13,22,36,57,35,7,28,37,18,40,17
238;51;26,42,49,29,38,14,20,23,15,33,12,53,4,32,2,6,16,21,51,47,44,10,31,11,8,3,28,7,19,9,5,43,35,50,13,22,36,57,18,41,24,48,34,1,46,45,39,30,17,37,27
239;52;9,26,45,39,14,20,23,15,42,49,29,38,12,53,4,32,2,6,16,21,51,47,44,10,31,11,8,3,28,7,19,34,1,50,13,22,36,57,35,43,40,46,48,5,30,24,33,18,41,17,37,27
240;52;21,11,8,3,20,23,15,42,49,29,38,14,46,4,32,2,6,16,28,7,19,9,5,43,35,47,44,10,31,45,39,30,24,48,51,33,12,53,26,50,13,22,36,57,18,41,1,34,40,17,37,27
241;52;9,1,53,26,45,39,14,20,23,15,42,49,29,38,12,8,3,11,43,35,47,44,10,6,16,21,51,33,57,31,22,36,27,24,5,4,32,2,19,34,30,46,48,28,7,13,17,37,18,41,50,40
242;52;7,26,45,39,14,20,23,15,42,49,29,38,12,53,4,32,2,6,16,21,51,47,44,10,31,11,8,3,28,41,24,5,43,9,37,48,57,35,50,13,22,36,27,1,34,33,18,19,30,46,40,17
243;51;15,48,44,14,20,23,26,45,39,30,24,5,4,32,2,6,16,21,51,47,22,36,9,3,11,8,35,43,49,29,38,12,53,42,40,46,31,33,57,18,41,19,34,1,50,13,17,37,28,7,10
244;52;38,50,14,20,23,15,42,49,29,36,9,2,6,16,21,51,47,44,10,31,11,8,3,28,7,19,34,1,53,26,45,39,30,24,5,4,32,27,18,41,12,22,48,57,35,43,40,46,33,37,17,13
245;52;51,23,15,42,49,29,38,14,20,24,5,4,32,2,6,16,21,1,53,26,45,39,30,46,8,3,11,43,9,12,27,44,10,31,33,57,35,47,22,36,18,41,19,34,13,17,48,28,7,50,40,37
246;49;45,51,47,44,14,20,23,15,42,49,29,38,12,53,26,35,43,3,11,8,5,4,32,2,6,16,21,1,9,37,48,57,31,33,18,41,24,10,39,30,46,50,13,22,36,27,17,34,19
247;50;14,53,26,45,39,30,23,15,42,49,29,38,12,8,3,20,24,5,4,32,2,6,16,21,51,47,44,10,31,11,43,9,37,48,57,35,50,13,22,36,27,1,34,33,18,41,19,17,7,28
248;52;23,20,24,5,4,32,2,6,16,15,42,49,29,38,14,46,8,3,11,43,9,12,53,26,45,39,30,44,10,31,33,57,35,47,22,36,27,1,34,51,40,48,28,7,19,41,50,13,17,37,18,21
249;51;3,12,53,26,45,39,14,20,23,15,42,49,29,38,6,16,21,51,47,44,10,31,11,8,5,4,32,2,19,9,37,48,57,35,43,34,1,50,13,22,36,27,24,33,18,41,46,7,28,30,17
250;52;45,43,3,20,23,15,42,49,29,38,14,46,8,5,4,32,2,6,16,21,51,47,44,10,31,11,30,24,48,12,53,26,35,50,13,22,36,9,37,28,7,19,34,1,57,18,41,39,33,40,17,27
251;52;3,33,12,53,26,45,39,14,20,23,15,42,49,29,38,6,16,21,51,47,44,10,31,11,8,5,4,32,2,19,9,37,48,57,35,43,34,1,50,13,22,36,27,24,7,41,46,40,17,18,28,30
252;52;16,48,44,14,20,23,15,42,49,29,38,12,53,26,45,39,30,24,5,4,32,2,6,19,9,3,11,8,47,22,36,31,33,57,35,43,34,51,46,50,13,17,37,28,7,41,1,27,18,21,10,40
253;51;38,19,23,15,42,49,29,36,9,2,20,24,5,4,32,6,16,21,51,47,44,14,46,8,3,11,43,35,50,13,22,41,45,39,30,53,26,1,12,27,18,57,31,33,40,34,7,28,10,17,48
254;50;21,30,23,15,42,49,29,38,14,20,24,5,4,32,2,6,16,28,7,19,9,3,11,8,47,44,10,31,45,39,35,43,53,26,50,13,22,36,57,18,41,1,12,27,17,48,51,33,46,37
255;52;20,1,53,26,45,39,14,46,8,3,11,43,9,2,6,16,15,42,49,29,38,12,27,44,10,31,33,57,35,47,22,36,32,21,51,40,34,19,23,7,4,5,30,24,48,28,41,50,13,17,37,18
256;52;49,42,40,2,20,23,15,33,12,53,26,45,39,14,46,8,3,11,43,9,5,4,32,6,16,21,51,47,44,10,29,38,37,48,57,35,50,13,22,36,31,17,27,24,1,34,19,30,41,18,28,7
257;52;29,33,12,53,26,45,39,14,20,23,15,42,49,19,9,2,6,16,21,51,47,44,10,31,11,8,3,28,7,4,32,27,24,5,43,35,50,13,22,36,57,38,37,48,41,1,34,30,46,40,17,18
258;52;35,10,29,38,14,20,23,15,42,49,19,9,2,6,16,21,51,47,44,12,53,26,45,39,30,24,5,4,32,27,1,34,33,57,31,11,8,3,28,7,13,22,36,18,41,50,48,43,40,46,37,17
259;51;53,20,23,15,42,49,29,38,14,46,8,3,11,43,9,2,6,16,21,51,47,44,10,31,45,39,30,24,5,4,32,27,1,12,22,36,57,35,50,13,17,48,28,7,19,34,33,18,41,26,37
260;52;48,26,45,39,14,20,23,15,42,49,29,38,12,53,4,32,2,6,16,21,51,47,44,10,31,11,8,3,28,7,19,9,5,43,35,50,13,22,36,57,18,41,24,33,46,37,17,27,1,34,30,40
261;52;42,18,2,20,23,15,33,12,53,26,45,39,14,46,8,3,11,43,9,5,4,32,6,16,21,51,47,44,10,29,38,37,48,57,35,50,13,22,36,31,40,34,1,41,24,7,19,30,17,27,49,28
262;51;49,12,53,26,45,39,14,20,23,15,42,40,2,6,16,21,51,47,44,10,29,38,37,48,5,4,32,27,24,33,57,35,43,3,11,8,28,7,19,9,50,13,22,36,31,17,34,1,41,46,30
263;52;35,24,5,4,32,2,20,23,15,42,49,29,38,14,46,8,3,11,43,9,12,53,26,45,39,30,6,16,21,51,47,44,10,31,33,57,18,41,19,34,1,50,13,22,36,27,17,48,28,7,40,37
264;52;38,30,23,15,42,49,29,36,9,2,20,24,5,4,32,6,16,21,51,47,44,14,46,8,3,11,43,35,50,13,22,41,45,39,28,7,19,34,1,53,26,37,48,12,27,18,57,31,33,40,10,17
265;52;14,23,15,42,49,29,38,12,53,26,45,39,30,24,5,4,32,2,20,11,8,3,28,7,19,9,37,48,44,10,6,16,21,51,47,22,36,31,33,57,35,43,34,1,50,13,17,27,18,41,46,40
266;52;23,24,5,4,32,2,20,11,8,3,28,7,19,9,12,53,26,45,39,14,46,35,47,44,10,29,38,6,16,15,42,49,57,31,33,18,41,1,34,51,40,48,43,17,37,21,30,13,22,36,27,50
267;52;33,9,2,20,23,15,42,49,29,38,14,46,8,3,11,43,35,47,44,10,6,16,21,51,40,26,45,39,30,24,5,4,32,53,36,31,22,41,19,34,1,12,27,18,50,13,17,48,57,7,28,37
268;52;6,3,20,23,15,42,49,29,38,14,46,8,5,4,32,2,19,9,12,53,26,45,39,30,24,48,44,10,31,11,43,35,47,22,36,57,18,41,1,34,51,33,40,7,13,17,37,28,27,16,21,50
269;52;8,44,14,20,23,15,42,49,29,38,12,53,26,45,39,30,24,5,4,32,2,6,16,21,51,47,22,36,9,3,11,43,35,50,13,17,48,57,31,33,18,41,19,34,1,46,7,28,10,40,37,27
270;51;15,36,9,2,20,23,26,45,39,14,46,8,3,11,43,35,47,44,10,29,38,12,53,4,32,6,16,21,51,49,19,34,1,50,13,22,41,24,5,31,33,57,18,27,17,48,42,40,7,28,37
271;52;15,14,20,23,26,45,39,30,24,5,4,32,2,6,16,21,51,47,44,10,29,38,12,53,43,3,11,8,48,42,49,19,9,37,28,7,13,22,36,31,33,57,35,50,18,41,1,34,40,46,27,17
272;52;4,41,24,5,43,3,20,23,15,42,49,29,38,14,46,8,6,16,21,51,47,44,10,31,11,30,53,26,45,39,35,50,13,22,36,9,2,19,34,1,12,27,18,32,17,48,57,7,28,33,40,37
273;52;47,15,42,49,29,38,14,20,23,26,45,39,30,24,5,4,32,2,6,16,21,51,33,12,53,43,3,11,8,48,44,10,31,22,36,9,37,28,7,19,34,1,50,13,17,57,35,41,46,27,18,40
274;51;4,29,38,14,20,23,15,42,49,19,9,2,6,16,21,51,47,44,10,31,11,8,3,28,7,13,22,36,53,26,45,39,30,24,5,43,35,50,57,18,41,1,12,27,17,48,32,34,33,46,37
275;52;36,49,29,38,14,20,23,15,42,40,2,6,16,21,51,47,44,10,31,11,8,3,28,7,19,9,5,4,32,53,26,45,39,30,24,48,12,27,1,34,33,57,35,43,17,37,46,50,13,22,41,18
276;49;14,6,16,15,42,49,29,38,12,53,26,45,39,30,23,3,20,24,5,4,32,2,19,9,37,48,44,10,31,11,8,47,22,36,57,35,43,34,51,33,18,41,1,50,13,17,27,7,28
277;52;22,49,29,38,14,20,23,15,42,40,2,6,16,21,51,47,44,10,31,11,8,3,28,7,19,9,5,4,32,53,26,45,39,30,24,48,12,27,1,34,33,57,35,43,17,37,46,50,13,18,41,36
278;52;15,47,44,14,20,23,26,45,39,30,24,5,4,32,2,6,16,21,51,49,29,38,12,53,43,3,11,8,48,42,40,46,35,50,13,22,36,9,37,28,7,19,34,1,57,31,33,18,41,10,17,27
279;52;46,24,5,4,32,2,20,23,15,42,49,29,38,14,50,13,22,36,9,3,11,8,6,16,21,51,47,44,10,31,45,39,30,53,26,35,43,34,1,12,27,18,41,19,17,48,57,7,28,33,40,37
280;52;50,8,3,20,23,15,42,49,29,38,14,46,4,32,2,6,16,21,51,47,44,10,31,11,43,9,5,53,26,45,39,30,24,48,12,27,1,34,33,57,35,41,19,36,22,7,13,17,37,28,18,40
281;49;22,12,53,26,45,39,14,20,23,15,42,49,29,38,6,16,21,51,47,44,10,31,11,8,3,28,2,19,9,5,4,32,27,24,48,57,35,43,34,1,50,13,30,46,33,18,41,17,37
282;52;11,10,29,38,14,20,23,15,42,49,19,9,2,6,16,21,51,47,44,12,53,26,45,39,30,24,5,4,32,27,1,34,33,57,35,43,3,28,7,13,22,36,31,40,46,8,48,41,50,18,37,17
283;52;46,53,26,45,39,14,20,23,15,42,49,29,38,12,8,3,11,43,9,2,6,16,21,51,47,44,10,31,33,57,35,4,32,27,24,5,30,41,19,34,1,50,13,22,36,18,28,7,48,40,17,37
284;51;38,46,8,3,20,23,15,42,49,29,36,9,2,6,16,21,51,47,44,14,50,13,22,41,24,5,4,32,53,26,45,39,30,35,43,34,1,12,27,18,11,17,48,57,31,33,40,10,28,7,19
285;52;14,7,19,23,15,42,49,29,38,12,53,26,45,39,30,24,5,4,32,2,20,11,8,3,28,41,9,37,48,44,10,6,16,21,51,47,22,36,31,33,57,35,43,34,1,50,13,17,27,18,40,46
286;52;29,4,32,2,20,23,15,42,49,19,9,5,43,3,11,8,6,16,21,51,47,44,14,46,35,50,13,22,36,31,45,39,30,24,48,12,53,26,1,34,33,57,38,37,28,7,41,10,17,27,18,40
287;51;13,19,23,15,42,49,29,38,14,20,24,5,4,32,2,6,16,21,51,47,44,10,31,11,8,3,28,7,45,39,30,53,26,35,43,9,12,27,1,34,33,57,18,41,50,48,36,22,46,37,17
288;49;14,16,15,42,49,29,38,12,53,26,45,39,30,23,3,20,24,5,4,32,2,6,19,9,37,48,44,10,31,11,8,47,22,36,57,35,43,34,51,33,18,41,1,50,13,17,27,7,28
289;52;13,44,14,20,23,15,42,49,29,38,12,53,26,45,39,30,24,5,4,32,2,6,16,21,51,47,22,36,9,3,11,8,48,57,35,43,34,1,50,31,33,18,41,19,27,17,37,28,7,46,10,40
290;52;19,24,5,4,32,2,20,23,15,42,49,29,38,14,46,8,3,11,43,9,12,53,26,45,39,30,6,16,21,51,47,44,10,31,33,57,35,50,13,22,36,27,1,34,7,41,48,28,37,18,40,17
291;52;38,35,47,44,14,20,23,15,42,49,29,36,9,2,6,16,21,51,33,12,53,26,45,39,30,24,5,4,32,27,1,34,11,8,3,28,7,19,41,50,13,22,48,57,31,10,43,40,46,37,18,17
292;52;1,3,20,23,15,42,49,29,38,14,46,8,5,4,32,2,6,16,21,51,47,44,10,31,11,43,9,12,53,26,45,39,30,24,48,57,35,50,13,22,36,27,18,41,19,34,33,40,7,28,37,17
293;52;24,31,11,8,3,20,23,15,42,49,29,38,14,46,4,32,2,6,16,21,51,47,44,10,43,9,5,53,26,45,39,30,41,19,34,1,12,27,18,22,36,57,35,50,13,17,48,28,7,40,33,37
294;52;53,38,14,20,23,15,42,49,29,36,9,2,6,16,21,51,47,44,10,31,11,8,3,28,7,19,34,1,12,27,24,5,4,32,43,35,50,13,22,41,45,39,30,46,48,57,18,26,37,17,33,40
295;49;8,23,15,42,49,29,38,14,20,24,5,4,32,2,6,16,21,51,47,44,10,31,11,43,3,28,7,19,9,12,53,26,45,39,30,46,35,50,13,22,36,57,18,41,1,34,33,40,48
296;52;29,48,44,14,20,23,15,42,49,19,9,2,6,16,21,51,47,22,36,31,11,8,3,28,7,4,32,53,26,45,39,30,24,5,43,35,50,13,38,12,27,1,34,33,57,18,41,10,17,37,46,40
297;52;2,31,11,8,3,20,23,15,42,49,29,38,14,46,4,32,6,16,21,51,47,44,10,43,9,5,53,26,45,39,30,24,48,12,27,1,34,33,57,35,50,13,22,36,18,41,19,17,37,28,7,40
298;52;50,22,36,9,2,20,23,15,42,49,29,38,14,46,8,3,11,43,35,47,44,10,6,16,21,51,33,12,53,26,45,39,30,24,5,4,32,27,1,34,19,41,48,57,31,40,7,13,17,37,28,18
299;52;44,35,47,22,36,9,2,20,23,15,42,49,29,38,14,46,8,3,11,43,6,16,21,51,33,12,53,26,45,39,30,24,5,4,32,27,1,34,19,41,50,13,17,48,57,31,10,40,7,28,37,18
300;52;19,6,16,15,42,49,29,38,14,20,23,26,45,39,30,24,5,4,32,2,40,46,8,3,11,43,9,12,53,36,31,44,10,47,22,41,1,34,51,33,57,35,50,13,17,48,28,7,21,27,18,37
301;51;18,15,42,49,29,38,14,20,23,26,45,39,30,24,5,4,32,2,6,16,21,51,47,44,10,31,11,8,3,28,7,19,9,12,53,43,35,50,13,22,36,57,48,41,1,34,33,46,37,17,27
302;52;19,2,20,23,15,42,49,29,38,14,46,8,3,11,43,9,5,4,32,6,16,21,51,47,44,10,31,45,39,30,24,48,12,53,26,35,50,13,22,36,57,18,41,1,34,33,40,7,28,37,17,27
303;52;12,23,15,42,49,29,38,14,20,24,5,4,32,2,6,16,21,51,47,44,10,31,11,8,3,28,7,19,9,37,26,45,39,30,53,43,35,50,13,22,36,57,18,41,1,34,33,46,48,40,17,27
304;51;18,44,14,20,23,15,42,49,29,38,12,53,26,45,39,30,24,5,4,32,2,6,16,21,51,47,22,36,9,3,11,8,48,57,35,43,34,1,50,13,17,37,28,7,19,41,10,31,33,46,27
305;52;2,27,44,14,20,23,15,42,49,29,38,12,53,26,45,39,30,24,5,4,32,6,16,21,51,47,22,36,9,3,11,8,48,57,35,43,34,1,50,13,17,37,28,7,19,41,10,31,33,18,40,46
306;52;27,31,11,8,3,20,23,15,42,49,29,38,14,46,4,32,2,6,16,21,51,47,44,10,43,9,5,53,26,45,39,30,24,48,12,22,36,57,35,50,13,17,37,28,7,19,34,1,41,18,40,33
307;52;39,1,53,26,45,47,44,14,20,23,15,42,49,29,38,12,8,3,11,43,9,2,6,16,21,51,33,57,35,4,32,27,24,5,31,10,17,48,28,7,19,34,30,46,50,13,22,36,18,41,40,37
308;52;47,42,49,29,38,14,20,23,15,33,12,53,26,45,39,30,24,5,4,32,2,6,16,21,51,46,8,3,11,43,9,37,48,44,10,31,22,36,57,35,50,13,17,27,1,34,19,41,18,28,7,40
309;52;13,7,19,23,15,42,49,29,38,14,20,24,5,4,32,2,6,16,21,51,47,44,10,31,11,8,3,28,12,53,26,45,39,30,46,35,43,9,37,48,57,18,41,1,34,33,40,17,27,22,36,50
310;51;51,42,49,29,38,14,20,23,15,33,12,53,26,45,39,30,24,5,4,32,2,6,16,21,1,9,3,11,8,47,44,10,31,22,36,57,35,43,34,19,41,50,13,17,48,28,7,46,37,18,27
311;52;44,48,5,4,32,2,20,23,15,42,49,29,38,14,46,8,3,11,43,9,12,53,26,45,39,30,24,33,57,35,47,22,36,31,10,6,16,21,51,40,34,1,50,13,17,37,28,7,19,41,18,27
312;52;15,46,8,3,20,23,26,45,39,14,50,13,22,36,9,2,6,16,21,51,47,44,10,29,38,12,53,4,32,27,24,5,43,35,41,19,34,1,57,31,11,30,17,48,42,49,18,28,7,40,33,37
313;50;23,31,11,8,3,20,24,5,4,32,2,6,16,15,42,49,29,38,14,46,35,47,44,10,43,9,12,53,26,45,39,30,41,19,34,51,33,57,18,22,36,27,1,50,13,17,48,28,7,21
314;52;57,36,9,2,20,23,15,42,49,29,38,14,46,8,3,11,43,35,47,44,10,6,16,21,51,33,12,53,26,45,39,30,24,5,4,32,27,1,34,19,41,50,13,22,48,28,7,31,40,17,37,18
315;52;51,39,14,20,23,15,42,49,29,38,12,53,26,45,47,44,10,6,16,21,2,19,9,5,4,32,27,24,48,57,35,43,3,11,8,28,7,13,22,36,31,33,18,41,1,34,30,46,50,40,17,37
316;52;38,2,20,23,15,42,49,29,36,9,5,4,32,6,16,21,51,47,44,14,46,8,3,11,43,35,50,13,22,41,24,48,12,53,26,45,39,30,57,31,33,18,27,1,34,19,17,37,28,7,40,10
317;52;38,34,9,2,20,23,15,42,49,29,36,31,11,8,3,28,7,19,30,24,5,4,32,6,16,21,51,47,44,14,46,35,43,53,26,45,39,1,12,27,18,41,50,13,22,48,57,10,17,37,33,40
318;51;4,7,19,23,15,42,49,29,38,14,20,24,5,43,3,11,8,6,16,21,51,47,44,10,31,45,39,30,53,26,35,50,13,22,36,9,2,40,46,48,12,27,1,34,33,57,18,41,17,37,28
319;52;22,47,44,14,20,23,15,42,49,29,38,12,53,26,45,39,30,24,5,4,32,2,6,16,21,51,33,57,35,43,3,11,8,48,28,7,19,9,37,46,31,10,17,27,1,34,13,40,36,18,41,50
320;51;16,44,14,20,23,15,42,49,29,38,12,53,26,45,39,30,24,5,4,32,2,6,19,9,3,11,8,47,22,36,31,33,57,35,43,34,51,46,48,28,7,13,17,37,10,21,1,50,18,41,40
321;51;2,23,15,42,49,29,38,14,20,24,5,4,32,6,16,21,51,47,44,10,31,11,8,3,28,7,19,9,12,53,26,45,39,30,46,35,43,34,1,50,13,22,36,57,18,41,48,40,17,37,27
322;52;29,47,44,14,20,23,15,42,49,19,9,2,6,16,21,51,33,12,53,26,45,39,30,24,5,4,32,27,1,34,11,8,3,28,7,13,22,36,31,10,43,35,50,57,38,37,48,41,46,40,17,18
323;52;46,23,15,42,49,29,38,14,20,24,5,4,32,2,6,16,21,51,47,44,10,31,11,8,3,28,7,19,9,12,53,26,45,39,30,41,1,34,33,57,35,43,40,48,36,22,50,13,17,37,18,27
324;52;13,42,49,29,38,14,20,23,15,33,12,53,26,45,39,30,24,5,4,32,2,6,16,21,51,47,44,10,31,11,8,3,28,7,19,9,37,48,57,35,43,34,1,50,18,41,46,27,17,22,36,40
325;51;41,42,49,29,38,14,20,23,15,33,12,53,26,45,39,30,24,5,4,32,2,6,16,21,51,47,44,10,31,11,8,3,28,7,19,9,37,48,57,35,43,34,1,50,13,22,36,27,18,40,46
326;52;43,47,44,14,20,23,15,42,49,29,38,12,53,26,45,39,30,24,5,4,32,2,6,16,21,51,33,57,35,50,13,22,36,9,3,11,8,48,28,7,19,34,1,41,10,31,40,46,37,18,27,17
327;51;46,42,49,29,38,14,20,23,15,33,12,53,26,45,39,30,24,5,4,32,2,6,16,21,51,47,44,10,31,11,8,3,28,7,19,9,37,48,57,35,43,34,1,50,13,22,36,27,18,41,17
328;52;44,27,24,5,4,32,2,20,23,15,42,49,29,38,14,46,8,3,11,43,9,12,53,26,45,39,30,6,16,21,51,47,22,36,31,33,57,35,50,13,17,48,28,7,19,34,1,41,10,40,37,18
329;52;24,50,14,20,23,15,42,49,29,38,12,53,26,45,39,30,6,16,21,51,47,44,10,31,11,8,3,28,2,19,9,5,4,32,27,1,34,33,57,35,43,7,13,22,36,18,41,48,40,46,37,17
330;52;42,50,14,20,23,15,33,12,53,26,45,39,30,24,5,4,32,2,6,16,21,51,47,44,10,29,38,37,48,57,35,43,3,11,8,28,7,19,9,1,34,13,22,36,31,40,46,49,17,27,18,41
331;50;51,48,44,14,20,23,15,42,49,29,38,12,53,26,45,39,30,24,5,4,32,2,6,16,21,1,9,3,11,8,47,22,36,31,33,57,35,43,34,19,41,50,13,17,37,28,7,46,10,40
332;52;45,34,9,2,20,23,15,42,49,29,38,14,46,8,3,11,43,35,47,44,10,6,16,21,51,33,12,53,26,50,13,22,36,31,39,30,24,5,4,32,27,1,57,18,41,19,17,48,28,7,40,37
333;52;37,29,38,14,20,23,15,42,49,19,9,2,6,16,21,51,47,44,10,31,11,8,3,28,7,4,32,53,26,45,39,30,24,5,43,35,50,13,22,36,57,18,41,1,12,27,17,48,34,33,46,40
334;51;2,5,4,32,6,16,15,42,49,29,38,14,20,23,26,45,39,30,24,48,44,10,31,11,8,3,28,7,19,9,12,53,43,35,47,22,36,57,18,41,1,34,51,33,46,50,13,17,37,21,27
335;52;36,11,8,3,20,23,15,42,49,29,38,14,46,4,32,2,6,16,21,51,47,44,10,31,45,39,30,24,5,43,9,12,53,26,35,50,13,22,41,19,34,1,57,18,27,17,48,28,7,40,33,37
336;51;35,44,14,20,23,15,42,49,29,38,12,53,26,45,39,30,24,5,4,32,2,6,16,21,51,47,22,36,9,3,11,8,48,57,31,33,18,41,19,34,1,50,13,17,37,28,7,46,43,40,10
337;52;51,53,26,45,39,14,20,23,15,42,49,29,38,12,8,3,11,43,9,2,6,16,21,1,44,10,31,33,57,35,47,22,36,27,24,5,4,32,17,48,28,7,19,34,30,46,50,13,40,41,18,37
338;52;53,21,51,47,44,14,20,23,15,42,49,29,38,12,8,3,11,43,9,2,6,16,28,7,19,34,1,4,32,27,24,5,31,45,39,30,46,35,50,13,22,36,57,18,41,10,17,48,26,37,33,40
339;52;51,3,20,23,15,42,49,29,38,14,46,8,5,4,32,2,6,16,21,1,53,26,45,39,30,24,48,44,10,31,11,43,9,12,27,18,41,19,34,33,57,35,47,22,36,13,17,37,28,7,50,40
340;51;19,51,47,44,14,20,23,15,42,49,29,38,12,53,26,45,39,30,24,5,4,32,2,6,16,21,1,9,3,11,8,48,57,35,43,34,33,18,41,50,13,22,36,31,10,17,37,28,7,46,27
341;52;14,10,29,38,12,53,26,45,39,30,23,15,42,49,19,9,2,20,24,5,4,32,6,16,21,51,47,44,35,43,3,11,8,48,57,31,33,18,41,1,34,13,22,36,27,17,37,28,7,50,40,46
342;51;42,51,47,44,14,20,23,15,33,12,53,26,45,39,30,24,5,4,32,2,6,16,21,1,9,3,11,8,48,38,37,28,7,19,34,29,36,31,10,43,35,50,13,22,41,46,49,57,18,27,17
343;52;15,41,24,5,4,32,2,20,23,26,45,39,14,46,8,3,11,43,9,12,53,42,49,29,38,6,16,21,51,47,44,10,31,33,57,35,50,13,22,36,27,1,34,19,30,17,48,28,7,40,37,18
344;51;47,12,53,26,45,39,14,20,23,15,42,49,29,38,6,16,21,51,33,57,35,43,3,11,8,5,4,32,2,19,9,37,48,44,10,31,22,36,27,24,1,34,30,46,50,13,17,18,41,7,28
345;51;12,6,16,15,42,49,29,38,14,20,23,26,45,39,30,24,5,4,32,2,19,9,3,11,8,47,44,10,31,33,57,35,43,53,36,22,41,1,34,51,46,48,28,7,13,17,37,18,27,50,40
346;52;28,49,29,38,14,20,23,15,42,40,2,6,16,21,51,47,44,10,31,11,8,3,50,13,22,36,9,5,4,32,53,26,45,39,30,24,48,12,27,1,34,33,57,35,43,7,19,41,46,37,18,17
347;52;30,47,44,14,20,23,15,42,49,29,38,12,53,26,45,39,35,43,3,11,8,5,4,32,2,6,16,21,51,33,57,31,10,17,48,24,1,9,37,28,7,19,34,13,22,36,27,18,41,50,40,46
348;52;27,5,4,32,2,20,23,15,42,49,29,38,14,46,8,3,11,43,9,12,53,26,45,39,30,24,48,44,10,6,16,21,51,47,22,36,31,33,57,35,50,13,17,37,28,7,19,34,1,41,18,40
349;52;34,47,44,14,20,23,15,42,49,29,38,12,53,26,45,39,30,24,5,4,32,2,6,16,21,51,33,57,35,43,3,11,8,48,28,7,19,9,37,46,31,10,17,27,1,50,13,22,36,18,41,40
350;52;30,2,20,23,15,42,49,29,38,14,46,8,3,11,43,9,5,4,32,6,16,21,51,47,44,10,31,45,39,35,50,13,22,36,53,26,1,12,27,24,48,57,18,41,19,34,33,40,7,28,37,17
351;52;13,34,9,2,20,23,15,42,49,29,38,14,46,8,3,11,43,35,47,44,10,6,16,21,51,33,12,53,26,45,39,30,24,5,4,32,27,1,50,57,31,22,36,18,41,19,17,48,28,7,40,37
352;50;51,44,14,20,23,15,42,49,29,38,12,53,26,45,39,30,24,5,4,32,2,6,16,21,1,9,3,11,8,47,22,36,31,33,57,35,43,34,19,41,50,13,17,48,28,7,46,37,10,40
353;51;30,32,2,20,23,15,42,49,29,38,14,46,8,3,11,43,9,5,4,22,36,31,45,39,47,44,10,6,16,21,51,33,12,53,26,35,50,13,17,48,57,18,41,24,1,34,19,27,7,28,37
354;51;29,15,42,49,19,23,26,45,39,14,20,24,5,4,32,2,6,16,21,51,47,44,10,31,11,8,3,28,7,13,22,36,9,12,53,43,35,50,57,38,37,48,41,1,34,33,18,27,17,46,40
355;51;23,41,24,5,4,32,2,20,11,8,3,28,7,19,9,12,53,26,45,39,14,46,35,47,44,10,29,38,6,16,15,42,49,57,31,33,18,22,36,27,1,34,51,40,48,43,17,37,21,30,13
356;52;23,5,4,32,2,20,24,48,44,14,46,8,3,11,43,9,12,53,26,45,39,30,6,16,15,42,49,29,38,37,28,7,19,34,51,47,22,36,31,33,57,35,50,13,17,27,1,41,10,21,18,40
357;52;4,23,15,42,49,29,38,14,20,24,5,43,3,11,8,6,16,21,51,47,44,10,31,45,39,30,53,26,35,50,13,22,36,9,2,19,34,1,12,27,18,41,48,57,17,37,28,7,46,33,32,40
358;51;5,44,14,20,23,15,42,49,29,38,12,53,26,45,39,30,24,48,16,21,51,47,22,36,9,2,6,32,27,1,34,33,57,35,43,3,11,8,28,7,19,41,50,13,17,37,4,10,31,40,46
359;52;45,29,38,14,20,23,15,42,49,19,9,2,6,16,21,51,47,44,10,31,11,8,3,28,7,4,32,53,26,35,43,34,1,12,27,24,5,30,46,48,57,18,41,50,13,22,36,40,17,37,39,33
360;52;14,35,47,44,10,29,38,12,53,26,45,39,30,23,15,42,49,19,9,2,20,24,5,4,32,6,16,21,51,33,57,31,11,8,3,28,7,13,22,36,27,1,34,40,46,48,41,50,18,43,17,37
361;52;50,38,14,20,23,15,42,49,29,36,9,2,6,16,21,51,47,44,10,31,11,8,3,28,7,19,34,1,53,26,45,39,30,24,5,4,32,27,18,41,12,22,48,57,35,43,40,46,33,37,17,13
362;52;23,50,14,20,24,5,4,32,2,6,16,15,42,49,29,38,12,53,26,45,39,30,46,8,3,11,43,9,37,48,44,10,31,33,57,35,47,22,36,27,1,34,51,40,7,19,41,17,18,21,28,13
363;52;41,35,47,44,14,20,23,15,42,49,29,38,12,53,26,45,39,30,24,5,4,32,2,6,16,21,51,33,57,31,11,8,3,28,7,19,9,37,48,34,1,50,13,22,36,27,18,43,40,46,10,17
364;52;9,22,36,31,11,8,3,20,23,15,42,49,29,38,14,46,4,32,2,6,16,21,51,47,44,10,43,35,50,13,30,24,5,53,26,45,39,28,7,19,34,1,12,27,18,41,48,57,17,37,33,40
365;48;17,8,3,20,23,15,42,49,29,38,14,46,4,32,2,6,16,21,51,47,44,10,31,11,43,9,5,53,26,45,39,30,24,48,12,27,1,34,33,57,35,50,13,22,36,18,41,19
366;51;14,32,2,20,23,15,42,49,29,38,12,53,26,45,39,30,24,5,4,22,36,9,3,11,8,6,16,21,51,47,44,10,31,33,57,35,43,34,1,50,13,17,48,28,7,19,41,46,37,18,27
367;51;21,8,3,20,23,15,42,49,29,38,14,46,4,32,2,6,16,28,7,19,9,5,43,35,47,44,10,31,11,30,24,48,51,33,12,53,26,45,39,1,34,13,22,36,57,18,41,50,27,17,37
368;51;51,27,44,14,20,23,15,42,49,29,38,12,53,26,45,39,30,24,5,4,32,2,6,16,21,1,9,3,11,8,47,22,36,31,33,57,35,43,34,19,41,50,13,17,48,28,7,46,37,10,40
369;51;35,5,4,32,2,20,23,15,42,49,29,38,14,46,8,3,11,43,9,12,53,26,45,39,30,24,48,44,10,6,16,21,51,47,22,36,31,33,57,18,41,19,34,1,50,13,17,37,28,7,40
370;52;48,10,29,38,14,20,23,15,42,49,19,9,2,6,16,21,51,47,44,12,53,26,45,39,30,24,5,4,32,27,1,34,33,57,35,43,3,11,8,28,7,13,22,36,31,40,46,50,18,41,17,37
371;52;11,46,8,3,20,23,15,42,49,29,38,14,50,13,22,36,9,2,6,16,21,51,47,44,10,31,45,39,30,24,5,4,32,53,26,35,43,34,1,12,27,18,41,19,17,48,57,7,28,33,40,37
372;52;5,42,49,29,38,14,20,23,15,33,12,53,26,45,39,30,24,48,44,10,6,16,21,51,47,22,36,9,2,19,34,1,4,32,27,18,41,50,13,17,3,11,8,35,43,7,28,31,40,46,37,57
373;51;29,32,2,20,23,15,42,49,19,9,5,4,22,36,31,11,8,3,28,7,13,14,46,35,47,44,10,6,16,21,51,33,12,53,26,45,39,30,24,48,38,37,18,41,1,34,40,17,57,27,50
374;52;53,13,14,20,23,15,42,49,29,38,12,8,3,11,43,9,2,6,16,21,51,47,44,10,31,45,39,30,24,5,4,32,27,1,34,33,57,35,50,18,41,19,36,22,48,28,7,26,37,46,40,17
375;52;11,49,29,38,14,20,23,15,42,40,2,6,16,21,51,47,44,10,31,45,39,30,24,5,4,32,53,26,35,43,3,28,7,19,9,12,8,48,57,18,41,1,34,33,46,50,13,22,36,27,17,37
376;52;24,13,14,20,23,15,42,49,29,38,12,53,26,45,39,30,6,16,21,51,47,44,10,31,11,8,3,28,2,19,9,5,4,32,27,1,34,33,57,35,43,7,22,36,18,41,50,48,40,46,37,17
377;51;26,14,20,23,15,42,49,29,38,12,53,4,32,2,6,16,21,51,47,44,10,31,11,8,3,28,7,19,9,5,43,35,50,13,22,36,57,18,41,24,48,34,1,33,46,45,39,30,17,37,27
378;52;49,36,9,2,20,23,15,42,40,46,8,3,11,43,35,47,44,14,50,13,22,41,24,5,4,32,6,16,21,51,33,12,53,26,45,39,30,57,31,10,29,38,37,48,28,7,19,34,1,27,18,17
379;52;39,9,2,20,23,15,42,49,29,38,14,46,8,3,11,43,35,47,44,10,6,16,21,51,33,12,53,26,45,18,41,24,5,4,32,27,1,34,19,30,57,31,22,36,13,17,48,28,7,50,40,37
380;48;9,16,15,42,49,29,38,14,20,23,26,45,39,30,24,5,4,32,2,6,19,34,51,47,44,10,31,11,8,3,28,7,13,22,36,53,43,35,50,57,18,41,1,12,27,17,48,21
381;52;39,2,20,23,15,42,49,29,38,14,46,8,3,11,43,9,5,4,32,6,16,21,51,47,44,10,31,45,18,41,24,48,12,53,26,35,50,13,22,36,57,34,1,33,40,7,19,30,17,37,28,27
382;52;6,44,14,20,23,15,42,49,29,38,12,53,26,45,39,30,24,5,4,32,2,19,9,3,11,8,47,22,36,31,33,57,35,43,16,21,51,46,48,28,7,13,17,37,10,40,34,1,50,18,41,27
383;52;40,11,8,3,20,23,15,42,49,29,38,14,46,4,32,2,6,16,21,51,47,44,10,31,45,39,30,24,5,43,9,12,53,26,35,50,13,22,36,57,18,41,19,34,1,33,37,48,28,7,17,27
384;52;22,57,35,47,44,14,20,23,15,42,49,29,38,12,53,26,45,39,30,24,5,4,32,2,6,16,21,51,33,3,11,8,48,28,7,19,9,37,46,31,10,43,34,1,50,13,17,27,18,41,40,36
385;52;34,35,47,44,14,20,23,15,42,49,29,38,12,53,26,45,39,30,24,5,4,32,2,6,16,21,51,33,57,31,11,8,3,28,7,19,9,37,48,41,1,50,13,22,36,27,18,43,40,46,10,17
386;51;47,49,29,38,14,20,23,15,42,40,2,6,16,21,51,33,12,53,26,45,39,30,24,5,4,32,27,44,10,31,11,8,3,28,7,19,9,37,48,57,35,43,34,1,50,13,22,36,18,41,46
387;51;1,29,38,14,20,23,15,42,49,19,9,2,6,16,21,51,47,44,10,31,11,8,3,28,7,4,32,53,26,45,39,30,24,5,43,35,50,13,22,36,57,18,41,12,27,17,48,34,33,46,37
388;51;49,39,14,20,23,15,42,40,2,6,16,21,51,47,44,10,29,38,12,53,26,45,9,5,4,32,27,24,48,57,35,43,3,11,8,28,7,19,34,1,50,13,22,36,31,33,18,41,46,37,17
389;52;22,16,15,42,49,29,38,14,20,23,26,45,39,30,24,5,4,32,2,6,19,9,3,11,8,47,44,10,31,33,12,53,43,35,50,13,17,48,51,46,21,1,34,7,36,57,18,41,40,37,28,27
390;52;42,21,51,47,44,14,20,23,15,33,12,53,26,45,39,30,24,5,4,32,2,6,16,28,7,19,9,3,11,8,48,38,37,29,36,31,10,43,35,50,13,22,41,1,34,40,46,49,57,18,27,17
391;52;47,57,35,43,3,20,23,15,42,49,29,38,14,46,8,5,4,32,2,6,16,21,51,33,12,53,26,45,39,30,24,48,44,10,31,11,17,37,28,7,19,9,50,13,22,36,27,1,34,40,41,18
392;52;7,29,38,14,20,23,15,42,49,19,9,2,6,16,21,51,47,44,10,31,11,8,3,28,12,53,26,45,39,30,24,5,4,32,27,1,34,33,57,35,43,40,46,48,41,50,13,22,36,18,37,17
393;52;16,40,2,20,23,15,42,49,29,38,14,46,8,3,11,43,9,5,4,32,6,39,30,24,48,44,10,31,45,47,22,36,53,26,35,50,13,12,27,1,34,51,33,57,18,41,19,17,37,28,7,21
394;52;33,11,8,3,20,23,15,42,49,29,38,14,46,4,32,2,6,16,21,51,47,44,10,31,45,39,30,24,5,43,9,12,53,26,35,50,13,22,36,57,18,41,19,34,1,27,17,48,28,7,40,37
395;52;21,39,14,20,23,15,42,49,29,38,12,53,26,45,47,44,10,6,16,28,2,19,9,5,4,32,27,24,48,51,33,57,35,43,3,11,8,17,37,46,31,22,36,18,41,1,34,30,13,40,7,50
396;51;10,8,3,20,23,15,42,49,29,38,14,46,4,32,2,6,16,21,51,47,44,19,9,5,43,35,50,13,22,36,31,11,30,24,48,12,53,26,45,39,28,7,41,1,34,33,57,18,27,17,37
397;52;32,39,14,20,23,15,42,49,29,38,12,53,26,45,47,44,10,6,16,21,51,33,57,35,43,3,11,8,5,4,22,36,9,2,19,34,1,50,13,30,24,48,28,7,41,46,31,40,17,37,18,27
398;52;18,8,3,20,23,15,42,49,29,38,14,46,4,32,2,6,16,21,51,47,44,10,31,11,43,9,5,53,26,45,39,30,24,48,12,27,1,34,33,57,35,50,13,22,36,41,19,17,37,28,7,40
399;52;22,13,14,20,23,15,42,49,29,38,12,53,26,45,39,30,24,5,4,32,2,6,16,21,51,47,44,10,31,11,8,3,28,7,19,9,37,48,57,35,43,34,1,50,18,41,46,33,40,17,27,36
400;52;20,40,2,6,16,15,42,49,29,38,14,46,8,3,11,43,9,5,4,32,21,51,47,44,10,31,45,39,30,23,26,35,50,13,22,36,53,18,41,24,48,12,27,1,34,33,57,17,37,28,7,19
401;52;19,3,20,23,15,42,49,29,38,14,46,8,5,4,32,2,6,16,21,51,47,44,10,31,11,43,9,12,53,26,45,39,30,24,48,57,35,50,13,22,36,27,1,34,33,18,41,17,37,28,7,40
402;52;13,20,23,15,42,49,29,38,14,46,8,3,11,43,9,2,6,16,21,51,47,44,10,31,45,39,30,24,5,4,32,53,26,35,50,57,18,41,19,34,1,12,27,17,48,28,7,22,36,40,33,37
403;52;22,6,16,15,42,49,29,38,14,20,23,26,45,39,30,24,5,4,32,2,19,9,3,11,8,47,44,10,31,33,12,53,43,35,50,13,17,48,51,46,21,1,34,7,36,57,18,41,40,37,28,27
404;50;10,5,4,32,2,20,23,15,42,49,29,38,14,46,8,3,11,43,9,12,53,26,45,39,30,24,48,44,19,34,51,47,22,36,31,33,57,35,50,13,6,16,21,1,41,17,37,28,7,40
405;52;11,1,53,26,45,39,14,20,23,15,42,49,29,38,12,8,3,28,2,6,16,21,51,47,44,10,31,33,57,35,43,9,5,4,32,27,24,48,41,19,34,30,46,50,13,22,36,18,37,17,7,40
406;52;10,32,2,20,23,15,42,49,29,38,14,46,8,3,11,43,9,5,4,22,36,31,45,39,30,24,48,44,19,34,51,47,17,53,26,35,50,13,6,16,21,1,12,27,18,41,57,7,28,33,40,37
407;52;3,44,14,20,23,15,42,49,29,38,12,53,26,45,39,30,24,5,4,32,2,6,16,21,51,47,22,36,9,37,48,57,35,43,34,1,8,28,7,19,41,50,13,17,27,18,11,10,31,33,46,40
408;51;51,26,45,39,14,20,23,15,42,49,29,38,12,53,4,32,2,6,16,21,1,9,5,43,3,11,8,47,44,10,31,33,57,35,50,13,22,36,27,24,48,28,7,19,34,30,46,37,18,41,17
409;52;28,44,14,20,23,15,42,49,29,38,12,53,26,45,39,30,24,5,4,32,2,6,16,21,51,47,22,36,9,3,11,8,48,57,35,43,34,1,50,13,17,37,46,31,33,18,41,19,27,10,40,7
410;51;3,57,35,47,44,14,20,23,15,42,49,29,38,12,53,26,45,39,30,24,5,4,32,2,6,16,21,51,33,18,41,9,37,48,28,7,19,34,1,8,17,27,11,43,40,46,31,10,22,36,13
411;52;2,36,9,5,4,32,6,16,15,42,49,29,38,14,20,23,26,45,39,30,24,48,44,10,31,11,8,3,28,7,19,34,51,47,22,41,1,53,43,35,50,13,12,27,18,21,57,17,37,46,33,40
412;52;49,6,16,15,42,40,2,20,23,26,45,39,14,46,8,3,11,43,9,5,4,32,29,38,12,53,36,31,44,10,47,22,41,24,48,51,33,57,35,50,13,30,17,37,28,7,19,34,1,27,18,21
413;51;4,45,39,14,20,23,15,42,49,29,38,12,53,26,35,47,44,10,6,16,21,51,33,57,31,11,8,3,28,2,19,9,5,43,34,1,50,13,22,36,27,24,48,41,46,7,17,37,18,32,40
414;51;9,11,8,3,20,23,15,42,49,29,38,14,46,4,32,2,6,16,21,51,47,44,10,31,45,39,30,24,5,43,35,50,13,22,36,53,26,1,12,27,18,41,19,34,33,57,48,28,7,17,37
415;52;32,9,2,20,23,15,42,49,29,38,14,46,8,3,11,43,35,47,44,10,6,16,21,51,33,12,53,26,45,39,30,24,5,4,22,36,31,40,34,1,50,13,17,48,57,18,41,19,27,7,28,37
416;52;42,17,3,20,23,15,33,12,53,26,45,39,14,46,8,5,4,32,2,6,16,21,51,47,44,10,29,38,37,48,57,35,43,9,50,13,22,36,31,11,30,24,1,34,19,41,49,27,18,28,7,40
417;52;40,24,5,4,32,2,20,23,15,42,49,29,38,14,46,8,3,11,43,9,12,53,26,45,39,30,6,16,21,51,47,44,10,31,33,57,35,50,13,22,36,27,1,34,19,41,48,28,7,17,37,18
418;52;37,35,47,44,14,20,23,15,42,49,29,38,12,53,26,45,39,30,24,5,4,32,2,6,16,21,51,33,57,31,11,8,3,28,7,19,9,50,13,22,36,27,1,34,40,46,48,41,10,43,17,18
419;52;40,6,16,15,42,49,29,38,14,20,23,26,45,39,30,24,5,4,32,2,19,9,3,11,8,47,44,10,31,33,12,53,43,35,50,13,22,36,57,18,41,1,34,51,46,48,28,7,21,27,17,37
420;52;22,23,15,42,49,29,38,14,20,24,5,4,32,2,6,16,21,51,47,44,10,31,11,8,3,28,7,19,9,12,53,26,45,39,30,46,35,43,34,1,50,13,17,48,57,18,41,40,33,37,27,36
421;50;4,12,53,26,45,39,14,20,23,15,42,49,29,38,6,16,21,51,47,44,10,31,11,8,3,28,2,19,9,5,43,35,50,13,22,36,57,18,41,24,48,32,27,1,34,33,46,7,17,37
422;49;16,33,12,53,26,45,39,14,20,23,15,42,49,29,38,6,32,2,19,9,5,4,22,36,31,11,8,3,28,7,13,30,24,48,44,10,43,35,47,17,57,18,41,1,34,51,46,50,27
423;51;6,15,42,49,29,38,14,20,23,26,45,39,30,24,5,4,32,2,19,9,3,11,8,47,44,10,31,33,12,53,43,35,50,13,22,36,57,18,41,1,34,51,46,48,16,21,7,28,37,17,27
424;50;48,7,19,23,15,42,49,29,38,14,20,24,5,4,32,2,6,16,21,51,47,44,10,31,11,8,3,28,12,53,26,45,39,30,46,35,43,9,37,18,41,1,34,33,57,13,22,36,27,17
425;50;32,51,47,44,14,20,23,15,42,49,29,38,12,53,26,45,39,30,24,5,4,22,36,9,2,6,16,21,1,34,33,57,35,43,3,11,8,48,28,7,19,41,50,13,17,37,46,31,10,40
426;52;12,32,2,20,23,15,42,49,29,38,14,46,8,3,11,43,9,5,4,22,36,31,45,39,30,24,48,44,10,6,16,21,51,47,17,53,26,35,50,13,40,34,1,57,18,41,19,27,7,28,33,37
427;51;2,39,14,20,23,15,42,49,29,38,12,53,26,45,47,44,10,6,16,21,51,33,57,35,43,3,11,8,5,4,32,27,24,48,28,7,19,9,37,46,31,22,36,18,41,1,34,30,17,13,40
428;49;43,23,15,42,49,29,38,14,20,24,5,4,32,2,6,16,21,51,47,44,10,31,11,8,3,28,7,19,9,12,53,26,45,39,30,46,35,50,13,22,36,57,18,41,1,34,33,40,48
429;51;34,53,26,45,39,14,20,23,15,42,49,29,38,12,8,3,11,43,9,2,6,16,21,51,47,44,10,31,33,57,35,4,32,27,24,5,30,46,48,28,7,19,41,1,50,13,22,36,18,37,17
430;52;53,31,11,8,3,20,23,15,42,49,29,38,14,46,4,32,2,6,16,21,51,47,44,10,43,9,5,30,24,48,12,27,1,34,33,57,35,50,13,22,36,18,41,45,39,28,7,19,17,37,26,40
431;51;26,8,3,20,23,15,42,49,29,38,14,46,4,32,2,6,16,21,51,47,44,10,31,11,43,9,5,53,36,22,41,24,48,12,27,1,34,33,57,35,50,13,30,17,37,28,7,19,45,39,40
432;52;40,5,4,32,2,20,23,15,42,49,29,38,14,46,8,3,11,43,9,12,53,26,45,39,30,24,48,44,10,6,16,21,51,47,22,36,31,33,57,35,50,13,17,37,28,7,19,34,1,41,18,27
433;51;24,37,14,20,23,15,42,49,29,38,12,53,26,45,39,30,6,16,21,51,47,44,10,31,11,8,3,28,2,19,9,5,4,32,27,1,34,33,57,35,43,7,13,22,36,18,41,50,48,40,46
434;52;11,24,5,4,32,2,20,23,15,42,49,29,38,14,46,8,3,28,7,19,9,12,53,26,45,39,30,6,16,21,51,47,44,10,31,33,57,35,43,34,1,50,13,22,36,27,18,41,48,40,17,37
435;52;1,14,20,23,15,42,49,29,38,12,53,26,45,39,30,24,5,4,32,2,6,16,21,51,47,44,10,31,11,8,3,28,7,19,9,37,48,57,35,43,34,33,18,41,50,13,22,36,27,17,46,40
436;50;23,4,32,2,20,24,5,43,3,11,8,6,16,15,42,49,29,38,14,46,35,47,44,10,31,45,39,30,53,26,50,13,22,36,9,12,27,1,34,51,33,57,18,41,19,17,48,28,7,21
437;52;17,20,23,15,42,49,29,38,14,46,8,3,11,43,9,2,6,16,21,51,47,44,10,31,45,39,30,24,5,4,32,53,26,35,50,13,22,36,57,18,41,19,34,1,12,27,48,28,7,40,33,37
438;52;21,29,38,14,20,23,15,42,49,19,9,2,6,16,28,7,4,32,47,44,10,31,11,8,3,50,13,22,36,53,26,45,39,30,24,5,43,35,41,1,12,27,18,57,48,51,33,46,37,17,34,40
439;52;53,12,38,14,20,23,15,42,49,29,36,9,2,6,16,21,51,47,44,10,31,11,8,3,28,7,19,34,1,4,32,27,24,5,43,35,50,13,22,41,45,39,30,46,48,57,18,26,37,17,33,40
440;52;37,42,49,29,38,14,20,23,15,33,12,53,26,45,39,30,24,5,4,32,2,6,16,21,51,47,44,10,31,11,8,3,28,7,19,9,50,13,22,36,57,35,43,34,1,41,48,18,27,17,46,40
441;51;47,41,24,5,4,32,2,20,23,15,42,49,29,38,14,46,8,3,11,43,9,12,53,26,45,39,30,6,16,21,51,33,57,35,50,13,22,36,31,44,10,17,48,28,7,19,34,1,27,18,37
442;50;50,23,15,42,49,29,38,14,20,24,5,4,32,2,6,16,21,51,47,44,10,31,11,8,3,28,7,19,9,12,53,26,45,39,30,46,35,43,34,1,57,18,41,48,36,22,13,17,37,27
443;51;43,26,45,39,14,20,23,15,42,49,29,38,12,53,4,32,2,6,16,21,51,47,44,10,31,11,8,3,28,7,19,9,5,30,24,48,57,35,50,13,22,36,27,1,34,33,18,41,46,37,17
444;52;9,18,2,20,23,15,42,49,29,38,14,46,8,3,11,43,35,47,44,10,6,16,21,51,33,12,53,26,45,39,30,24,5,4,32,27,1,34,19,41,50,13,22,36,31,40,48,57,17,37,28,7
445;52;33,21,51,47,44,14,20,23,15,42,49,29,38,12,53,26,45,39,30,24,5,4,32,2,6,16,28,7,19,9,3,11,8,48,57,35,43,34,1,50,13,22,36,31,10,17,37,46,27,18,41,40
446;52;39,19,23,15,42,49,29,38,14,20,24,5,4,32,2,6,16,21,51,47,44,10,31,11,8,3,28,7,13,22,36,9,12,53,26,45,18,41,1,34,33,57,35,43,40,46,48,30,17,37,27,50
447;50;9,48,44,14,20,23,15,42,49,29,38,12,53,26,45,39,30,24,5,4,32,2,6,16,21,51,47,22,36,31,11,8,3,28,7,19,34,1,50,13,17,57,35,43,40,46,33,18,41,10
448;52;4,19,23,15,42,49,29,38,14,20,24,5,43,3,11,8,6,16,21,51,47,44,10,31,45,39,30,53,26,35,50,13,22,36,9,2,40,46,48,12,27,1,34,33,57,18,41,17,37,28,7,32
449;52;13,2,20,23,15,42,49,29,38,14,46,8,3,11,43,9,5,4,32,6,16,21,51,47,44,10,31,45,39,30,24,48,12,53,26,35,50,57,18,41,19,34,1,33,40,7,22,36,27,17,37,28
450;52;38,29,36,9,2,20,23,15,42,49,19,34,51,47,44,14,46,8,3,11,43,35,4,32,6,16,21,1,53,26,45,39,30,24,5,31,33,12,27,18,41,50,13,22,48,57,10,17,37,28,7,40
451;52;41,23,15,42,49,29,38,14,20,24,5,4,32,2,6,16,21,51,47,44,10,31,11,8,3,28,7,19,9,12,53,26,45,39,30,46,35,43,34,1,50,13,22,36,57,18,27,17,48,40,33,37
452;51;18,6,16,15,42,49,29,38,14,20,23,26,45,39,30,24,5,4,32,2,19,9,3,11,8,47,44,10,31,33,12,53,43,35,50,13,22,36,57,48,51,46,21,1,34,7,41,17,37,28,27
453;50;37,51,47,44,14,20,23,15,42,49,29,38,12,53,26,45,39,30,24,5,4,32,2,6,16,21,1,9,3,11,8,48,57,35,43,34,33,18,41,19,50,13,22,36,31,10,17,27,7,28
454;52;50,10,29,38,14,20,23,15,42,49,19,9,2,6,16,21,51,47,44,12,53,26,45,39,30,24,5,4,32,27,1,34,33,57,35,43,3,11,8,48,28,7,13,22,36,31,40,46,37,18,41,17
455;50;9,35,47,44,14,20,23,15,42,49,29,38,12,53,26,45,39,30,24,5,4,32,2,6,16,21,51,33,57,31,11,8,3,28,7,19,34,1,50,13,22,36,27,18,41,10,43,40,46,48
456;51;14,13,22,36,9,2,20,23,15,42,49,29,38,12,53,26,45,39,30,24,5,4,32,6,16,21,51,47,44,10,31,11,8,3,28,7,19,34,1,50,57,35,43,40,46,48,41,17,37,18,27
457;51;5,9,2,20,23,15,42,49,29,38,14,46,8,3,11,43,35,47,44,10,6,16,21,51,33,12,53,26,45,39,30,24,48,57,31,22,36,27,1,34,19,41,50,13,32,17,37,28,7,4,40
458;52;3,10,29,38,14,20,23,15,42,49,19,9,2,6,16,21,51,47,44,12,53,26,45,39,30,24,5,4,32,27,1,34,33,57,35,43,7,13,22,36,31,11,8,48,28,41,50,18,37,46,40,17
459;51;2,35,47,44,14,20,23,15,42,49,29,38,12,53,26,45,39,30,24,5,4,32,6,16,21,51,33,57,31,11,8,3,28,7,19,9,37,48,41,1,34,13,22,36,27,18,50,40,46,43,17
460;51;37,23,15,42,49,29,38,14,20,24,5,4,32,2,6,16,21,51,47,44,10,31,11,8,3,28,7,19,9,12,53,26,45,39,30,46,35,43,34,1,50,13,22,36,57,18,41,48,40,17,27
461;52;53,27,44,14,20,23,15,42,49,29,38,12,8,3,11,43,9,2,6,16,21,51,47,22,36,31,45,39,30,24,5,4,32,1,34,33,57,35,50,13,17,48,28,7,19,41,10,40,46,26,37,18
462;50;9,44,14,20,23,15,42,49,29,38,12,53,26,45,39,30,24,5,4,32,2,6,16,21,51,47,22,36,31,11,8,3,28,7,19,34,1,50,13,17,48,57,35,43,40,46,33,18,41,10
463;52;2,38,14,20,23,15,42,49,29,36,9,5,4,32,6,16,21,51,47,44,10,31,11,8,3,28,7,19,34,1,53,26,45,39,30,24,48,12,27,18,41,50,13,22,46,35,43,40,17,57,33,37
464;51;17,9,2,20,23,15,42,49,29,38,14,46,8,3,11,43,35,47,44,10,6,16,21,51,33,12,53,26,45,39,30,24,5,4,32,27,1,34,19,41,50,13,22,36,31,40,48,57,18,28,7
465;52;9,57,35,47,44,14,20,23,15,42,49,29,38,12,53,26,45,39,30,24,5,4,32,2,6,16,21,51,33,3,11,8,48,28,7,19,34,1,50,13,22,36,31,10,43,40,46,37,18,41,17,27
466;52;11,9,2,20,23,15,42,49,29,38,14,46,8,3,28,7,19,34,51,47,44,10,6,16,21,1,53,26,45,39,30,24,5,4,32,27,18,41,50,13,22,36,31,33,12,48,57,35,43,40,17,37
467;51;36,14,20,23,15,42,49,29,38,12,53,26,45,39,30,24,5,4,32,2,6,16,21,51,47,44,10,31,11,8,3,28,7,19,9,37,48,57,35,43,34,1,50,13,22,41,46,33,18,27,17
468;52;23,40,2,20,24,5,4,32,6,16,15,42,49,29,38,14,46,8,3,11,43,9,12,53,26,45,39,30,44,10,31,33,57,35,47,22,36,27,1,34,51,7,19,41,50,13,17,48,28,37,18,21
469;52;51,41,24,5,4,32,2,20,23,15,42,49,29,38,14,46,8,3,11,43,9,12,53,26,45,39,30,6,16,21,1,44,10,31,33,57,35,47,22,36,27,18,50,13,17,48,28,7,19,34,40,37
470;51;38,39,14,20,23,15,42,49,29,36,9,2,6,16,21,51,47,44,10,31,11,8,3,28,7,19,34,1,53,26,45,18,41,24,5,4,32,27,17,48,12,22,50,13,30,46,35,43,40,33,57
471;50;51,45,39,14,20,23,15,42,49,29,38,12,53,26,35,47,44,10,6,16,21,2,19,9,5,4,32,27,24,48,57,31,11,8,3,28,7,13,22,36,18,41,1,34,33,46,50,40,17,37
472;52;36,38,14,20,23,15,42,49,29,53,26,45,39,30,24,5,4,32,2,6,16,21,51,47,44,10,31,11,8,3,28,7,19,9,12,27,1,34,33,57,35,43,40,46,48,41,50,13,22,37,18,17
473;52;3,19,23,15,42,49,29,38,14,20,24,5,4,32,2,6,16,21,51,47,44,10,31,11,8,48,12,53,26,45,39,30,46,35,43,9,37,28,7,13,22,36,57,18,41,1,34,33,40,17,27,50
474;50;11,2,20,23,15,42,49,29,38,14,46,8,3,28,7,19,9,5,4,32,6,16,21,51,47,44,10,31,45,39,30,24,48,12,53,26,35,43,34,1,50,13,22,36,57,18,41,17,37,27
475;52;24,46,8,3,20,23,15,42,49,29,38,14,50,13,22,36,9,2,6,16,21,51,47,44,10,31,11,43,35,4,32,53,26,45,39,30,41,19,34,1,12,27,18,57,5,17,48,28,7,40,33,37
476;52;39,26,45,47,44,14,20,23,15,42,49,29,38,12,53,4,32,2,6,16,21,51,33,57,35,43,3,11,8,5,31,10,17,48,24,1,9,37,28,7,19,34,30,46,50,13,22,36,27,18,41,40
477;52;43,32,2,20,23,15,42,49,29,38,14,46,8,3,11,30,24,5,4,22,36,9,12,53,26,45,39,47,44,10,6,16,21,51,33,57,35,50,13,17,48,28,7,19,34,1,41,18,27,31,40,37
478;52;1,23,15,42,49,29,38,14,20,24,5,4,32,2,6,16,21,51,47,44,10,31,11,8,3,28,7,19,9,12,53,26,45,39,30,46,35,43,34,33,57,18,41,50,13,22,36,27,17,48,40,37
479;51;13,8,3,20,23,15,42,49,29,38,14,46,4,32,2,6,16,21,51,47,44,10,31,11,43,9,5,53,26,45,39,30,24,48,12,27,1,34,33,57,35,50,18,41,19,36,22,7,28,37,17
480;52;47,8,3,20,23,15,42,49,29,38,14,46,4,32,2,6,16,21,51,33,12,53,26,45,39,30,24,5,43,9,37,48,44,10,31,11,17,57,35,50,13,22,36,27,1,34,19,41,18,28,7,40
481;50;3,37,14,20,23,15,42,49,29,38,12,53,26,45,39,30,24,5,4,32,2,6,16,21,51,47,44,10,31,11,8,48,57,35,43,9,50,13,22,36,27,1,34,33,18,41,19,17,7,28
482;52;11,13,14,20,23,15,42,49,29,38,12,53,26,45,39,30,24,5,4,32,2,6,16,21,51,47,44,10,31,3,28,7,19,9,37,48,57,35,43,34,1,8,17,27,18,41,50,36,22,46,33,40
483;52;20,30,23,15,42,49,29,38,14,46,8,3,11,43,9,2,6,16,21,51,47,44,10,31,45,39,35,4,32,53,26,50,13,22,36,57,18,41,24,5,19,34,1,12,27,17,48,28,7,40,33,37
484;50;44,31,11,8,3,20,23,15,42,49,29,38,14,46,4,32,2,6,16,21,51,47,22,36,9,5,43,35,50,13,30,24,48,12,53,26,45,39,28,7,19,34,1,57,18,41,10,17,37,27
485;51;47,31,11,8,3,20,23,15,42,49,29,38,14,46,4,32,2,6,16,21,51,33,12,53,26,45,39,30,24,5,43,9,37,48,44,10,35,50,13,22,36,57,18,41,19,34,1,27,17,7,28
486;52;30,51,47,44,14,20,23,15,42,49,29,38,12,53,26,45,39,35,43,3,11,8,5,4,32,2,6,16,21,1,9,37,48,57,31,33,18,41,24,10,17,27,22,36,34,19,50,13,40,46,7,28
487;51;2,16,15,42,49,29,38,14,20,23,26,45,39,30,24,5,4,32,6,19,9,3,11,8,47,44,10,31,33,12,53,43,35,50,13,22,36,57,18,41,1,34,51,46,48,28,7,21,27,17,37
488;51;43,18,2,20,23,15,42,49,29,38,14,46,8,3,11,30,24,5,4,32,6,16,21,51,47,44,10,31,45,39,35,50,13,22,36,9,12,53,26,1,34,33,57,48,28,7,19,41,17,37,27
489;52;12,19,23,15,42,49,29,38,14,20,24,5,4,32,2,6,16,21,51,47,44,10,31,11,8,3,28,7,13,22,36,9,37,26,45,39,30,53,43,35,50,57,18,41,1,34,33,46,48,40,17,27
490;51;15,19,23,26,45,39,14,20,24,5,4,32,2,6,16,21,51,47,44,10,29,38,12,53,43,3,11,8,48,42,49,57,35,50,13,22,36,9,37,28,7,41,1,34,33,18,27,17,46,31,40
491;51;53,35,47,44,14,20,23,15,42,49,29,38,12,8,3,11,43,9,2,6,16,21,51,33,57,31,45,39,30,24,5,4,32,27,1,34,19,41,50,13,22,36,10,17,48,28,7,26,37,46,40
492;51;53,11,8,3,20,23,15,42,49,29,38,14,46,4,32,2,6,16,21,51,47,44,10,31,45,39,30,24,5,43,9,12,27,1,34,33,57,35,50,13,22,36,18,41,19,17,48,28,7,26,37
493;51;6,35,47,44,14,20,23,15,42,49,29,38,12,53,26,45,39,30,24,5,4,32,2,19,9,3,11,8,48,16,21,51,33,57,31,10,43,34,1,50,13,22,36,27,18,41,46,7,28,37,17
494;51;29,37,14,20,23,15,42,49,19,9,2,6,16,21,51,47,44,10,31,11,8,3,28,7,4,32,53,26,45,39,30,24,5,43,35,50,13,22,36,57,38,12,27,1,34,33,18,41,48,40,46
495;51;16,35,47,44,14,20,23,15,42,49,29,38,12,53,26,45,39,30,24,5,4,32,2,6,19,9,3,11,8,48,51,33,57,31,10,43,34,1,50,13,22,36,27,18,41,46,21,7,28,37,17
496;49;8,15,42,49,29,38,14,20,23,26,45,39,30,24,5,4,32,2,6,16,21,51,47,44,10,31,11,43,3,28,7,19,9,12,53,36,22,41,1,34,33,57,35,50,13,17,48,18,27
497;52;3,40,2,20,23,15,42,49,29,38,14,46,8,5,4,32,6,16,21,51,47,44,10,31,11,43,9,12,53,26,45,39,30,24,48,57,35,50,13,22,36,27,1,34,33,18,41,19,17,37,28,7
498;52;32,38,14,20,23,15,42,49,29,36,9,2,6,16,21,51,47,44,10,31,11,8,3,28,7,19,34,1,53,26,45,39,30,24,5,4,22,41,50,13,12,27,18,43,35,33,57,48,40,46,37,17
499;52;42,34,9,2,20,23,15,33,12,53,26,45,39,14,46,8,3,11,43,35,47,44,10,29,38,6,16,21,51,49,19,30,24,5,4,32,27,1,50,13,22,36,31,40,48,57,18,41,17,37,28,7
500;52;34,28,2,20,23,15,42,49,29,38,14,46,8,3,11,43,9,5,4,32,6,16,21,51,47,44,10,31,45,39,30,24,48,12,53,26,35,50,13,22,36,57,18,41,19,27,1,33,40,7,17,37
501;50;23,22,36,9,2,20,24,5,4,32,6,16,15,42,49,29,38,14,46,8,3,11,43,35,47,44,10,31,45,39,30,53,26,50,13,12,27,1,34,51,33,57,18,41,19,17,48,28,7,21
502;51;7,53,26,45,39,14,20,23,15,42,49,29,38,12,8,3,11,43,9,2,6,16,21,51,47,44,10,31,33,57,35,4,32,27,24,5,30,46,48,28,41,19,34,1,50,13,22,36,18,37,17
503;52;47,14,20,23,15,42,49,29,38,12,53,26,45,39,30,24,5,4,32,2,6,16,21,51,33,57,35,43,3,11,8,48,44,10,31,22,36,9,37,28,7,19,34,1,50,13,17,27,18,41,46,40
504;51;44,20,23,15,42,49,29,38,14,46,8,3,11,43,9,2,6,16,21,51,47,22,36,31,45,39,30,24,5,4,32,53,26,35,50,13,12,27,1,34,33,57,18,41,19,17,48,28,7,40,10
505;52;6,47,44,14,20,23,15,42,49,29,38,12,53,26,45,39,30,24,5,4,32,2,19,9,3,11,8,48,16,21,51,33,57,35,43,34,1,50,13,22,36,31,10,17,37,28,7,41,46,27,18,40
506;51;38,53,26,45,39,14,20,23,15,42,49,29,36,9,2,6,16,21,51,47,44,10,31,11,8,3,28,7,19,34,1,12,27,24,5,4,32,43,35,50,13,22,41,48,57,18,37,46,33,40,17
507;51;51,21,2,20,23,15,42,49,29,38,14,46,8,3,11,43,9,5,4,32,6,16,28,7,19,34,1,53,26,45,39,30,24,48,44,10,31,33,12,27,18,41,50,13,22,36,47,17,57,35,37
508;52;35,1,53,26,45,39,14,20,23,15,42,49,29,38,12,8,3,11,43,9,2,6,16,21,51,47,44,10,31,33,57,18,41,24,5,4,32,27,17,48,28,7,19,34,30,46,50,13,22,36,40,37
509;52;19,13,14,20,23,15,42,49,29,38,12,53,26,45,39,30,24,5,4,32,2,6,16,21,51,47,44,10,31,11,8,3,28,7,9,37,48,57,35,43,34,1,50,18,41,46,33,40,17,27,22,36
510;52;22,43,3,20,23,15,42,49,29,38,14,46,8,5,4,32,2,6,16,21,51,47,44,10,31,11,30,24,48,12,53,26,45,39,35,50,13,17,57,18,41,9,37,28,7,19,34,1,33,40,36,27
511;52;30,12,53,26,45,39,14,20,23,15,42,49,29,38,6,16,21,51,47,44,10,31,11,8,3,28,2,19,9,5,4,32,27,24,48,57,35,43,34,1,50,13,22,36,18,41,46,33,40,7,17,37
512;51;3,49,29,38,14,20,23,15,42,40,2,6,16,21,51,47,44,10,31,11,8,5,4,32,53,26,45,39,30,24,48,12,27,1,9,37,28,7,19,34,33,57,35,43,17,18,41,50,13,22,36
513;50;42,53,26,45,39,14,20,23,15,33,12,38,6,16,21,51,47,44,10,29,36,9,2,19,34,1,4,32,27,24,5,43,3,11,8,48,57,35,50,13,22,41,46,49,17,37,28,7,31,40
514;52;27,3,20,23,15,42,49,29,38,14,46,8,5,4,32,2,6,16,21,51,47,44,10,31,11,43,9,12,53,26,45,39,30,24,48,57,35,50,13,22,36,18,41,19,34,1,33,40,7,28,37,17
515;52;57,51,47,44,14,20,23,15,42,49,29,38,12,53,26,45,39,30,24,5,4,32,2,6,16,21,1,9,3,11,8,48,28,7,19,34,33,18,41,50,13,22,36,31,10,43,35,27,17,37,46,40
516;51;29,26,45,39,14,20,23,15,42,49,19,9,2,6,16,21,51,47,44,10,31,11,8,3,28,7,4,32,53,43,35,50,13,22,36,57,38,12,27,24,5,30,46,48,41,1,34,33,18,37,17
517;51;3,26,45,39,14,20,23,15,42,49,29,38,12,53,4,32,2,6,16,21,51,47,44,10,31,11,8,5,43,9,37,48,57,35,50,13,22,36,27,24,33,18,41,19,34,1,46,7,28,30,17
518;52;31,46,8,3,20,23,15,42,49,29,38,14,50,13,22,36,9,2,6,16,21,51,47,44,10,43,35,4,32,53,26,45,39,30,24,5,19,34,1,12,27,18,41,48,57,17,37,28,7,11,40,33
519;52;44,22,36,9,2,20,23,15,42,49,29,38,14,46,8,3,11,43,35,47,17,48,5,4,32,6,16,21,51,33,12,53,26,45,39,30,24,1,34,19,41,50,13,40,10,31,57,18,27,7,28,37
520;51;44,32,2,20,23,15,42,49,29,38,14,46,8,3,11,43,9,5,4,22,36,31,45,39,30,24,48,16,21,51,47,17,53,26,35,50,13,6,19,34,1,12,27,18,41,10,33,57,7,28,37
521;52;5,15,42,49,29,38,14,20,23,26,45,39,30,24,48,44,10,6,16,21,51,47,22,36,9,2,19,34,1,53,4,32,27,18,41,50,13,12,8,3,11,43,35,7,28,31,33,57,17,37,46,40
522;52;17,12,53,26,45,39,14,20,23,15,42,49,29,38,6,16,21,51,47,44,10,31,11,8,3,28,2,19,9,5,4,32,27,24,48,57,35,43,34,1,50,13,22,36,18,41,46,33,40,7,30,37
523;51;12,5,4,32,2,20,23,15,42,49,29,38,14,46,8,3,11,43,9,37,26,45,39,30,24,48,44,10,6,16,21,51,47,22,36,31,33,57,35,50,13,17,53,18,41,19,34,1,27,7,28
524;52;19,29,38,14,20,23,15,42,49,26,45,39,30,24,5,4,32,2,6,16,21,51,47,44,10,31,11,8,3,28,7,13,22,36,9,12,53,43,35,50,57,18,41,1,34,33,46,48,40,17,37,27
525;52;35,26,45,39,14,20,23,15,42,49,29,38,12,53,4,32,2,6,16,21,51,47,44,10,31,11,8,3,28,7,19,9,5,43,34,1,50,13,22,36,57,18,41,24,48,30,46,33,40,17,37,27
526;51;26,3,20,23,15,42,49,29,38,14,46,8,5,4,32,2,6,16,21,51,47,44,10,31,11,43,9,12,53,36,22,41,24,48,57,35,50,13,30,17,37,28,7,19,34,1,33,18,27,39,40
527;52;30,14,20,23,15,42,49,29,38,12,53,26,45,39,47,44,10,6,16,21,51,33,57,35,43,3,11,8,5,4,32,2,19,9,37,48,24,1,34,13,22,36,31,40,46,50,18,41,17,27,7,28
528;51;14,57,35,47,44,10,29,38,12,53,26,45,39,30,23,15,42,49,19,9,2,20,24,5,4,32,6,16,21,51,33,3,11,8,48,28,7,13,22,36,31,40,46,50,18,41,1,34,17,37,27
529;51;26,28,2,20,23,15,42,49,29,38,14,46,8,3,11,43,9,5,4,32,6,16,21,51,47,44,10,31,45,39,30,24,48,12,53,36,22,41,19,34,1,50,13,17,57,35,7,40,33,18,27
530;51;33,16,15,42,49,29,38,14,20,23,26,45,39,30,24,5,4,32,2,6,19,9,3,11,8,47,44,10,31,22,36,53,43,35,50,13,12,27,1,34,51,46,48,57,18,41,17,37,28,7,21
531;52;29,6,16,15,42,49,19,23,26,45,39,14,20,24,5,4,32,2,40,46,8,3,11,43,9,12,53,36,31,44,10,47,22,41,1,34,51,33,57,35,50,13,38,37,48,28,7,21,30,17,27,18
532;50;16,19,23,15,42,49,29,38,14,20,24,5,4,32,2,6,39,30,53,26,45,47,44,10,31,11,8,3,28,7,13,22,36,9,12,27,1,34,51,33,57,35,43,40,46,48,41,50,18,21
533;52;8,32,2,20,23,15,42,49,29,38,14,46,4,22,36,9,5,43,3,11,30,24,48,44,10,6,16,21,51,47,17,53,26,45,39,35,50,13,12,27,1,34,33,57,31,40,7,19,41,18,28,37
534;52;57,47,44,14,20,23,15,42,49,29,38,12,53,26,45,39,30,24,5,4,32,2,6,16,21,51,33,3,11,8,48,28,7,19,9,37,46,35,43,34,1,50,13,22,36,31,10,17,27,18,41,40
535;52;22,9,2,20,23,15,42,49,29,38,14,46,8,3,11,43,35,47,44,10,6,16,21,51,33,12,53,26,45,39,30,24,5,4,32,27,1,34,19,41,50,13,17,48,57,31,40,7,36,18,28,37
536;52;7,5,4,32,2,20,23,15,42,49,29,38,14,46,8,3,11,43,9,12,53,26,45,39,30,24,48,44,10,6,16,21,51,47,22,36,31,33,57,35,50,13,17,37,28,41,19,34,1,27,18,40
537;52;10,38,14,20,23,15,42,49,29,36,9,2,6,16,21,51,47,44,19,34,1,53,26,45,39,30,24,5,4,32,27,18,41,50,13,22,48,12,8,3,11,43,35,7,28,31,33,57,17,37,46,40
538;52;14,41,24,5,4,32,2,20,23,15,42,49,29,38,12,53,26,45,39,30,6,16,21,51,47,44,10,31,11,8,3,28,7,19,9,37,48,57,35,43,34,1,50,13,22,36,27,18,40,46,33,17
539;52;8,46,4,32,2,20,23,15,42,49,29,38,14,50,13,22,36,9,5,43,3,11,30,24,48,44,10,6,16,21,51,47,17,53,26,45,39,35,41,19,34,1,12,27,18,57,31,33,40,7,28,37
540;52;13,27,44,14,20,23,15,42,49,29,38,12,53,26,45,39,30,24,5,4,32,2,6,16,21,51,47,22,36,9,3,11,8,48,57,35,43,34,1,50,31,33,18,41,19,17,37,28,7,46,10,40
541;52;50,32,2,20,23,15,42,49,29,38,14,46,8,3,11,43,9,5,4,22,36,31,45,39,30,24,48,44,10,6,16,21,51,47,17,53,26,35,41,19,34,1,12,27,18,57,13,40,7,28,33,37
542;50;8,22,36,9,2,20,23,15,42,49,29,38,14,46,4,32,6,16,21,51,47,44,10,31,11,43,3,28,7,19,34,1,53,26,45,39,30,24,5,13,12,27,18,41,50,57,35,33,40,48
543;49;19,49,29,38,14,20,23,15,42,40,2,6,16,21,51,47,44,10,31,11,8,3,28,7,4,32,53,26,45,39,30,24,5,43,9,12,27,1,34,33,57,35,50,13,22,36,18,41,48
544;51;43,5,4,32,2,20,23,15,42,49,29,38,14,46,8,3,11,30,24,48,44,10,6,16,21,51,47,22,36,9,12,53,26,45,39,35,50,13,17,57,31,33,18,41,19,34,1,27,7,28,37
545;52;41,34,9,2,20,23,15,42,49,29,38,14,46,8,3,11,43,35,47,44,10,6,16,21,51,33,12,53,26,45,39,30,24,5,4,32,27,1,50,13,22,36,31,40,48,57,18,28,7,19,17,37
546;52;29,14,20,23,15,42,49,19,9,2,6,16,21,51,47,44,10,31,11,8,3,28,7,4,32,53,26,45,39,30,24,5,43,35,50,13,22,36,57,38,12,27,1,34,33,18,41,48,40,46,37,17
547;52;21,34,9,2,20,23,15,42,49,29,38,14,46,8,3,11,43,35,47,44,10,6,16,28,7,19,30,24,5,4,32,53,26,45,39,51,33,12,27,1,50,13,22,36,31,40,48,57,18,41,17,37
548;52;27,41,24,5,4,32,2,20,23,15,42,49,29,38,14,46,8,3,11,43,9,12,53,26,45,39,30,6,16,21,51,47,44,10,31,33,57,35,50,13,22,36,18,34,1,19,17,48,28,7,40,37
549;52;28,24,5,4,32,2,20,23,15,42,49,29,38,14,46,8,3,11,43,9,12,53,26,45,39,30,6,16,21,51,47,44,10,31,33,57,35,50,13,22,36,27,1,34,19,41,48,7,17,37,18,40
550;52;22,14,20,23,15,42,49,29,38,12,53,26,45,39,30,24,5,4,32,2,6,16,21,51,47,44,10,31,11,8,3,28,7,19,9,37,48,57,35,43,34,1,50,13,17,27,18,41,46,33,40,36
551;51;26,51,47,44,14,20,23,15,42,49,29,38,12,53,4,32,2,6,16,21,1,9,5,43,3,11,8,48,57,35,50,13,22,36,31,45,39,30,24,33,18,41,19,34,7,28,10,17,37,46,27
552;51;15,6,16,21,51,47,44,14,20,23,26,45,39,30,24,5,4,32,2,19,9,3,11,8,48,42,49,29,38,12,53,43,35,50,13,22,36,31,33,57,18,41,1,34,7,28,10,17,37,46,27
553;52;37,38,14,20,23,15,42,49,29,36,9,2,6,16,21,51,47,44,10,31,11,8,3,28,7,19,34,1,53,26,45,39,30,24,5,4,32,27,18,41,50,13,22,48,12,57,35,43,40,46,33,17
554;52;19,11,8,3,20,23,15,42,49,29,38,14,46,4,32,2,6,16,21,51,47,44,10,31,45,39,30,24,5,43,9,12,53,26,35,50,13,22,36,57,18,41,1,34,33,40,48,28,7,17,37,27
555;52;44,29,38,14,20,23,15,42,49,19,9,2,6,16,21,51,47,22,36,31,11,8,3,28,7,4,32,53,26,45,39,30,24,5,43,35,50,13,12,27,1,34,33,57,18,41,10,17,48,40,46,37
556;52;22,53,26,45,39,14,20,23,15,42,49,29,38,12,8,3,11,43,9,2,6,16,21,51,47,44,10,31,33,57,35,4,32,27,24,5,30,46,48,28,7,19,34,1,50,13,17,37,18,41,40,36
557;52;4,20,23,15,42,49,29,38,14,46,8,3,11,43,9,2,6,16,21,51,47,44,10,31,45,39,30,24,5,53,26,35,50,13,22,36,57,18,41,19,34,1,12,27,17,48,28,7,40,32,33,37
558;51;20,2,6,16,15,42,49,29,38,14,46,8,3,11,43,9,5,4,32,21,51,47,44,10,31,45,39,30,23,26,35,50,13,22,36,53,18,41,24,48,12,27,1,34,33,57,17,37,28,7,19
559;52;9,36,31,11,8,3,20,23,15,42,49,29,38,14,46,4,32,2,6,16,21,51,47,44,10,43,35,50,13,22,41,24,5,53,26,45,39,30,57,18,27,1,12,48,28,7,19,34,33,40,17,37
560;52;53,44,14,20,23,15,42,49,29,38,12,8,3,11,43,9,2,6,16,21,51,47,22,36,31,45,39,30,24,5,4,32,27,1,34,33,57,35,50,13,17,48,28,7,19,41,10,40,46,26,37,18
561;52;44,30,23,15,42,49,29,38,14,20,24,5,4,32,2,6,16,21,51,47,22,36,9,3,11,8,48,12,53,26,45,39,35,43,34,1,50,13,17,57,31,33,18,41,19,27,10,40,46,7,28,37
562;52;35,2,20,23,15,42,49,29,38,14,46,8,3,11,43,9,5,4,32,6,16,21,51,47,44,10,31,45,39,30,24,48,12,53,26,50,13,22,36,57,18,41,19,34,1,33,40,7,28,37,17,27
563;50;13,51,47,44,14,20,23,15,42,49,29,38,12,53,26,45,39,30,24,5,4,32,2,6,16,21,1,9,3,11,8,48,57,35,43,34,33,18,41,19,50,31,10,17,37,28,7,22,36,27
564;52;22,19,23,15,42,49,29,38,14,20,24,5,4,32,2,6,16,21,51,47,44,10,31,11,8,3,28,7,13,30,53,26,45,39,35,43,9,12,27,1,34,33,57,18,41,50,48,36,40,46,37,17
565;52;32,18,2,20,23,15,42,49,29,38,14,46,8,3,11,43,9,5,4,22,36,31,45,39,30,24,48,44,10,6,16,21,51,47,17,53,26,35,50,13,12,27,1,34,33,57,7,19,41,40,37,28
566;49;43,4,32,2,20,23,15,42,49,29,38,14,46,8,3,11,30,24,5,21,51,47,44,10,6,16,28,7,19,9,12,53,26,45,39,35,50,13,22,36,31,33,57,18,41,1,34,40,48
567;50;29,34,9,2,20,23,15,42,49,19,30,24,5,4,32,6,16,21,51,47,44,14,46,8,3,11,43,35,50,13,22,36,31,45,39,28,7,26,1,53,18,41,12,38,37,48,57,10,17,27
568;51;37,12,53,26,45,39,14,20,23,15,42,49,29,38,6,16,21,51,47,44,10,31,11,8,3,28,2,19,9,5,4,32,27,24,48,57,35,43,34,1,50,13,22,36,18,41,46,33,40,7,17
569;51;9,20,23,15,42,49,29,38,14,46,8,3,11,43,35,47,44,10,6,16,21,51,33,12,53,26,45,39,30,24,5,4,32,2,19,34,1,50,13,22,36,31,40,48,57,18,41,17,37,28,7
570;52;7,14,20,23,15,42,49,29,38,12,53,26,45,39,30,24,5,4,32,2,6,16,21,51,47,44,10,31,11,8,3,28,41,9,37,48,57,35,43,34,1,50,13,22,36,27,18,19,17,33,46,40
571;51;24,26,45,39,14,20,23,15,42,49,29,38,12,53,4,32,2,6,16,21,51,47,44,10,31,11,8,3,28,7,19,9,5,43,35,50,13,22,36,57,18,41,1,34,33,46,48,30,17,37,27
572;52;50,44,14,20,23,15,42,49,29,38,12,53,26,45,39,30,24,5,4,32,2,6,16,21,51,47,22,36,9,3,11,8,48,57,35,43,34,1,41,19,27,18,28,7,13,17,37,46,31,33,40,10
573;52;28,15,42,49,29,38,14,20,23,26,45,39,30,24,5,4,32,2,6,16,21,51,47,44,10,31,11,8,3,50,13,22,36,9,12,53,43,35,41,19,34,1,57,18,27,17,48,7,46,33,40,37
574;52;31,24,5,4,32,2,20,23,15,42,49,29,38,14,46,8,3,11,43,9,12,53,26,45,39,30,6,16,21,51,47,44,10,35,50,13,22,36,57,18,41,19,34,1,33,40,48,28,7,17,37,27
575;51;50,5,4,32,2,20,23,15,42,49,29,38,14,46,8,3,11,43,9,12,53,26,45,39,30,24,48,44,10,6,16,21,51,47,22,36,31,33,57,35,41,19,34,1,27,18,28,7,13,17,37
576;52;24,43,3,20,23,15,42,49,29,38,14,46,8,5,4,32,2,6,16,21,51,47,44,10,31,11,30,53,26,45,39,35,50,13,22,36,9,12,27,1,34,33,57,18,41,19,17,48,28,7,40,37
577;51;48,4,32,2,20,23,15,42,49,29,38,14,46,8,3,11,43,9,5,21,51,47,44,10,6,16,28,7,19,34,1,53,26,45,39,30,24,33,12,27,18,41,50,13,22,36,31,40,35,17,57
578;52;14,5,4,32,2,20,23,15,42,49,29,38,12,53,26,45,39,30,24,48,44,10,6,16,21,51,47,22,36,9,3,11,8,35,43,34,1,50,13,17,57,31,33,18,41,19,27,7,28,37,46,40
579;51;21,42,49,29,38,14,20,23,15,33,12,53,26,45,39,30,24,5,4,32,2,6,16,28,7,19,9,3,11,8,47,44,10,31,22,36,57,35,43,34,51,46,48,41,1,50,13,17,37,18,27
580;51;1,42,49,29,38,14,20,23,15,33,12,53,26,45,39,30,24,5,4,32,2,6,16,21,51,47,44,10,31,11,8,3,28,7,19,9,37,48,57,35,43,34,13,22,36,27,18,41,50,40,46
581;52;17,41,24,5,4,32,2,20,23,15,42,49,29,38,14,46,8,3,11,43,9,12,53,26,45,39,30,6,16,21,51,47,44,10,31,33,57,35,50,13,22,36,27,1,34,19,18,28,7,48,40,37
582;51;15,29,38,14,20,23,26,45,39,30,24,5,4,32,2,6,16,21,51,47,44,10,31,11,8,3,28,7,19,9,12,53,43,35,50,13,22,36,57,18,41,1,34,33,46,48,42,49,17,37,27
583;52;34,36,9,2,20,23,15,42,49,29,38,14,46,8,3,11,43,35,47,44,10,6,16,21,51,33,12,53,26,45,39,30,24,5,4,32,27,1,50,13,22,41,19,17,48,57,31,40,7,28,37,18
584;52;8,7,19,23,15,42,49,29,38,14,20,24,5,4,32,2,6,16,21,51,47,44,10,31,11,43,3,28,12,53,26,45,39,30,46,35,50,13,22,36,9,37,48,57,18,41,1,34,33,40,17,27
585;52;34,26,45,39,14,20,23,15,42,49,29,38,12,53,4,32,2,6,16,21,51,47,44,10,31,11,8,3,28,7,19,9,5,43,35,50,13,22,36,57,18,41,24,48,30,46,33,40,17,37,27,1
586;52;46,38,14,20,23,15,42,49,29,36,9,2,6,16,21,51,47,44,10,31,11,8,3,28,7,19,34,1,53,26,45,39,30,24,5,4,32,27,18,41,50,13,22,48,12,57,35,43,40,17,37,33
587;52;44,43,3,20,23,15,42,49,29,38,14,46,8,5,4,32,2,6,16,21,51,47,22,36,9,12,53,26,45,39,30,24,48,57,35,50,13,17,37,28,7,19,34,1,41,10,31,11,40,33,18,27
588;52;28,53,26,45,39,14,20,23,15,42,49,29,38,12,8,3,11,43,9,2,6,16,21,51,47,44,10,31,33,57,35,4,32,27,24,5,30,46,48,41,19,34,1,50,13,22,36,18,37,17,7,40
589;50;8,16,15,42,49,29,38,14,20,23,26,45,39,30,24,5,4,32,2,6,19,9,3,11,43,35,47,44,10,31,33,12,53,36,22,41,1,34,51,46,48,57,18,27,17,37,28,7,13,40
590;52;49,46,8,3,20,23,15,42,40,2,6,16,21,51,47,44,14,50,13,22,36,9,5,4,32,29,38,12,53,26,45,39,30,24,48,57,35,43,34,1,41,19,27,18,11,17,37,28,7,31,33,10
591;52;45,6,16,15,42,49,29,38,14,20,23,26,35,47,44,10,31,11,8,3,28,2,19,9,5,4,32,21,51,33,12,53,43,34,1,50,13,22,36,57,18,41,24,48,30,46,7,17,37,27,39,40
592;52;41,44,14,20,23,15,42,49,29,38,12,53,26,45,39,30,24,5,4,32,2,6,16,21,51,47,22,36,9,3,11,8,48,57,35,43,34,1,50,13,17,37,28,7,19,27,18,40,46,31,33,10
593;51;4,14,20,23,15,42,49,29,38,12,53,26,45,39,30,24,5,43,3,11,8,6,16,21,51,47,44,10,31,33,57,35,50,13,22,36,9,2,19,34,1,41,48,28,7,46,37,18,32,27,17
594;51;49,51,47,44,14,20,23,15,42,40,2,6,16,21,1,53,26,45,39,30,24,5,4,32,29,38,12,8,3,11,43,9,37,48,57,35,50,13,22,36,31,33,18,41,19,34,7,28,10,17,27
595;52;3,27,44,14,20,23,15,42,49,29,38,12,53,26,45,39,30,24,5,4,32,2,6,16,21,51,47,22,36,9,37,48,57,35,43,34,1,8,28,7,19,41,50,13,17,18,11,10,31,33,46,40
596;51;33,50,14,20,23,15,42,49,29,38,12,53,26,45,39,30,24,5,4,32,2,6,16,21,51,47,44,10,31,11,8,3,28,7,19,9,37,48,57,35,43,34,1,41,46,27,18,22,36,13,17
597;52;44,18,2,20,23,15,42,49,29,38,14,46,8,3,11,43,9,5,4,32,6,16,21,51,47,22,36,31,45,39,30,24,48,12,53,26,35,50,13,17,57,10,33,40,34,1,41,19,27,7,28,37
598;52;24,47,44,14,20,23,15,42,49,29,38,12,53,26,45,39,30,6,16,21,51,33,57,35,43,3,11,8,5,4,32,2,19,9,37,48,28,7,13,22,36,31,10,17,27,1,34,40,46,50,18,41
599;52;47,7,19,23,15,42,49,29,38,14,20,24,5,4,32,2,6,16,21,51,33,12,53,26,45,39,30,46,8,3,11,43,9,37,48,44,10,31,22,36,57,35,50,13,17,27,1,34,40,41,18,28
600;52;42,9,2,20,23,15,33,12,53,26,45,39,14,46,8,3,11,43,35,47,44,10,29,38,6,16,21,51,49,19,34,1,4,32,27,24,5,31,22,36,57,18,41,50,13,30,17,48,28,7,40,37
601;52;47,1,53,26,45,39,14,20,23,15,42,49,29,38,12,8,3,11,43,9,2,6,16,21,51,33,57,35,4,32,27,44,10,31,22,36,18,41,24,5,30,46,48,28,7,19,34,13,17,37,50,40
602;49;48,45,39,14,20,23,15,42,49,29,38,12,53,26,35,47,44,10,6,16,21,51,33,57,31,11,8,3,28,2,19,9,5,4,32,27,24,1,34,30,46,50,13,22,36,18,41,17,37
603;52;24,3,20,23,15,42,49,29,38,14,46,8,5,4,32,2,6,16,21,51,47,44,10,31,11,43,9,12,53,26,45,39,30,41,19,34,1,50,13,22,36,57,35,7,28,33,18,27,17,48,40,37
604;52;28,1,53,26,45,39,14,20,23,15,42,49,29,38,12,8,3,11,43,9,2,6,16,21,51,47,44,10,31,33,57,35,4,32,27,24,5,30,46,48,41,19,34,13,22,36,18,50,40,7,17,37
605;51;39,4,32,2,20,23,15,42,49,29,38,14,46,8,3,11,43,9,5,21,51,47,44,10,6,16,28,7,19,34,1,53,26,45,18,41,24,48,12,27,17,57,35,50,13,22,36,31,33,40,37
606;51;4,36,9,2,20,23,15,42,49,29,38,14,46,8,3,11,43,35,47,44,10,6,16,21,51,33,12,53,26,45,39,30,24,5,31,22,41,19,34,1,50,13,32,27,18,57,48,28,7,17,37
607;52;29,46,8,3,20,23,15,42,49,19,9,2,6,16,21,51,47,44,14,50,13,22,36,31,11,43,35,4,32,53,26,45,39,30,24,5,17,48,12,38,37,28,7,41,1,34,33,57,18,27,10,40
608;52;46,19,23,15,42,49,29,38,14,20,24,5,4,32,2,6,16,21,51,47,44,10,31,11,8,3,28,7,13,22,36,9,12,53,26,45,39,30,41,1,34,33,57,35,43,40,48,18,27,17,37,50
609;51;5,12,53,26,45,39,14,20,23,15,42,49,29,38,6,16,21,51,47,44,10,31,11,8,3,28,2,19,9,37,48,57,35,43,34,1,4,32,27,24,33,18,41,50,13,22,36,30,46,7,17
610;52;11,51,47,44,14,20,23,15,42,49,29,38,12,53,26,45,39,30,24,5,4,32,2,6,16,21,1,9,3,28,7,19,34,33,57,35,43,40,46,8,48,31,10,17,37,18,41,50,13,22,36,27
611;52;38,49,29,36,9,2,20,23,15,42,40,46,8,3,11,43,35,47,44,14,50,13,22,41,24,5,4,32,6,16,21,51,33,12,53,26,45,39,30,57,31,10,17,48,28,7,19,34,1,27,18,37
612;52;38,3,20,23,15,42,49,29,36,9,2,6,16,21,51,47,44,14,46,8,5,4,32,53,26,45,39,30,24,48,12,27,1,34,33,57,35,43,7,19,41,50,13,22,37,28,10,31,11,17,18,40
613;50;29,49,19,23,15,42,40,2,20,24,5,4,32,6,16,21,51,47,44,14,46,8,3,11,43,9,12,53,26,45,39,30,41,1,34,33,57,35,50,13,22,36,31,10,17,48,38,37,28,7
614;49;24,16,15,42,49,29,38,14,20,23,26,45,39,30,53,4,32,2,6,19,9,5,43,3,11,8,47,44,10,31,33,12,27,1,34,51,46,35,50,13,22,36,57,18,41,48,28,7,21
615;52;30,1,53,26,45,39,14,20,23,15,42,49,29,38,12,8,3,11,43,9,2,6,16,21,51,47,44,10,31,33,57,35,4,32,27,24,5,46,48,28,7,19,34,13,22,36,18,41,50,40,17,37
616;52;13,57,35,47,44,14,20,23,15,42,49,29,38,12,53,26,45,39,30,24,5,4,32,2,6,16,21,51,33,3,11,8,48,28,7,19,9,37,46,31,10,43,34,1,50,18,41,17,27,22,36,40
617;52;31,47,44,14,20,23,15,42,49,29,38,12,53,26,45,39,30,24,5,4,32,2,6,16,21,51,33,57,35,43,3,11,8,48,28,7,19,9,37,46,50,13,22,36,27,1,34,40,10,17,18,41
618;52;28,35,47,44,14,20,23,15,42,49,29,38,12,53,26,45,39,30,24,5,4,32,2,6,16,21,51,33,57,31,11,8,3,50,13,22,36,9,37,48,41,19,34,1,46,43,7,17,27,18,40,10
619;52;9,31,11,8,3,20,23,15,42,49,29,38,14,46,4,32,2,6,16,21,51,47,44,10,43,35,50,13,22,36,53,26,45,39,30,24,5,19,34,1,12,27,18,41,48,57,17,37,28,7,40,33
620;52;43,11,8,3,20,23,15,42,49,29,38,14,46,4,32,2,6,16,21,51,47,44,10,31,45,39,30,24,5,53,26,35,50,13,22,36,9,12,27,1,34,33,57,18,41,19,17,48,28,7,40,37
621;51;16,51,47,44,14,20,23,15,42,49,29,38,12,53,26,45,39,30,24,5,4,32,2,6,19,9,3,11,8,48,57,35,43,34,1,50,13,22,36,31,33,18,41,10,21,7,28,37,46,27,17
622;52;17,2,20,23,15,42,49,29,38,14,46,8,3,11,43,9,5,4,32,6,16,21,51,47,44,10,31,45,39,30,24,48,12,53,26,35,50,13,22,36,57,18,41,19,34,1,33,40,7,28,37,27
623;51;18,24,5,4,32,2,20,23,15,42,49,29,38,14,46,8,3,11,43,9,12,53,26,45,39,30,6,16,21,51,47,44,10,31,33,57,35,50,13,22,36,27,1,34,19,41,48,28,7,17,37
624;52;22,15,42,49,29,38,14,20,23,26,45,39,30,24,5,4,32,2,6,16,21,51,47,44,10,31,11,8,3,28,7,19,9,12,53,43,35,50,13,17,48,57,18,41,1,34,33,46,37,27,36,40
625;49;53,5,4,32,2,20,23,15,42,49,29,38,14,46,8,3,11,43,9,12,27,44,10,6,16,21,51,47,22,36,31,45,39,30,24,48,57,35,50,13,17,37,26,1,34,33,18,41,19
626;52;40,38,14,20,23,15,42,49,29,36,9,2,6,16,21,51,47,44,10,31,11,8,3,28,7,19,34,1,53,26,45,39,30,24,5,4,32,27,18,41,50,13,22,48,12,57,35,43,17,37,46,33
627;52;3,45,39,14,20,23,15,42,49,29,38,12,53,26,35,47,44,10,6,16,21,51,33,57,31,11,8,5,4,32,2,19,9,37,48,24,1,34,30,46,50,13,22,36,27,18,41,17,7,28,43,40
628;52;57,2,20,23,15,42,49,29,38,14,46,8,3,11,43,9,5,4,32,6,16,21,51,47,44,10,31,45,39,30,24,48,12,53,26,35,50,13,22,36,27,1,34,33,18,41,19,17,37,28,7,40
629;51;13,33,12,53,26,45,39,14,20,23,15,42,49,29,38,6,16,21,51,47,44,10,31,11,8,3,28,2,19,9,5,4,32,27,24,48,57,35,43,34,1,50,18,41,46,7,22,36,30,17,37
630;51;4,17,3,20,23,15,42,49,29,38,14,46,8,5,43,9,2,6,16,21,51,47,44,10,31,11,30,24,48,12,53,26,45,39,35,50,13,22,36,57,18,41,19,34,1,33,32,27,7,28,37
631;52;14,27,44,10,29,38,12,53,26,45,39,30,23,15,42,49,19,9,2,20,24,5,4,32,6,16,21,51,47,22,36,31,11,8,3,28,7,13,17,48,57,35,43,34,1,50,18,41,46,33,40,37
632;52;33,38,14,20,23,15,42,49,29,36,9,2,6,16,21,51,47,44,10,31,11,8,3,28,7,19,34,1,53,26,45,39,30,24,5,4,32,27,18,41,50,13,22,48,12,57,35,43,40,46,37,17
633;48;23,29,38,14,20,24,5,4,32,2,6,16,15,42,49,19,9,3,11,8,47,44,10,31,45,39,30,53,26,35,43,34,51,33,12,27,1,50,13,22,36,57,18,41,48,28,7,21
634;52;31,34,9,2,20,23,15,42,49,29,38,14,46,8,3,11,43,35,47,44,10,6,16,21,51,33,12,53,26,45,39,30,24,5,4,32,27,1,50,13,22,36,57,18,41,19,17,48,28,7,40,37
635;51;5,41,24,48,44,14,20,23,15,42,49,29,38,12,53,26,45,39,30,6,16,21,51,47,22,36,9,2,19,34,1,4,32,27,18,11,8,3,28,7,13,17,57,35,43,40,46,31,33,37,10
636;52;13,47,44,14,20,23,15,42,49,29,38,12,53,26,45,39,30,24,5,4,32,2,6,16,21,51,33,57,35,43,3,11,8,48,28,7,19,9,37,46,31,10,17,27,1,34,40,36,22,41,50,18
637;52;14,36,9,2,20,23,15,42,49,29,38,12,53,26,45,39,30,24,5,4,32,6,16,21,51,47,44,10,31,11,8,3,28,7,19,34,1,50,13,22,41,48,57,35,43,40,46,33,18,27,17,37
638;52;10,4,32,2,20,23,15,42,49,29,38,14,46,8,3,11,43,9,5,21,51,47,44,19,34,1,53,26,45,39,30,24,48,16,28,7,13,22,36,31,33,12,27,18,41,50,57,35,17,37,6,40
639;51;50,1,53,26,45,39,14,20,23,15,42,49,29,38,12,8,3,11,43,9,2,6,16,21,51,47,44,10,31,33,57,35,4,32,27,24,5,30,46,48,28,7,19,34,13,22,36,18,41,17,37
640;52;46,9,2,20,23,15,42,49,29,38,14,50,13,22,36,31,11,8,3,28,7,19,34,51,47,44,10,6,16,21,1,53,26,45,39,30,24,5,4,32,27,18,41,12,48,57,35,43,40,17,37,33
641;52;51,19,23,15,42,49,29,38,14,20,24,5,4,32,2,6,16,21,1,53,26,45,39,30,46,8,3,11,43,9,12,27,44,10,31,33,57,35,47,22,36,18,41,50,13,17,48,28,7,34,40,37
642;52;6,41,24,5,4,32,2,20,23,15,42,49,29,38,14,46,8,3,11,43,9,12,53,26,45,39,30,44,10,31,33,57,35,47,22,36,27,1,34,51,40,48,16,21,7,19,50,13,17,37,28,18
643;52;43,46,8,3,20,23,15,42,49,29,38,14,50,13,22,36,9,2,6,16,21,51,47,44,10,31,11,30,24,5,4,32,53,26,45,39,35,41,19,34,1,12,27,18,57,48,28,7,17,37,33,40
644;52;44,24,5,4,32,2,20,23,15,42,49,29,38,14,46,8,3,11,43,9,12,53,26,45,39,30,6,16,21,51,47,22,36,31,33,57,35,50,13,17,48,28,7,19,34,1,41,10,40,37,18,27
645;52;47,29,38,14,20,23,15,42,49,19,9,2,6,16,21,51,33,12,53,26,45,39,30,24,5,4,32,27,44,10,31,11,8,3,28,7,13,22,36,57,35,43,34,1,50,18,41,48,40,46,37,17
646;52;32,42,49,29,38,14,20,23,15,33,12,53,26,45,39,30,24,5,4,22,36,9,2,6,16,21,51,47,44,10,31,11,8,3,28,7,19,34,1,50,13,17,48,57,35,43,40,46,37,18,41,27
647;52;16,41,24,5,4,32,2,20,23,15,42,49,29,38,14,46,8,3,11,43,9,12,53,26,45,39,30,6,19,34,51,47,44,10,31,33,57,35,50,13,22,36,27,1,18,21,7,28,37,48,40,17
648;49;16,12,53,26,45,39,14,20,23,15,42,49,29,38,6,32,2,19,9,5,4,22,36,31,11,8,3,28,7,13,30,24,48,44,10,43,35,47,17,57,18,41,1,34,51,33,46,50,27
649;49;46,15,42,49,29,38,14,20,23,26,45,39,30,24,5,4,32,2,6,16,21,51,47,44,10,31,11,8,3,28,7,19,9,12,53,43,35,50,13,22,36,57,18,41,1,34,33,40,48
650;52;17,29,38,14,20,23,15,42,49,19,9,2,6,16,21,51,47,44,10,31,11,8,3,28,7,4,32,53,26,45,39,30,24,5,43,35,50,13,22,36,57,18,41,1,12,27,34,33,46,48,40,37
651;51;3,15,42,49,29,38,14,20,23,26,45,39,30,24,5,4,32,2,6,16,21,51,47,44,10,31,11,8,48,12,53,43,9,37,28,7,19,34,1,50,13,22,36,57,35,41,46,33,18,27,17
652;52;4,1,53,26,45,39,14,20,23,15,42,49,29,38,12,8,3,11,43,9,2,6,16,21,51,47,44,10,31,33,57,35,50,13,22,36,27,24,5,30,46,48,28,7,19,34,40,32,17,37,18,41
653;51;14,1,53,26,45,39,30,23,15,42,49,29,38,12,8,3,20,24,5,4,32,2,6,16,21,51,47,44,10,31,11,43,9,37,48,57,35,50,13,22,36,27,18,41,19,34,33,46,7,28,17
654;52;50,34,9,2,20,23,15,42,49,29,38,14,46,8,3,11,43,35,47,44,10,6,16,21,51,33,12,53,26,45,39,30,24,5,4,32,27,1,57,31,22,36,18,41,19,17,48,28,7,13,40,37
655;51;26,10,29,38,14,20,23,15,42,49,19,9,2,6,16,21,51,47,44,12,53,4,32,27,24,5,43,3,11,8,48,57,35,50,13,22,36,31,45,39,30,46,33,18,41,1,34,7,28,37,17
656;51;50,42,49,29,38,14,20,23,15,33,12,53,26,45,39,30,24,5,4,32,2,6,16,21,51,47,44,10,31,11,8,3,28,7,19,9,37,48,57,35,43,34,1,41,46,27,18,22,36,13,17
657;52;6,43,3,20,23,15,42,49,29,38,14,46,8,5,4,32,2,19,9,12,53,26,45,39,30,24,48,44,10,31,11,17,47,22,36,57,35,50,13,40,34,51,33,18,41,1,27,16,21,7,28,37
658;52;13,3,20,23,15,42,49,29,38,14,46,8,5,4,32,2,6,16,21,51,47,44,10,31,11,43,9,12,53,26,45,39,30,24,48,57,35,50,18,41,19,34,1,33,40,7,22,36,27,17,37,28
659;52;29,35,47,44,14,20,23,15,42,49,19,9,2,6,16,21,51,33,12,53,26,45,39,30,24,5,4,32,27,1,34,11,8,3,28,7,13,22,36,31,10,43,40,46,48,38,37,18,41,50,57,17
660;52;13,43,3,20,23,15,42,49,29,38,14,46,8,5,4,32,2,6,16,21,51,47,44,10,31,11,30,24,48,12,53,26,45,39,35,50,57,18,41,9,37,28,7,19,34,1,33,40,17,27,22,36
661;52;14,3,20,23,15,42,49,29,38,12,53,26,45,39,30,24,5,4,32,2,6,16,21,51,47,44,10,31,11,8,48,57,35,43,9,37,28,7,19,34,1,50,13,22,36,27,18,41,46,33,40,17
662;52;26,41,24,5,4,32,2,20,23,15,42,49,29,38,14,46,8,3,11,43,9,12,53,36,31,45,39,30,6,16,21,51,47,44,10,35,50,13,22,48,57,18,27,1,34,33,40,7,19,17,37,28
663;50;33,28,2,20,23,15,42,49,29,38,14,46,8,3,11,43,9,5,4,32,6,16,21,51,47,44,10,31,45,39,30,24,48,12,53,26,35,50,13,22,36,57,18,41,19,34,1,27,17,37
664;52;13,49,29,38,14,20,23,15,42,40,2,6,16,21,51,47,44,10,31,11,8,3,28,7,19,9,5,4,32,53,26,45,39,30,24,48,12,27,1,34,33,57,35,43,17,37,46,50,18,41,22,36
665;51;33,5,4,32,2,20,23,15,42,49,29,38,14,46,8,3,11,43,9,12,53,26,45,39,30,24,48,44,10,6,16,21,51,47,22,36,31,40,34,1,50,13,17,57,35,41,19,27,18,28,7
666;52;49,7,19,23,15,42,40,2,20,24,5,4,32,6,16,21,51,47,44,14,46,8,3,11,43,9,12,53,26,45,39,30,41,1,34,33,57,35,50,13,22,36,31,10,29,38,37,48,28,18,27,17
667;51;11,37,14,20,23,15,42,49,29,38,12,53,26,45,39,30,24,5,4,32,2,6,16,21,51,47,44,10,31,3,28,7,19,9,50,13,22,36,57,35,43,34,1,8,48,41,46,33,18,27,17
668;52;1,11,8,3,20,23,15,42,49,29,38,14,46,4,32,2,6,16,21,51,47,44,10,31,45,39,30,24,5,43,9,12,53,26,35,50,13,22,36,57,18,41,19,34,33,40,48,28,7,17,37,27
669;51;30,4,32,2,20,23,15,42,49,29,38,14,46,8,3,11,43,9,5,21,51,47,44,10,6,16,28,7,19,34,1,53,26,45,39,35,50,13,22,36,31,33,12,27,24,48,57,18,41,17,37
670;52;49,10,29,38,14,20,23,15,42,40,2,6,16,21,51,47,44,19,9,5,4,32,53,26,45,39,30,24,48,12,8,3,11,43,35,50,13,22,36,31,33,57,18,41,1,34,7,28,37,46,27,17
671;51;31,43,3,20,23,15,42,49,29,38,14,46,8,5,4,32,2,6,16,21,51,47,44,10,35,50,13,22,36,9,12,53,26,45,39,30,24,48,57,18,41,19,34,1,33,40,11,17,37,28,7
672;52;9,21,51,47,44,14,20,23,15,42,49,29,38,12,53,26,45,39,30,24,5,4,32,2,6,16,28,7,19,34,1,8,3,11,43,35,50,13,22,36,31,33,57,18,41,10,17,48,40,46,37,27
673;51;26,32,2,20,23,15,42,49,29,38,14,46,8,3,11,43,9,5,4,22,36,31,45,39,30,24,48,44,10,6,16,21,51,47,17,53,18,41,19,34,1,12,27,50,13,40,35,7,28,33,57
674;49;37,32,2,20,23,15,42,49,29,38,14,46,8,3,11,43,9,5,4,22,36,31,45,39,30,24,48,44,10,6,16,21,51,47,17,53,26,35,50,13,12,27,1,34,33,57,18,41,19
675;52;6,9,2,20,23,15,42,49,29,38,14,46,8,3,11,43,35,47,44,10,31,45,39,30,24,5,4,32,21,51,33,12,53,26,50,13,22,36,57,18,41,19,34,1,27,17,48,16,28,7,40,37
676;51;36,1,53,26,45,39,14,20,23,15,42,49,29,38,12,8,3,11,43,9,2,6,16,21,51,47,44,10,31,33,57,35,4,32,27,24,5,30,46,48,28,7,19,34,13,22,41,50,18,37,17
677;52;19,33,12,53,26,45,39,14,20,23,15,42,49,29,38,6,16,21,51,47,44,10,31,11,8,3,28,2,40,46,4,32,27,24,5,43,9,37,48,57,35,50,13,22,36,18,41,1,34,30,17,7
678;51;42,28,2,20,23,15,33,12,53,26,45,39,14,46,8,3,11,43,9,5,4,32,6,16,21,51,47,44,10,29,38,37,48,57,35,50,13,22,36,31,40,34,1,41,24,7,19,30,17,27,18
679;52;39,12,53,26,45,47,44,14,20,23,15,42,49,29,38,6,16,21,51,33,57,35,43,3,11,8,5,4,32,2,19,9,37,48,24,1,34,30,46,31,10,17,27,18,41,50,13,22,36,40,7,28
680;52;40,14,20,23,15,42,49,29,38,12,53,26,45,39,30,24,5,4,32,2,6,16,21,51,47,44,10,31,11,8,3,28,7,19,9,37,48,57,35,43,34,1,50,13,22,36,27,18,41,46,33,17
681;52;12,31,11,8,3,20,23,15,42,49,29,38,14,46,4,32,2,6,16,21,51,47,44,10,43,9,5,53,26,45,39,30,24,48,57,35,50,13,22,36,27,1,34,33,18,41,19,17,37,28,7,40
682;52;51,35,47,44,14,20,23,15,42,49,29,38,12,53,26,45,39,30,24,5,4,32,2,6,16,21,1,9,3,11,8,48,57,31,33,18,41,19,34,13,22,36,27,17,37,28,7,50,40,46,43,10
683;52;37,20,23,15,42,49,29,38,14,46,8,3,11,43,9,2,6,16,21,51,47,44,10,31,45,39,30,24,5,4,32,53,26,35,50,13,22,36,57,18,41,19,34,1,12,27,17,48,28,7,40,33
684;51;51,4,32,2,20,23,15,42,49,29,38,14,46,8,3,11,43,9,5,21,1,53,26,45,39,30,24,48,44,10,6,16,28,7,19,34,33,12,27,18,41,50,13,22,36,31,40,35,47,17,57
685;51;11,19,23,15,42,49,29,38,14,20,24,5,4,32,2,6,16,21,51,47,44,10,31,45,39,30,53,26,35,43,3,28,7,13,22,36,9,12,8,48,57,18,41,1,34,33,46,50,27,17,37
686;52;33,45,39,14,20,23,15,42,49,29,38,12,53,26,35,47,44,10,6,16,21,51,46,8,3,11,43,9,2,19,34,1,4,32,27,24,5,31,22,36,57,18,41,50,13,30,17,48,28,7,40,37
687;52;45,27,44,14,20,23,15,42,49,29,38,12,53,26,35,47,22,36,9,2,6,16,21,51,33,57,31,11,8,3,28,7,19,34,1,4,32,43,40,46,48,5,30,24,10,39,50,13,17,37,18,41
688;52;42,26,45,39,14,20,23,15,33,12,53,4,32,2,6,16,21,51,47,44,10,29,38,37,48,5,43,3,11,8,35,50,13,22,36,9,1,34,19,30,24,31,40,46,49,57,18,41,17,27,7,28
689;48;23,6,16,15,42,49,29,38,14,20,24,5,4,32,2,19,9,3,11,8,47,44,10,31,45,39,30,53,26,35,43,34,51,33,12,27,1,50,13,22,36,57,18,41,48,28,7,21
690;52;43,48,44,14,20,23,15,42,49,29,38,12,53,26,45,39,30,24,5,4,32,2,6,16,21,51,47,22,36,9,3,11,8,35,50,13,17,57,31,33,18,41,19,34,1,46,7,28,10,40,37,27
691;51;24,15,42,49,29,38,14,20,23,26,45,39,30,53,4,32,2,6,16,21,51,47,44,10,31,11,8,3,28,7,19,9,5,43,35,50,13,22,36,57,18,41,1,12,27,17,48,34,33,46,37
692;52;48,20,23,15,42,49,29,38,14,46,8,3,11,43,9,2,6,16,21,51,47,44,10,31,45,39,30,24,5,4,32,53,26,35,50,13,22,36,57,18,41,19,34,1,12,27,17,37,28,7,40,33
693;51;45,13,14,20,23,15,42,49,29,38,12,53,26,35,47,44,10,6,16,21,51,33,57,31,11,8,3,28,2,19,9,5,4,32,27,24,48,41,1,34,39,30,46,50,18,22,36,40,7,17,37
694;52;33,26,45,39,14,20,23,15,42,49,29,38,12,53,4,32,2,6,16,21,51,47,44,10,31,11,8,3,28,7,19,9,5,43,35,50,13,22,36,57,18,41,24,48,34,1,46,37,17,27,30,40
695;49;49,8,3,20,23,15,42,40,2,6,16,21,51,47,44,14,46,4,32,29,38,12,53,26,45,39,30,24,5,43,9,37,48,57,35,50,13,22,36,31,11,17,27,1,34,33,18,41,19
696;51;20,50,14,46,8,3,11,43,9,2,6,16,15,42,49,29,38,12,53,26,45,39,30,23,21,51,47,44,10,31,33,57,35,4,32,27,24,5,13,22,36,18,41,19,34,1,48,28,7,17,37
697;51;10,44,14,20,23,15,42,49,29,38,12,53,26,45,39,30,24,5,4,32,2,6,16,21,51,47,22,36,9,3,11,8,48,57,35,43,34,1,50,13,17,37,28,7,19,41,46,31,33,18,27
698;52;42,6,16,15,33,12,53,26,45,39,14,20,23,3,11,8,5,4,32,2,19,9,37,48,44,10,29,38,13,22,36,31,40,46,35,47,17,57,18,41,24,1,34,51,49,27,50,7,28,43,21,30
699;52;21,31,11,8,3,20,23,15,42,49,29,38,14,46,4,32,2,6,16,28,7,19,9,5,43,35,47,44,10,39,30,24,48,51,33,12,53,26,45,18,41,1,34,13,22,36,57,17,37,27,50,40
700;51;23,37,14,20,24,5,4,32,2,6,16,15,42,49,29,38,12,53,26,45,39,30,46,8,3,11,43,9,50,13,22,36,31,44,10,47,17,48,51,33,57,35,41,19,34,1,27,18,21,7,28
701;52;26,9,2,20,23,15,42,49,29,38,14,46,8,3,11,43,35,47,44,10,6,16,21,51,33,12,53,4,32,27,24,5,31,45,39,30,41,19,34,1,50,13,22,36,57,18,28,7,48,40,17,37
702;50;10,53,26,45,39,14,20,23,15,42,49,29,38,12,8,3,11,43,9,2,6,16,21,51,47,44,19,34,1,4,32,27,24,5,31,33,57,35,50,13,22,36,18,41,48,28,7,46,37,17
703;51;31,48,44,14,20,23,15,42,49,29,38,12,53,26,45,39,30,24,5,4,32,2,6,16,21,51,47,22,36,9,3,11,8,35,43,34,1,50,13,17,57,18,41,19,27,10,33,46,7,28,37
704;51;53,34,9,2,20,23,15,42,49,29,38,14,46,8,3,11,43,35,47,44,10,6,16,21,51,33,12,27,24,5,4,32,31,45,39,30,26,50,13,22,36,57,18,41,19,17,48,28,7,40,37
705;52;45,35,47,44,14,20,23,15,42,49,29,38,12,53,26,50,13,22,36,9,2,6,16,21,51,33,57,31,11,8,3,28,7,19,34,1,4,32,27,24,5,43,40,46,48,41,10,39,30,17,37,18
706;52;5,47,44,14,20,23,15,42,49,29,38,12,53,26,45,39,30,24,48,16,21,51,33,57,35,43,3,11,8,6,32,2,19,9,37,28,7,4,22,36,31,10,17,27,1,34,13,40,46,50,18,41
707;52;30,8,3,20,23,15,42,49,29,38,14,46,4,32,2,6,16,21,51,47,44,10,31,11,43,9,5,53,26,45,39,35,50,13,22,36,57,18,41,24,48,12,27,1,34,33,40,7,19,17,37,28
708;52;8,51,47,44,14,20,23,15,42,49,29,38,12,53,26,45,39,30,24,5,4,32,2,6,16,21,1,9,3,11,43,35,50,13,22,36,31,33,57,18,41,19,34,7,28,10,17,48,40,46,37,27
709;52;8,4,32,2,20,23,15,42,49,29,38,14,46,35,47,44,10,6,16,21,51,33,12,53,26,45,39,30,24,5,43,3,11,17,48,57,31,22,36,9,37,28,7,19,34,1,50,13,40,41,18,27
710;52;3,29,38,14,20,23,15,42,49,19,9,2,6,16,21,51,47,44,10,31,11,8,5,4,32,53,26,45,39,30,24,48,12,27,1,34,33,57,35,43,7,13,22,36,18,41,50,40,46,37,28,17
711;51;12,4,32,2,20,23,15,42,49,29,38,14,46,8,3,11,43,9,5,21,51,47,44,10,6,16,28,7,19,34,1,53,26,45,39,30,24,48,57,35,50,13,22,36,31,33,18,41,17,37,27
712;52;24,53,26,45,39,14,20,23,15,42,49,29,38,12,8,3,11,43,9,2,6,16,21,51,47,44,10,31,33,57,35,4,32,27,1,34,19,30,46,48,5,13,22,36,18,41,50,40,7,28,37,17
713;52;42,57,35,47,44,14,20,23,15,33,12,53,26,45,39,30,24,5,4,32,2,6,16,21,51,49,29,38,37,48,28,7,19,9,3,11,8,17,27,1,34,13,22,36,31,10,43,40,46,50,18,41
714;52;14,44,10,29,38,12,53,26,45,39,30,23,15,42,49,19,9,2,20,24,5,4,32,6,16,21,51,47,22,36,31,11,8,3,28,7,13,17,48,57,35,43,34,1,50,18,41,46,33,40,37,27
715;52;29,22,36,9,2,20,23,15,42,49,19,34,51,47,44,14,46,8,3,11,43,35,4,32,6,16,21,1,53,26,45,39,30,24,5,31,33,12,38,37,48,57,18,41,50,13,17,27,10,40,7,28
716;51;39,8,3,20,23,15,42,49,29,38,14,46,4,32,2,6,16,21,51,47,44,10,31,11,43,9,5,53,26,45,18,41,24,48,12,27,1,34,33,57,35,50,13,22,36,30,17,37,28,7,19
717;51;47,18,2,20,23,15,42,49,29,38,14,46,8,3,11,43,9,5,4,32,6,16,21,51,33,12,53,26,45,39,30,24,48,44,10,31,22,36,57,35,50,13,17,37,28,7,19,34,1,41,40
718;52;5,45,39,14,20,23,15,42,49,29,38,12,53,26,35,47,44,10,6,16,21,51,33,57,31,11,8,3,28,2,19,9,37,48,24,4,32,27,1,34,30,46,50,13,22,36,18,41,17,7,40,43
719;51;39,29,38,14,20,23,15,42,49,19,9,2,6,16,21,51,47,44,10,31,11,8,3,28,7,4,32,53,26,45,18,41,24,5,43,35,50,13,22,36,57,12,27,1,34,33,46,48,30,17,37
720;52;45,24,5,4,32,2,20,23,15,42,49,29,38,14,46,8,3,11,43,9,12,53,26,35,47,44,10,6,16,21,51,33,57,31,39,30,41,19,34,1,50,13,22,36,27,18,28,7,48,40,17,37
721;52;20,5,4,32,2,6,16,15,42,49,29,38,14,46,8,3,11,43,9,12,53,26,45,39,30,23,21,51,47,44,10,31,33,57,35,50,13,22,36,27,24,48,28,7,19,34,1,41,17,37,18,40
722;51;36,8,3,20,23,15,42,49,29,38,14,46,4,32,2,6,16,21,51,47,44,10,31,11,43,9,5,53,26,45,39,30,24,48,12,27,1,34,33,57,35,50,13,22,41,19,17,37,28,7,40
723;52;4,21,51,47,44,14,20,23,15,42,49,29,38,12,53,26,45,39,30,24,5,43,3,11,8,6,16,28,2,19,9,37,48,57,35,50,13,22,36,31,33,32,27,1,34,7,41,10,17,18,40,46
724;50;2,44,14,20,23,15,42,49,29,38,12,53,26,45,39,30,24,5,4,32,6,16,21,51,47,22,36,9,3,11,8,48,57,35,43,34,1,50,13,17,37,28,7,19,41,10,31,33,18,27
725;52;38,10,29,36,9,2,20,23,15,42,49,19,34,51,47,44,14,46,8,3,11,43,35,4,32,6,16,21,1,53,26,45,39,30,24,5,31,33,12,27,18,41,50,13,22,48,57,17,37,28,7,40
726;51;47,6,16,15,42,49,29,38,14,20,23,26,45,39,30,24,5,4,32,2,19,9,3,11,8,48,44,10,31,33,12,53,43,35,50,13,22,36,57,18,41,1,34,51,46,21,7,28,37,17,27
727;52;42,2,20,23,15,33,12,53,26,45,39,14,46,8,3,11,43,9,5,4,32,6,16,21,51,47,44,10,29,38,37,48,57,35,50,13,22,36,31,40,34,1,41,24,7,19,30,17,27,18,28,49
728;52;3,17,47,44,14,20,23,15,42,49,29,38,12,53,26,45,39,30,24,5,4,32,2,6,16,21,51,33,57,35,43,9,37,48,28,7,19,34,1,8,46,31,11,10,22,36,27,18,41,50,13,40
729;51;30,33,12,53,26,45,39,14,20,23,15,42,49,29,38,6,16,21,51,47,44,10,31,11,8,3,28,2,19,9,5,4,32,27,24,48,57,35,43,34,1,50,13,22,36,18,41,46,7,17,37
730;50;17,11,8,3,20,23,15,42,49,29,38,14,46,4,32,2,6,16,21,51,47,44,10,31,45,39,30,24,5,43,9,12,53,26,35,50,13,22,36,57,18,41,19,34,1,33,40,48,28,7
731;51;30,43,3,20,23,15,42,49,29,38,14,46,8,5,4,32,2,6,16,21,51,47,44,10,31,11,17,48,12,53,26,45,39,35,50,13,22,36,9,37,28,7,19,34,1,57,18,41,24,33,40
732;50;39,15,42,49,29,38,14,20,23,26,45,47,44,10,6,16,21,51,33,12,53,4,32,2,19,9,5,43,3,11,8,48,57,35,50,13,22,36,31,40,46,24,1,34,30,41,17,37,28,7
733;52;12,21,51,47,44,14,20,23,15,42,49,29,38,6,16,28,2,19,9,5,4,32,53,26,45,39,30,24,48,57,35,43,3,11,8,17,37,46,31,33,18,41,1,34,13,22,36,27,10,40,7,50
734;52;39,16,15,42,49,29,38,14,20,23,26,45,47,44,10,6,32,2,19,9,5,4,22,36,31,11,8,3,28,7,13,30,24,48,51,33,12,53,43,35,50,57,18,41,1,34,21,27,17,37,46,40
735;52;32,26,45,39,14,20,23,15,42,49,29,38,12,53,4,22,36,9,2,6,16,21,51,47,44,10,31,11,8,3,28,7,19,34,1,50,13,30,24,5,43,35,41,48,57,18,27,17,37,46,33,40
736;52;29,21,51,47,44,14,20,23,15,42,49,19,9,2,6,16,28,7,4,32,53,26,45,39,30,24,5,43,3,11,8,48,12,38,37,46,35,50,13,22,36,31,33,57,18,41,1,34,40,10,17,27
737;51;33,6,16,15,42,49,29,38,14,20,23,26,45,39,30,24,5,4,32,2,19,9,3,11,8,47,44,10,31,22,36,53,43,35,50,13,12,27,1,34,51,46,48,57,18,41,17,37,28,7,21
738;50;28,22,36,9,2,20,23,15,42,49,29,38,14,46,8,3,11,43,35,47,44,10,6,16,21,51,33,12,53,26,45,39,30,24,5,4,32,27,1,34,19,41,50,13,17,48,57,31,40,7
739;52;42,16,15,33,12,53,26,45,39,14,20,23,3,11,8,5,4,32,2,6,19,9,37,48,44,10,29,38,13,22,36,31,40,46,35,47,17,57,18,41,24,1,34,51,49,27,50,7,28,43,21,30
740;51;20,9,2,6,16,15,42,49,29,38,14,46,8,3,11,43,35,47,44,10,31,45,39,30,23,26,50,13,22,36,53,4,32,21,51,33,12,27,24,5,19,34,1,57,18,41,48,28,7,17,37
741;51;6,45,39,14,20,23,15,42,49,29,38,12,53,26,35,47,44,10,31,11,8,3,28,2,19,9,5,4,32,21,51,33,57,18,41,24,48,16,50,13,22,36,27,1,34,30,46,43,7,17,37
742;52;49,40,2,20,23,15,42,14,46,8,3,11,43,9,5,4,32,6,16,21,51,47,44,10,29,38,12,53,26,45,39,30,24,48,57,35,50,13,22,36,31,33,18,41,19,34,1,27,17,37,28,7
743;52;44,17,3,20,23,15,42,49,29,38,14,46,8,5,4,32,2,6,16,21,51,47,22,36,9,12,53,26,45,39,30,24,48,57,35,43,34,1,50,13,40,11,10,31,33,18,41,19,27,7,28,37
744;52;57,11,8,3,20,23,15,42,49,29,38,14,46,4,32,2,6,16,21,51,47,44,10,31,45,39,30,24,5,43,9,12,53,26,35,50,13,22,36,27,1,34,33,18,41,19,17,48,28,7,40,37
745;52;8,49,29,38,14,20,23,15,42,40,2,6,16,21,51,47,44,10,31,11,43,3,28,7,19,9,5,4,32,53,26,45,39,30,24,48,12,27,1,34,33,57,35,50,13,22,36,18,41,46,37,17
746;50;5,11,8,3,20,23,15,42,49,29,38,14,46,4,32,2,6,16,21,51,47,44,10,31,45,39,30,24,48,12,53,26,35,43,9,37,28,7,19,34,1,50,13,22,36,57,18,41,17,27
747;51;16,5,4,32,2,20,23,15,42,49,29,38,14,46,8,3,11,43,9,12,53,26,45,39,30,24,48,44,10,6,19,34,51,47,22,36,31,33,57,35,50,13,17,37,28,7,41,1,27,18,21
748;52;12,49,29,38,14,20,23,15,42,40,2,6,16,21,51,47,44,10,31,11,8,3,28,7,19,9,5,4,32,53,26,45,39,30,24,48,57,35,43,34,1,50,13,22,36,27,18,41,46,33,37,17
749;52;9,8,3,20,23,15,42,49,29,38,14,46,4,32,2,6,16,21,51,47,44,10,31,11,43,35,50,13,22,36,53,26,45,39,30,24,5,19,34,1,12,27,18,41,48,57,17,37,28,7,40,33
750;52;34,3,20,23,15,42,49,29,38,14,46,8,5,4,32,2,6,16,21,51,47,44,10,31,11,43,9,12,53,26,45,39,30,24,48,57,35,50,13,22,36,27,1,41,19,17,37,28,7,40,33,18
751;52;26,22,36,9,2,20,23,15,42,49,29,38,14,46,8,3,11,43,35,47,44,10,6,16,21,51,33,12,53,4,32,27,24,5,31,45,39,30,41,19,34,1,50,13,17,48,57,18,28,7,40,37
752;52;20,39,14,46,8,3,11,43,9,2,6,16,15,42,49,29,38,12,53,26,45,47,44,10,31,33,57,35,4,32,21,51,40,34,1,50,13,22,36,27,24,5,30,23,7,19,41,48,28,37,18,17
753;50;34,44,14,20,23,15,42,49,29,38,12,53,26,45,39,30,24,5,4,32,2,6,16,21,51,47,22,36,9,3,11,8,48,57,35,43,7,19,41,1,50,13,17,37,28,10,31,33,18,27
754;51;9,46,8,3,20,23,15,42,49,29,38,14,50,13,22,36,31,11,43,35,47,44,10,6,16,21,51,33,12,53,26,45,39,30,24,5,4,32,2,19,34,1,57,18,41,48,28,7,17,37,27
755;51;51,1,53,26,45,39,14,20,23,15,42,49,29,38,12,8,3,11,43,9,2,6,16,21,30,24,5,4,32,47,44,10,31,33,57,35,50,13,22,36,27,18,41,19,34,7,28,37,48,40,46
756;52;30,20,23,15,42,49,29,38,14,46,8,3,11,43,9,2,6,16,21,51,47,44,10,31,45,39,35,4,32,53,26,50,13,22,36,57,18,41,24,5,19,34,1,12,27,17,48,28,7,40,33,37
757;52;14,26,45,39,30,23,15,42,49,29,38,12,53,4,32,2,20,24,5,43,3,11,8,6,16,21,51,47,44,10,31,33,57,35,50,13,22,36,9,37,48,28,7,19,34,1,41,46,27,18,40,17
758;52;51,2,20,23,15,42,49,29,38,14,46,8,3,11,43,9,5,4,32,6,16,21,1,53,26,45,39,30,24,48,44,10,31,33,12,27,18,41,19,34,13,22,36,47,17,57,35,50,40,7,28,37
759;51;42,8,3,20,23,15,33,12,53,26,45,39,14,46,4,32,2,6,16,21,51,47,44,10,29,38,37,48,5,43,9,50,13,22,36,31,11,30,24,1,34,19,41,35,7,28,49,57,18,27,17
760;52;34,38,14,20,23,15,42,49,29,36,9,2,6,16,21,51,47,44,10,31,11,8,3,28,7,19,30,24,5,4,32,53,26,45,39,35,43,40,46,48,12,27,1,50,13,22,41,57,18,37,17,33
761;52;27,32,2,20,23,15,42,49,29,38,14,46,8,3,11,43,9,5,4,22,36,31,45,39,30,24,48,44,10,6,16,21,51,47,17,53,26,35,50,13,12,41,19,34,1,57,18,28,7,40,33,37
762;51;2,53,26,45,39,14,20,23,15,42,49,29,38,12,8,3,11,43,9,5,4,32,6,16,21,51,47,44,10,31,33,57,35,50,13,22,36,27,24,48,28,7,19,34,1,41,46,37,18,40,17
763;51;44,8,3,20,23,15,42,49,29,38,14,46,4,32,2,6,16,21,51,47,22,36,9,5,43,35,50,13,30,24,48,12,53,26,45,39,28,7,19,34,1,57,31,11,17,37,10,33,18,41,40
764;51;20,10,29,38,14,46,8,3,11,43,9,2,6,16,15,42,49,19,23,26,45,39,30,24,5,4,32,21,51,47,44,12,53,36,31,33,57,35,50,13,22,41,1,34,7,28,37,48,18,27,17
765;52;28,14,20,23,15,42,49,29,38,12,53,26,45,39,30,24,5,4,32,2,6,16,21,51,47,44,10,31,11,8,3,50,13,22,36,9,37,48,57,35,43,34,1,41,19,27,18,40,46,33,17,7
766;52;14,15,42,49,29,38,12,53,26,45,39,30,23,3,20,24,5,4,32,2,6,16,21,51,47,44,10,31,11,8,48,57,35,43,9,37,28,7,19,34,1,50,13,22,36,27,18,41,46,33,40,17
767;51;53,33,12,38,14,20,23,15,42,49,29,36,9,2,6,16,21,51,47,44,10,31,11,8,3,28,7,19,34,1,4,32,27,24,5,43,35,50,13,22,41,45,39,30,46,48,57,18,26,37,17
768;52;34,46,8,3,20,23,15,42,49,29,38,14,50,13,22,36,9,2,6,16,21,51,47,44,10,31,11,43,35,4,32,53,26,45,39,30,24,5,19,41,1,12,27,18,57,48,28,7,17,37,33,40
769;52;51,9,2,20,23,15,42,49,29,38,14,46,8,3,11,43,35,47,44,10,6,16,21,1,53,26,45,39,30,24,5,4,32,27,18,41,19,34,33,12,22,36,31,40,48,57,13,17,37,28,7,50
770;52;3,42,49,29,38,14,20,23,15,33,12,53,26,45,39,30,24,5,4,32,2,6,16,21,51,47,44,10,31,11,8,48,57,35,43,9,37,28,7,19,34,1,50,13,22,36,27,18,41,46,40,17
771;52;5,8,3,20,23,15,42,49,29,38,14,46,4,32,2,6,16,21,51,47,44,10,31,11,43,9,12,53,26,45,39,30,24,48,57,35,50,13,22,36,27,1,34,33,18,41,19,17,37,28,7,40
772;52;19,53,26,45,39,14,20,23,15,42,49,29,38,12,8,3,11,43,9,2,6,16,21,51,47,44,10,31,33,57,35,4,32,27,24,5,30,46,48,28,7,13,22,36,18,41,1,34,40,17,37,50
773;52;29,30,23,15,42,49,19,9,2,20,24,5,4,32,6,16,21,51,47,44,14,46,8,3,11,43,35,50,13,22,36,31,45,39,28,7,26,1,53,18,41,12,38,37,48,57,10,17,27,34,33,40
774;52;34,48,44,14,20,23,15,42,49,29,38,12,53,26,45,39,30,24,5,4,32,2,6,16,21,51,47,22,36,9,3,11,8,35,43,7,19,41,1,50,13,17,57,31,33,18,27,10,40,46,37,28
775;52;43,27,44,14,20,23,15,42,49,29,38,12,53,26,45,39,30,24,5,4,32,2,6,16,21,51,47,22,36,9,3,11,8,48,57,35,50,13,17,37,28,7,19,34,1,41,10,31,33,18,40,46
776;52;53,57,35,47,44,14,20,23,15,42,49,29,38,12,8,3,11,43,9,2,6,16,21,51,33,32,27,24,5,4,22,36,31,45,39,30,46,48,28,7,19,34,1,50,13,17,37,26,10,40,41,18
777;51;48,53,26,45,39,14,20,23,15,42,49,29,38,12,8,3,11,43,9,2,6,16,21,51,47,44,10,31,33,57,35,4,32,27,24,5,30,46,50,13,22,36,18,41,19,34,1,28,7,17,37
778;51;20,22,36,9,2,6,16,15,42,49,29,38,14,46,8,3,11,43,35,47,44,10,31,45,39,30,23,26,50,13,32,21,51,33,12,53,4,5,19,34,1,57,18,41,24,48,28,7,17,37,27
779;52;5,22,36,9,2,20,23,15,42,49,29,38,14,46,8,3,11,43,35,47,44,10,6,16,21,51,33,12,53,26,45,39,30,24,48,57,31,40,34,1,4,32,27,18,41,19,50,13,17,37,28,7
780;50;22,44,14,20,23,15,42,49,29,38,12,53,26,45,39,30,24,5,4,32,2,6,16,21,51,47,17,3,11,8,48,57,35,43,9,37,28,7,19,34,1,50,13,40,46,31,33,18,41,10
781;52;53,10,29,38,14,20,23,15,42,49,19,9,2,6,16,21,51,47,44,12,8,3,11,43,35,4,32,27,24,5,31,45,39,30,46,48,57,18,41,1,34,33,40,26,50,13,22,36,7,28,37,17
782;52;32,11,8,3,20,23,15,42,49,29,38,14,46,4,22,36,9,2,6,16,21,51,47,44,10,31,45,39,30,24,5,43,35,50,13,12,53,26,1,34,33,57,18,41,19,27,17,48,28,7,40,37
783;52;12,9,2,20,23,15,42,49,29,38,14,46,8,3,11,43,35,47,44,10,6,16,21,51,33,57,31,45,39,30,24,5,4,32,53,26,50,13,22,36,27,1,34,19,41,48,28,7,17,37,18,40
784;52;32,10,29,38,14,20,23,15,42,49,19,9,2,6,16,21,51,47,44,12,53,26,45,39,30,24,5,4,22,36,31,11,8,3,28,7,13,17,48,57,35,43,34,1,50,18,41,46,33,40,37,27
785;51;7,16,15,42,49,29,38,14,20,23,26,45,39,30,24,5,4,32,2,6,19,9,3,11,8,47,44,10,31,33,12,53,43,35,50,13,22,36,57,18,41,1,34,51,46,48,28,37,21,27,17
786;51;36,16,15,42,49,29,38,14,20,23,26,45,39,30,24,5,4,32,2,6,19,9,3,11,8,47,44,10,31,33,12,53,43,35,50,13,22,41,1,34,51,46,48,57,18,27,17,37,28,7,21
787;52;53,19,23,15,42,49,29,38,14,20,24,5,4,32,2,6,16,21,51,47,44,10,31,11,8,3,28,7,13,22,36,9,12,27,1,34,33,57,35,43,40,46,48,41,45,39,30,26,50,18,37,17
788;52;17,15,42,49,29,38,14,20,23,26,45,39,30,24,5,4,32,2,6,16,21,51,47,44,10,31,11,8,3,28,7,19,9,12,53,43,35,50,13,22,36,57,18,41,1,34,33,46,48,40,37,27
789;52;41,47,44,14,20,23,15,42,49,29,38,12,53,26,45,39,30,24,5,4,32,2,6,16,21,51,33,57,35,43,3,11,8,48,28,7,19,9,37,46,31,10,17,27,1,34,13,22,36,18,50,40
790;52;27,38,14,20,23,15,42,49,29,36,9,2,6,16,21,51,47,44,10,31,11,8,3,28,7,19,34,1,53,26,45,39,30,24,5,4,32,43,35,50,13,22,41,12,48,57,18,37,46,33,40,17
791;52;51,10,29,38,14,20,23,15,42,49,19,9,2,6,16,21,1,53,26,45,39,30,24,5,4,32,47,44,12,8,3,11,43,35,50,13,22,36,31,33,57,18,41,48,28,7,46,37,17,27,34,40
792;51;45,36,9,2,20,23,15,42,49,29,38,14,46,8,3,11,43,35,47,44,10,6,16,21,51,33,12,53,26,50,13,22,41,24,5,4,32,27,1,34,19,30,57,31,39,28,7,48,18,37,17
793;51;41,53,26,45,39,14,20,23,15,42,49,29,38,12,8,3,11,43,9,2,6,16,21,51,47,44,10,31,33,57,35,4,32,27,24,5,30,46,48,28,7,19,34,1,50,13,22,36,18,37,17
794;52;28,57,35,47,44,14,20,23,15,42,49,29,38,12,53,26,45,39,30,24,5,4,32,2,6,16,21,51,33,3,11,8,48,31,10,43,9,37,46,50,13,22,36,27,1,34,19,41,17,18,40,7
795;51;39,11,8,3,20,23,15,42,49,29,38,14,46,4,32,2,6,16,21,51,47,44,10,31,45,9,5,43,35,50,13,22,36,53,26,1,12,27,24,48,57,18,41,19,34,33,40,7,28,37,17
796;51;47,50,14,20,23,15,42,49,29,38,12,53,26,45,39,30,24,5,4,32,2,6,16,21,51,33,57,35,43,3,11,8,48,44,10,31,22,36,9,37,28,7,19,34,1,41,46,27,18,13,17
797;52;20,49,29,38,14,46,8,3,11,43,9,2,6,16,15,42,40,26,45,39,30,23,21,51,47,44,10,31,33,12,53,4,32,27,24,5,13,22,36,57,35,50,18,41,19,34,1,48,28,7,17,37
798;52;18,9,2,20,23,15,42,49,29,38,14,46,8,3,11,43,35,47,44,10,6,16,21,51,33,12,53,26,45,39,30,24,5,4,32,27,1,34,19,41,50,13,22,36,31,40,48,57,17,37,28,7
799;52;9,19,23,15,42,49,29,38,14,20,24,5,4,32,2,6,16,21,51,47,44,10,31,11,8,3,28,7,13,22,36,53,26,45,39,30,46,35,43,34,1,12,27,18,41,50,57,48,40,17,37,33
800;52;50,11,8,3,20,23,15,42,49,29,38,14,46,4,32,2,6,16,21,51,47,44,10,31,45,39,30,24,5,43,9,12,53,26,35,41,19,34,1,57,18,22,36,27,17,48,28,7,13,40,33,37
801;52;12,51,47,44,14,20,23,15,42,49,29,38,6,16,21,2,19,9,5,4,32,53,26,45,39,30,24,48,57,35,43,3,11,8,28,7,13,22,36,31,33,18,41,1,34,40,46,50,27,17,37,10
802;52;31,21,51,47,44,14,20,23,15,42,49,29,38,12,53,26,45,39,30,24,5,4,32,2,6,16,28,7,19,9,3,11,8,48,57,35,43,34,1,50,13,22,36,27,18,41,10,17,37,46,33,40
803;51;5,50,14,20,23,15,42,49,29,38,12,53,26,45,39,30,24,48,44,10,6,16,21,51,47,22,36,9,2,19,34,1,4,32,27,18,41,8,3,11,43,35,7,13,17,57,31,33,46,37,28
804;51;42,12,53,26,45,39,14,20,23,15,33,57,35,47,44,10,29,38,6,16,21,51,49,19,9,2,40,46,8,3,11,43,34,1,4,32,27,24,5,31,22,36,18,41,50,13,30,17,48,28,7
805;52;4,47,44,14,20,23,15,42,49,29,38,12,53,26,45,39,30,24,5,43,3,11,8,6,16,21,51,33,57,35,50,13,22,36,9,2,19,34,1,41,10,31,40,46,48,28,7,17,37,18,32,27
806;50;16,43,3,20,23,15,42,49,29,38,14,46,8,5,4,32,2,6,39,30,24,48,44,10,31,11,17,47,22,36,9,12,53,26,45,18,41,19,34,51,33,57,35,50,13,40,7,28,1,27
807;52;22,11,8,3,20,23,15,42,49,29,38,14,46,4,32,2,6,16,21,51,47,44,10,31,45,39,30,24,5,43,9,12,53,26,35,50,13,17,48,57,18,41,19,34,1,33,40,7,36,27,28,37
808;51;46,44,14,20,23,15,42,49,29,38,12,53,26,45,39,30,24,5,4,32,2,6,16,21,51,47,22,36,9,3,11,8,48,57,35,43,34,1,50,13,17,37,28,7,19,41,10,31,33,18,27
809;51;37,45,39,14,20,23,15,42,49,29,38,12,53,26,35,47,44,10,6,16,21,51,33,57,31,11,8,3,28,2,19,9,5,4,32,27,24,48,41,1,34,30,46,50,13,22,36,18,43,7,17
810;52;15,26,45,39,14,20,23,3,11,8,5,4,32,2,6,16,21,51,47,44,10,29,38,12,53,43,9,37,48,42,49,19,34,1,50,13,22,36,31,33,57,35,41,24,7,28,30,46,27,18,40,17
811;51;22,34,9,2,20,23,15,42,49,29,38,14,46,8,3,11,43,35,47,44,10,6,16,21,51,33,12,53,26,45,39,30,24,5,4,32,27,1,50,13,17,48,57,31,40,7,19,41,18,28,37
812;52;14,2,20,23,15,42,49,29,38,12,53,26,45,39,30,24,5,4,32,6,16,21,51,47,44,10,31,11,8,3,28,7,19,9,37,48,57,35,43,34,1,50,13,22,36,27,18,41,46,33,40,17
813;52;31,16,15,42,49,29,38,14,20,23,26,45,39,30,24,5,4,32,2,6,19,9,3,11,8,47,44,10,43,35,50,13,22,36,53,18,41,1,12,27,17,48,51,33,57,34,21,7,28,37,46,40
814;52;9,32,2,20,23,15,42,49,29,38,14,46,8,3,11,43,35,47,44,10,6,16,21,51,33,12,53,26,45,39,30,24,5,4,22,36,31,40,34,1,50,13,17,48,57,18,41,19,27,7,28,37
815;52;51,38,14,20,23,15,42,49,29,36,9,2,6,16,21,1,53,26,45,39,30,24,5,4,32,47,44,10,31,11,8,3,28,7,19,34,33,12,27,18,41,50,13,22,48,57,35,43,40,46,37,17
816;52;23,33,12,53,26,45,39,14,20,24,5,4,32,2,6,16,15,42,49,29,38,37,48,44,10,31,11,8,3,28,7,19,9,50,13,22,36,47,17,57,35,43,34,51,46,21,1,41,18,27,30,40
817;52;41,21,51,47,44,14,20,23,15,42,49,29,38,12,53,26,45,39,30,24,5,4,32,2,6,16,28,7,19,9,3,11,8,48,57,35,43,34,1,50,13,22,36,31,33,18,27,17,37,46,10,40
818;49;24,49,29,38,14,20,23,15,42,40,2,6,16,21,51,47,44,10,31,11,8,3,28,7,19,9,5,4,32,53,26,45,39,30,46,35,43,34,1,12,27,18,41,50,13,22,36,57,48
819;52;32,8,3,20,23,15,42,49,29,38,14,46,4,22,36,9,2,6,16,21,51,47,44,10,31,11,43,35,50,13,30,24,5,53,26,45,39,28,7,19,34,1,12,27,18,41,48,57,17,37,33,40
820;51;9,33,12,53,26,45,39,14,20,23,15,42,49,29,38,6,16,21,51,47,44,10,31,11,8,3,28,2,19,34,1,4,32,27,24,5,43,35,50,13,22,36,57,18,41,48,30,46,7,17,37
821;52;28,5,4,32,2,20,23,15,42,49,29,38,14,46,8,3,11,43,9,12,53,26,45,39,30,24,48,44,10,6,16,21,51,47,22,36,31,33,57,35,50,13,17,37,18,41,19,34,1,27,7,40
822;51;42,7,19,23,15,33,12,53,26,45,39,14,20,24,5,4,32,2,6,16,21,51,47,44,10,29,38,37,48,57,35,43,3,11,8,28,41,9,50,13,22,36,31,40,46,49,17,27,1,34,30
823;52;29,5,4,32,2,20,23,15,42,49,19,9,3,11,8,6,16,21,51,47,44,14,46,35,43,53,26,45,39,30,24,48,12,38,37,28,7,13,22,36,31,33,57,18,41,1,34,40,10,17,27,50
824;51;1,10,29,38,14,20,23,15,42,49,19,9,2,6,16,21,51,47,44,12,53,26,45,39,30,24,5,4,32,27,18,41,50,13,22,36,31,11,8,3,28,7,48,57,35,43,34,33,46,37,17
825;52;34,57,35,47,44,14,20,23,15,42,49,29,38,12,53,26,45,39,30,24,5,4,32,2,6,16,21,51,33,3,11,8,48,28,7,19,9,37,46,31,10,43,40,17,27,1,50,13,22,36,18,41
826;52;50,35,47,44,14,20,23,15,42,49,29,38,12,53,26,45,39,30,24,5,4,32,2,6,16,21,51,33,57,31,11,8,3,28,7,19,9,37,48,41,1,34,13,22,36,27,18,43,40,46,10,17
827;52;1,22,36,9,2,20,23,15,42,49,29,38,14,46,8,3,11,43,35,47,44,10,6,16,21,51,33,12,53,26,45,39,30,24,5,4,32,27,18,41,19,34,13,17,48,57,31,40,7,28,37,50
828;52;41,2,20,23,15,42,49,29,38,14,46,8,3,11,43,9,5,4,32,6,16,21,51,47,44,10,31,45,39,30,24,48,12,53,26,35,50,13,22,36,57,18,27,1,34,33,40,7,19,17,37,28
829;52;37,9,2,20,23,15,42,49,29,38,14,46,8,3,11,43,35,47,44,10,6,16,21,51,33,12,53,26,45,39,30,24,5,4,32,27,1,34,19,41,50,13,22,36,31,40,48,57,18,28,7,17
830;52;23,32,2,20,24,5,4,22,36,9,3,11,8,6,16,15,42,49,29,38,14,46,35,47,44,10,31,45,39,30,53,26,50,13,12,27,1,34,51,33,57,18,41,19,17,48,28,7,21,43,40,37
831;52;14,12,53,26,45,39,30,23,15,42,49,29,38,6,16,21,51,47,44,10,31,11,8,3,20,24,5,4,32,2,19,9,37,48,57,35,43,34,1,50,13,22,36,27,18,41,46,33,40,7,28,17
832;52;26,24,5,4,32,2,20,23,15,42,49,29,38,14,46,8,3,11,43,9,12,53,36,31,45,39,30,6,16,21,51,47,44,10,35,50,13,22,41,19,34,1,57,18,27,17,48,28,7,40,33,37
833;52;36,35,47,44,14,20,23,15,42,49,29,38,12,53,26,45,39,30,24,5,4,32,2,6,16,21,51,33,57,31,11,8,3,28,7,19,9,37,48,41,1,34,13,22,50,18,27,17,46,43,40,10
834;52;14,39,30,23,15,42,49,29,38,12,53,26,45,47,44,10,6,16,21,51,33,57,35,43,3,20,24,5,4,32,2,19,9,37,48,28,7,13,22,36,31,11,8,17,27,1,34,40,46,50,18,41
835;51;4,31,11,8,3,20,23,15,42,49,29,38,14,46,35,47,44,10,6,16,21,51,33,12,53,26,45,39,30,24,5,43,9,2,19,34,1,50,13,22,36,57,18,41,48,28,7,17,37,32,27
836;51;5,1,53,26,45,39,14,20,23,15,42,49,29,38,12,8,3,11,43,9,2,6,16,21,51,47,44,10,31,33,57,35,4,32,27,24,48,28,7,19,34,30,46,50,13,22,36,18,41,17,37
837;51;29,18,2,20,23,15,42,49,19,9,5,4,32,6,16,21,51,47,44,14,46,8,3,11,43,35,50,13,22,36,31,45,39,30,24,48,12,53,26,1,34,33,57,38,37,28,7,41,10,17,27
838;52;1,47,44,14,20,23,15,42,49,29,38,12,53,26,45,39,30,24,5,4,32,2,6,16,21,51,33,57,35,43,3,11,8,48,28,7,19,9,37,46,31,10,17,27,18,41,50,13,22,36,34,40
839;51;38,44,14,20,23,15,42,49,29,36,9,2,6,16,21,51,47,22,41,24,5,4,32,53,26,45,39,30,46,8,3,11,43,35,50,13,12,27,1,34,33,57,31,10,17,48,28,7,19,18,37
840;52;35,42,49,29,38,14,20,23,15,33,12,53,26,45,39,30,24,5,4,32,2,6,16,21,51,47,44,10,31,11,8,3,28,7,19,9,37,48,57,18,41,1,34,13,22,36,27,17,46,50,40,43
841;52;37,11,8,3,20,23,15,42,49,29,38,14,46,4,32,2,6,16,21,51,47,44,10,31,45,39,30,24,5,43,9,12,53,26,35,50,13,22,36,57,18,41,19,34,1,33,40,48,28,7,17,27
842;52;44,46,8,3,20,23,15,42,49,29,38,14,50,13,22,36,9,2,6,16,21,51,47,17,48,5,4,32,53,26,45,39,30,24,33,12,27,1,34,11,43,35,41,19,57,31,10,40,7,28,37,18
843;51;44,38,14,20,23,15,42,49,29,36,9,2,6,16,21,51,47,22,41,24,5,4,32,53,26,45,39,30,46,8,3,11,43,35,50,13,12,27,1,34,33,57,31,10,17,48,28,7,19,18,37
844;52;34,32,2,20,23,15,42,49,29,38,14,46,8,3,11,43,9,5,4,22,36,31,45,39,30,24,48,44,10,6,16,21,51,47,17,53,26,35,50,13,12,27,1,57,18,41,19,33,40,7,28,37
845;52;2,8,3,20,23,15,42,49,29,38,14,46,4,32,6,16,21,51,47,44,10,31,11,43,9,5,53,26,45,39,30,24,48,12,27,1,34,33,57,35,50,13,22,36,18,41,19,17,37,28,7,40
846;49;43,19,23,15,42,49,29,38,14,20,24,5,4,32,2,6,16,21,51,47,44,10,31,11,8,3,28,7,13,22,36,9,12,53,26,45,39,30,46,35,50,57,18,41,1,34,33,40,48
847;51;18,1,53,26,45,39,14,20,23,15,42,49,29,38,12,8,3,11,43,9,2,6,16,21,51,47,44,10,31,33,57,35,4,32,27,24,5,30,46,48,28,7,19,34,13,22,36,50,40,17,37
848;52;31,41,24,5,4,32,2,20,23,15,42,49,29,38,14,46,8,3,11,43,9,12,53,26,45,39,30,6,16,21,51,47,44,10,35,50,13,22,36,57,18,27,1,34,33,40,48,28,7,19,17,37
849;51;7,3,20,23,15,42,49,29,38,14,46,8,5,4,32,2,6,16,21,51,47,44,10,31,11,43,9,12,53,26,45,39,30,24,48,57,35,50,13,22,36,27,1,34,33,18,41,19,17,37,28
850;52;50,37,14,20,23,15,42,49,29,38,12,53,26,45,39,30,24,5,4,32,2,6,16,21,51,47,44,10,31,11,8,3,28,7,19,9,1,34,33,57,35,43,40,46,48,41,17,27,18,22,36,13
851;52;30,15,42,49,29,38,14,20,23,26,45,39,47,44,10,6,16,21,51,33,12,53,4,32,2,19,9,5,43,3,11,8,48,57,35,50,13,22,36,31,40,46,24,1,34,7,41,17,37,28,18,27
852;52;33,1,53,26,45,39,14,20,23,15,42,49,29,38,12,8,3,11,43,9,2,6,16,21,51,47,44,10,31,22,36,57,35,4,32,27,24,5,30,46,48,28,7,19,34,13,17,37,18,41,50,40
853;52;8,31,11,43,3,20,23,15,42,49,29,38,14,46,4,32,2,6,16,21,51,47,44,10,35,50,13,22,36,9,5,53,26,45,39,30,24,48,12,27,1,34,33,57,18,41,19,17,37,28,7,40
854;52;15,22,36,9,2,20,23,26,45,39,14,46,8,3,11,43,35,47,44,10,29,38,12,53,4,32,6,16,21,51,49,19,34,1,50,13,30,24,5,31,33,57,18,41,42,40,48,28,7,17,37,27
855;52;49,2,20,23,15,42,40,46,8,3,11,43,9,5,4,32,6,16,21,51,47,44,14,50,13,22,36,31,45,39,30,24,48,12,53,26,35,41,19,34,1,57,38,37,28,7,29,17,27,18,33,10
856;51;49,24,5,4,32,2,20,23,15,42,40,46,8,3,11,43,9,12,53,26,45,39,14,50,13,22,36,31,44,10,29,38,6,16,21,51,47,17,48,57,35,41,19,34,1,33,18,27,7,28,37
857;52;44,21,51,47,22,36,9,2,20,23,15,42,49,29,38,14,46,8,3,11,43,35,4,32,6,16,28,7,19,34,1,53,26,45,39,30,24,5,31,33,12,27,18,41,50,13,17,48,57,10,40,37
858;52;46,11,8,3,20,23,15,42,49,29,38,14,50,13,22,36,9,2,6,16,21,51,47,44,10,31,45,39,30,24,5,4,32,53,26,35,43,34,1,12,27,18,41,19,17,48,57,7,28,33,40,37
859;52;19,12,53,26,45,39,14,20,23,15,42,49,29,38,6,16,21,51,47,44,10,31,11,8,3,28,2,40,46,4,32,27,24,5,43,9,37,48,57,35,50,13,22,36,18,41,1,34,33,17,7,30
860;51;47,36,9,2,20,23,15,42,49,29,38,14,46,8,3,11,43,35,4,32,6,16,21,51,33,12,53,26,45,39,30,24,5,31,44,10,17,48,57,18,41,19,34,1,50,13,22,7,28,37,27
861;50;34,45,39,14,20,23,15,42,49,29,38,12,53,26,35,47,44,10,6,16,21,51,33,57,31,11,8,3,28,2,19,9,5,4,32,27,24,48,41,1,50,13,22,36,18,43,7,46,37,17
862;52;9,30,23,15,42,49,29,38,14,20,24,5,4,32,2,6,16,21,51,47,44,10,31,11,8,3,28,7,19,34,1,53,26,45,39,35,43,40,46,48,12,27,18,41,50,13,22,36,57,17,37,33
863;52;19,47,44,14,20,23,15,42,49,29,38,12,53,26,45,39,30,24,5,4,32,2,6,16,21,51,33,57,35,43,3,11,8,48,28,7,13,22,36,9,37,46,31,10,17,27,1,34,40,41,50,18
864;51;28,34,9,2,20,23,15,42,49,29,38,14,46,8,3,11,43,35,47,44,10,6,16,21,51,33,12,53,26,45,39,30,24,5,4,32,27,1,50,13,22,36,31,40,48,57,18,41,19,17,37
865;51;38,22,36,9,2,20,23,15,42,49,29,53,26,45,39,14,46,8,3,11,43,35,47,44,10,6,16,21,51,33,12,27,24,5,4,32,31,40,34,1,50,13,30,41,19,17,48,57,18,28,7
866;52;12,3,20,23,15,42,49,29,38,14,46,8,5,4,32,2,6,16,21,51,47,44,10,31,11,43,9,37,26,45,39,30,24,48,57,35,50,13,22,36,53,18,41,19,34,1,33,40,7,28,27,17
867;52;9,10,29,38,14,20,23,15,42,49,19,34,51,47,44,2,6,16,21,1,53,26,45,39,30,24,5,4,32,27,18,41,50,13,22,36,31,11,8,3,28,7,48,12,57,35,43,40,46,33,37,17
868;52;22,10,29,38,14,20,23,15,42,49,19,9,2,6,16,21,51,47,44,12,53,26,45,39,30,24,5,4,32,27,1,34,33,57,35,43,3,11,8,48,28,7,13,17,37,46,31,40,36,18,41,50
869;51;49,50,14,20,23,15,42,40,2,6,16,21,51,47,44,10,29,38,12,53,26,45,39,30,24,5,4,32,27,1,9,3,11,8,48,57,35,43,34,33,18,41,19,36,31,22,7,13,17,37,28
870;52;10,57,35,47,44,14,20,23,15,42,49,29,38,12,53,26,45,39,30,24,5,4,32,2,6,16,21,51,33,3,11,8,48,28,7,19,9,37,46,31,22,36,27,1,34,13,17,18,41,50,40,43
871;51;4,39,14,20,23,15,42,49,29,38,12,53,26,45,47,44,10,6,16,21,51,33,57,35,43,3,11,8,5,31,22,36,9,2,19,34,1,50,13,32,27,24,48,28,7,41,46,37,18,40,17
872;52;48,22,36,9,2,20,23,15,42,49,29,38,14,46,8,3,11,43,35,47,44,10,6,16,21,51,33,12,53,26,45,39,30,24,5,4,32,27,1,34,19,41,50,13,17,57,31,40,7,28,37,18
873;52;35,49,29,38,14,20,23,15,42,40,2,6,16,21,51,47,44,10,31,11,8,3,28,7,19,9,5,4,32,53,26,45,39,30,24,48,12,27,1,34,33,57,18,41,50,13,22,36,43,17,37,46
874;52;31,13,14,20,23,15,42,49,29,38,12,53,26,45,39,30,24,5,4,32,2,6,16,21,51,47,44,10,43,3,11,8,48,57,35,50,18,41,9,37,28,7,19,34,1,33,46,27,17,22,36,40
875;52;44,47,22,36,9,2,20,23,15,42,49,29,38,14,46,8,3,11,43,35,4,32,6,16,21,51,33,12,53,26,45,39,30,24,5,31,10,17,48,57,18,41,19,34,1,50,13,40,7,28,37,27
876;52;29,8,3,20,23,15,42,49,19,9,2,6,16,21,51,47,44,14,46,4,32,53,26,45,39,30,24,5,43,35,50,13,22,36,31,11,17,48,12,38,37,28,7,41,1,34,33,57,18,27,10,40
877;51;29,13,14,20,23,15,42,49,19,9,2,6,16,21,51,47,44,10,31,11,8,3,28,7,4,32,53,26,45,39,30,24,5,43,35,50,57,38,12,27,1,34,33,18,41,48,36,22,46,37,17
878;52;41,14,20,23,15,42,49,29,38,12,53,26,45,39,30,24,5,4,32,2,6,16,21,51,47,44,10,31,11,8,3,28,7,19,9,37,48,57,35,43,34,1,50,13,22,36,27,18,40,46,33,17
879;52;6,13,14,20,23,15,42,49,29,38,12,53,26,45,39,30,24,5,4,32,2,19,9,3,11,8,47,44,10,31,33,57,35,43,16,21,51,46,48,28,7,22,36,27,1,34,40,17,37,18,41,50
880;52;15,44,14,20,23,26,45,39,30,24,5,4,32,2,6,16,21,51,47,22,36,9,3,11,8,48,42,49,29,38,12,53,43,35,50,13,17,57,31,33,18,41,19,34,1,46,7,28,10,40,37,27
881;52;44,33,12,53,26,45,39,14,20,23,15,42,49,29,38,6,16,21,51,47,22,36,9,2,19,34,1,4,32,27,24,5,43,3,11,8,48,57,35,50,13,30,46,31,10,17,37,28,7,41,18,40
882;52;28,9,2,20,23,15,42,49,29,38,14,46,8,3,11,43,35,47,44,10,6,16,21,51,33,12,53,26,45,39,30,24,5,4,32,27,1,34,19,41,50,13,22,36,31,40,48,57,18,37,17,7
883;51;7,6,16,15,42,49,29,38,14,20,23,26,45,39,30,24,5,4,32,2,19,9,3,11,8,47,44,10,31,33,12,53,43,35,50,13,22,36,57,18,41,1,34,51,46,48,28,37,21,27,17
884;52;6,33,12,53,26,45,39,14,20,23,15,42,49,29,38,37,48,44,10,31,11,8,3,28,2,19,9,5,4,32,21,51,47,22,36,57,35,43,16,50,13,30,24,1,34,7,41,46,27,18,40,17
885;52;8,36,9,2,20,23,15,42,49,29,38,14,46,4,32,6,16,21,51,47,44,10,31,11,43,3,28,7,19,34,1,53,26,45,39,30,24,5,13,22,41,50,57,35,33,12,27,18,37,48,40,17
886;51;38,42,49,29,36,9,2,20,23,15,33,12,53,26,45,39,14,46,8,3,11,43,35,47,44,10,6,16,21,51,40,34,1,4,32,27,24,5,31,22,41,19,30,57,18,50,13,17,48,28,7
887;51;15,57,35,47,44,14,20,23,26,45,39,30,24,5,4,32,2,6,16,21,51,49,29,38,12,53,43,3,11,8,48,42,40,46,31,33,18,41,9,37,28,7,19,34,1,50,13,22,36,27,17
888;52;31,9,2,20,23,15,42,49,29,38,14,46,8,3,11,43,35,47,44,10,6,16,21,51,33,12,53,26,45,39,30,24,5,4,32,27,1,34,19,41,50,13,22,36,57,18,28,7,48,40,17,37
889;48;9,17,3,20,23,15,42,49,29,38,14,46,8,5,4,32,2,6,16,21,51,47,44,10,31,11,43,35,50,13,22,36,53,26,45,39,30,24,48,12,27,1,34,33,57,18,41,19
890;51;20,46,8,3,11,43,9,2,6,16,15,42,49,29,38,14,50,13,22,36,31,45,39,30,23,26,35,47,44,10,21,51,33,12,53,4,32,27,24,5,19,34,1,57,18,41,48,28,7,17,37
891;52;4,6,16,15,42,49,29,38,14,20,23,26,45,39,30,24,5,43,3,11,8,47,44,10,31,33,12,53,36,9,2,19,34,51,46,35,50,13,22,41,1,57,18,32,21,7,28,37,48,40,17,27
892;52;33,36,9,2,20,23,15,42,49,29,38,14,46,8,3,11,43,35,47,44,10,6,16,21,51,40,26,45,39,30,24,5,4,32,53,18,41,19,34,1,12,27,17,48,57,31,22,50,13,7,28,37
893;52;6,27,44,14,20,23,15,42,49,29,38,12,53,26,45,39,30,24,5,4,32,2,19,9,3,11,8,47,22,36,31,33,57,35,43,16,21,51,46,48,28,7,13,17,37,10,40,34,1,50,18,41
894;51;44,40,2,20,23,15,42,49,29,38,14,46,8,3,11,43,9,5,4,32,6,16,21,51,47,22,36,31,45,39,30,24,48,12,53,26,35,50,13,17,57,18,41,19,34,1,33,37,28,7,10
895;48;57,32,2,20,23,15,42,49,29,38,14,46,8,3,11,43,9,5,4,22,36,31,45,39,30,24,48,44,10,6,16,21,51,47,17,53,26,35,50,13,12,27,1,34,33,18,41,19
896;52;22,31,11,8,3,20,23,15,42,49,29,38,14,46,4,32,2,6,16,21,51,47,44,10,43,9,5,53,26,45,39,30,24,48,12,27,1,34,33,57,35,50,13,17,37,28,7,19,41,18,40,36
897;52;15,37,14,20,23,26,45,39,30,24,5,4,32,2,6,16,21,51,47,44,10,29,38,12,53,43,3,11,8,48,42,49,19,9,50,13,22,36,31,33,57,35,41,1,34,7,28,18,27,17,46,40
898;51;32,48,44,14,20,23,15,42,49,29,38,12,53,26,45,39,30,24,5,4,22,36,9,2,6,16,21,51,47,17,3,11,8,35,43,34,1,50,13,40,46,31,33,57,18,41,19,27,10,28,7
899;51;21,4,32,2,20,23,15,42,49,29,38,14,46,8,3,11,43,9,5,16,28,7,19,34,51,47,44,10,6,39,30,24,48,12,53,26,45,18,41,1,50,13,22,36,31,33,57,35,27,17,37
900;51;47,16,15,42,49,29,38,14,20,23,26,45,39,30,24,5,4,32,2,6,19,9,3,11,8,48,44,10,31,33,12,53,43,35,50,13,22,36,57,18,41,1,34,51,46,21,7,28,37,17,27
901;51;45,50,14,20,23,15,42,49,29,38,12,53,26,35,47,44,10,6,16,21,51,33,57,31,11,8,3,28,2,19,9,5,4,32,27,24,48,41,1,34,39,30,46,43,7,13,22,36,18,37,17
902;51;20,15,42,49,29,38,14,46,8,3,11,43,9,2,6,16,21,51,47,44,10,31,45,39,30,23,26,35,4,32,53,36,22,41,24,5,13,12,27,1,34,33,57,18,50,48,28,7,19,17,37
903;52;29,44,14,20,23,15,42,49,19,9,2,6,16,21,51,47,22,36,31,11,8,3,28,7,4,32,53,26,45,39,30,24,5,43,35,50,13,38,12,27,1,34,33,57,18,41,10,17,48,40,46,37
904;51;2,32,6,16,15,42,49,29,38,14,20,23,26,45,39,30,24,5,4,22,36,9,3,11,8,47,44,10,31,33,12,53,43,35,50,13,17,48,51,46,19,34,1,57,18,41,7,28,37,21,27
905;52;11,4,32,2,20,23,15,42,49,29,38,14,46,8,3,28,7,19,9,5,43,35,47,44,10,6,16,21,51,33,12,53,26,45,39,30,24,48,57,31,22,36,27,1,34,13,17,37,18,41,50,40
906;52;8,57,35,47,44,14,20,23,15,42,49,29,38,12,53,26,45,39,30,24,5,4,32,2,6,16,21,51,33,3,11,43,9,37,48,28,7,19,34,1,50,13,22,36,31,10,17,27,18,41,46,40
907;52;11,20,23,15,42,49,29,38,14,46,8,3,28,2,6,16,21,51,47,44,10,31,45,39,30,24,5,4,32,53,26,35,43,9,12,27,1,34,33,57,18,41,19,50,13,22,36,40,48,7,17,37
908;52;23,19,9,2,20,24,5,4,32,6,16,15,42,49,29,38,14,46,8,3,11,43,35,47,44,10,31,45,39,30,53,26,50,13,22,36,57,18,41,1,12,27,17,48,51,33,40,34,21,7,28,37
909;50;12,11,8,3,20,23,15,42,49,29,38,14,46,4,32,2,6,16,21,51,47,44,10,31,45,39,30,24,5,43,9,37,26,35,50,13,22,36,53,18,41,19,34,1,57,48,28,7,17,27
910;51;11,29,38,14,20,23,15,42,49,19,9,2,6,16,21,51,47,44,10,31,45,39,30,24,5,4,32,53,26,35,43,3,28,7,13,22,36,57,18,41,1,12,8,48,34,33,46,50,27,17,37
911;52;35,15,42,49,29,38,14,20,23,26,45,39,30,24,5,4,32,2,6,16,21,51,47,44,10,31,11,8,3,28,7,19,9,12,53,43,34,1,50,13,22,36,57,18,41,48,40,46,33,37,17,27
912;52;49,48,44,14,20,23,15,42,40,2,6,16,21,51,47,22,36,9,5,4,32,29,38,12,53,26,45,39,30,24,33,57,35,43,3,11,8,28,7,19,34,1,50,13,17,37,46,31,10,18,41,27
913;52;11,27,44,14,20,23,15,42,49,29,38,12,53,26,45,39,30,24,5,4,32,2,6,16,21,51,47,22,36,9,3,28,7,19,34,1,8,48,57,35,43,40,46,31,33,18,41,50,13,17,37,10
914;51;49,37,14,20,23,15,42,40,2,6,16,21,51,47,44,10,29,38,12,53,26,45,39,30,24,5,4,32,27,1,9,3,11,8,48,57,35,43,34,33,18,41,19,50,13,22,36,31,17,7,28
915;50;23,16,15,42,49,29,38,14,20,24,5,4,32,2,6,39,30,53,26,45,47,44,10,31,11,8,3,28,7,19,9,12,27,1,34,51,33,57,35,43,40,46,48,41,50,13,22,36,18,21
916;51;10,26,45,39,14,20,23,15,42,49,29,38,12,53,4,32,2,6,16,21,51,47,44,19,9,5,43,3,11,8,48,57,35,50,13,22,36,31,33,18,41,24,1,34,30,46,7,28,37,17,27
917;52;4,48,44,14,20,23,15,42,49,29,38,12,53,26,45,39,30,24,5,43,3,11,8,6,16,21,51,47,22,36,9,2,19,34,1,50,13,32,27,18,41,10,31,33,57,35,7,28,37,46,40,17
918;52;45,32,2,20,23,15,42,49,29,38,14,46,8,3,11,43,9,5,4,22,36,31,44,10,6,16,21,51,47,17,48,12,53,26,35,50,13,30,24,33,57,18,41,19,34,1,27,39,28,7,40,37
919;51;9,27,44,14,20,23,15,42,49,29,38,12,53,26,45,39,30,24,5,4,32,2,6,16,21,51,47,22,36,31,11,8,3,28,7,19,34,1,50,13,17,48,57,35,43,40,46,33,18,41,10
920;50;16,49,29,38,14,20,23,15,42,40,2,6,39,30,24,5,4,32,21,51,47,44,10,31,11,8,3,28,7,19,9,12,53,26,45,18,41,1,34,33,57,35,43,17,48,36,22,50,13,27
921;52;15,2,20,23,26,45,39,14,46,8,3,11,43,9,5,4,32,6,16,21,51,47,44,10,29,38,12,53,42,49,19,34,1,50,13,22,36,31,33,57,35,41,24,48,28,7,17,37,18,27,30,40
922;52;14,17,3,20,23,15,42,49,29,38,12,53,26,45,39,30,24,5,4,32,2,6,16,21,51,47,44,10,31,11,8,48,57,35,43,9,37,28,7,19,34,1,50,13,22,36,27,18,41,46,33,40
923;51;11,48,44,14,20,23,15,42,49,29,38,12,53,26,45,39,30,24,5,4,32,2,6,16,21,51,47,22,36,9,3,28,7,19,34,1,8,35,43,40,46,31,33,57,18,41,50,13,17,37,10
924;51;38,8,3,20,23,15,42,49,29,36,9,2,6,16,21,51,47,44,14,46,4,32,53,26,45,39,30,24,5,43,35,50,13,22,41,19,34,1,12,27,18,11,17,48,57,31,33,40,10,28,7
925;52;53,45,39,14,20,23,15,42,49,29,38,12,8,3,11,43,9,2,6,16,21,51,47,44,10,31,33,57,35,4,32,27,24,5,30,46,48,28,7,19,34,1,50,13,22,36,18,41,17,37,26,40
926;52;26,6,16,15,42,49,29,38,14,20,23,3,11,8,5,4,32,2,19,9,12,53,43,35,47,44,10,31,45,39,30,24,48,51,33,57,18,41,1,34,13,22,36,27,17,37,28,7,21,50,40,46
927;52;53,37,14,20,23,15,42,49,29,38,12,8,3,11,43,9,2,6,16,21,51,47,44,10,31,45,39,30,24,5,4,32,27,1,34,33,57,35,50,13,22,36,18,41,19,17,48,28,7,26,46,40
928;52;32,19,23,15,42,49,29,38,14,20,24,5,4,22,36,9,2,6,16,21,51,47,44,10,31,11,8,3,28,7,13,30,53,26,45,39,35,43,34,1,12,27,18,41,50,57,48,40,46,33,37,17
929;52;35,28,2,20,23,15,42,49,29,38,14,46,8,3,11,43,9,5,4,32,6,16,21,51,47,44,10,31,45,39,30,24,48,12,53,26,50,13,22,36,57,18,41,19,34,1,33,40,7,17,37,27
930;52;13,5,4,32,2,20,23,15,42,49,29,38,14,46,8,3,11,43,9,12,53,26,45,39,30,24,48,44,10,6,16,21,51,47,22,36,31,33,57,35,50,18,41,19,34,1,27,17,37,28,7,40
931;51;4,50,14,20,23,15,42,49,29,38,12,53,26,45,39,30,24,5,43,3,11,8,6,16,21,51,47,44,10,31,33,57,35,41,9,2,19,34,1,46,48,28,7,13,22,36,27,18,32,17,37
932;52;9,47,44,14,20,23,15,42,49,29,38,12,53,26,45,39,30,24,5,4,32,2,6,16,21,51,33,57,35,43,3,11,8,48,28,7,19,34,1,50,13,22,36,31,10,17,37,46,27,18,41,40
933;52;45,1,53,26,35,47,44,14,20,23,15,42,49,29,38,12,8,3,11,43,9,2,6,16,21,51,33,57,31,39,30,24,5,4,32,27,18,41,19,34,13,22,36,10,17,48,28,7,50,40,46,37
934;51;23,53,26,45,39,14,20,24,5,4,32,2,6,16,15,42,49,29,38,12,8,3,11,43,9,37,48,44,10,31,33,57,35,47,22,36,27,1,34,51,46,50,13,30,41,19,17,18,21,7,28
935;52;44,42,49,29,38,14,20,23,15,33,12,53,26,45,39,30,24,5,4,32,2,6,16,21,51,47,22,36,9,3,11,8,48,57,35,43,34,1,50,13,17,37,28,7,19,41,10,31,40,46,27,18
936;50;32,3,20,23,15,42,49,29,38,14,46,8,5,4,22,36,9,2,6,16,21,51,47,44,10,31,11,43,35,50,13,30,24,48,12,53,26,45,39,28,7,19,34,1,57,18,41,17,37,27
937;52;41,28,2,20,23,15,42,49,29,38,14,46,8,3,11,43,9,5,4,32,6,16,21,51,47,44,10,31,45,39,30,24,48,12,53,26,35,50,13,22,36,57,18,27,1,34,33,40,7,19,17,37
938;52;1,5,4,32,2,20,23,15,42,49,29,38,14,46,8,3,11,43,9,12,53,26,45,39,30,24,48,44,10,6,16,21,51,47,22,36,31,33,57,35,50,13,17,37,28,7,19,34,40,41,18,27
939;50;40,20,23,15,42,49,29,38,14,46,8,3,11,43,9,2,6,16,21,51,47,44,10,31,45,39,30,24,5,4,32,53,26,35,50,13,22,36,57,18,41,19,34,1,12,27,17,48,28,7
940;52;15,12,53,26,45,39,14,20,23,3,11,8,5,4,32,2,6,16,21,51,47,44,10,29,38,37,48,42,49,19,9,50,13,22,36,31,33,57,35,43,34,1,41,24,7,28,30,46,27,18,40,17
941;51;13,45,39,14,20,23,15,42,49,29,38,12,53,26,35,47,44,10,6,16,21,51,33,57,31,11,8,3,28,2,19,9,5,4,32,27,24,48,41,1,34,30,46,50,18,22,36,40,7,17,37
942;52;57,22,36,9,2,20,23,15,42,49,29,38,14,46,8,3,11,43,35,47,44,10,6,16,21,51,33,12,53,26,45,39,30,24,5,4,32,27,1,34,19,41,50,13,17,48,28,7,31,40,37,18
943;52;36,45,39,14,20,23,15,42,49,29,38,12,53,26,35,47,44,10,6,16,21,51,33,57,31,11,8,3,28,2,19,9,5,4,32,27,24,48,41,1,34,30,46,50,13,22,7,17,37,18,43,40
944;52;57,45,39,14,20,23,15,42,49,29,38,12,53,26,35,47,44,10,6,16,21,51,33,3,11,8,5,4,32,2,19,9,37,48,24,1,34,30,46,31,22,36,27,18,41,50,13,17,7,28,43,40
945;52;21,49,29,38,14,20,23,15,42,40,2,6,16,28,7,19,9,5,4,32,47,44,10,31,11,8,3,50,13,22,36,53,26,45,39,30,24,48,51,33,12,27,1,34,35,43,17,57,18,41,46,37
946;51;51,28,2,20,23,15,42,49,29,38,14,46,8,3,11,43,9,5,4,32,6,16,21,1,53,26,45,39,30,24,48,44,10,31,33,12,27,18,41,19,34,13,22,36,47,17,57,35,50,40,7
947;52;16,30,23,15,42,49,29,38,14,20,24,5,4,32,2,6,39,47,44,10,31,11,8,3,28,7,19,9,12,53,26,45,18,41,1,34,51,33,57,35,43,40,46,48,36,22,50,13,17,37,21,27
948;52;42,20,23,15,33,12,53,26,45,39,14,46,8,3,11,43,9,2,6,16,21,51,47,44,10,29,38,37,48,5,4,32,27,24,1,34,19,30,41,50,13,22,36,31,40,35,7,28,49,57,18,17
949;52;16,10,29,38,14,20,23,15,42,49,19,9,2,6,39,30,24,5,4,32,21,51,47,44,12,53,26,45,18,41,1,34,33,57,35,43,3,11,8,48,28,7,13,22,36,31,40,46,50,27,17,37
950;52;31,15,42,49,29,38,14,20,23,26,45,39,30,24,5,4,32,2,6,16,21,51,47,44,10,43,3,11,8,48,12,53,36,9,37,28,7,19,34,1,50,13,22,41,35,33,57,18,27,17,46,40
951;52;11,39,14,20,23,15,42,49,29,38,12,53,26,45,47,44,10,6,16,21,51,33,57,35,43,3,28,2,19,9,5,4,32,27,24,48,31,22,36,18,41,1,34,30,46,8,17,37,13,40,7,50
952;51;47,13,14,20,23,15,42,49,29,38,12,53,26,45,39,30,24,5,4,32,2,6,16,21,51,33,57,35,43,3,11,8,48,44,10,31,22,36,9,37,28,7,19,34,1,50,18,41,46,27,17
953;52;51,18,2,20,23,15,42,49,29,38,14,46,8,3,11,43,9,5,4,32,6,16,21,1,53,26,45,39,30,24,48,44,10,31,33,12,27,17,47,22,36,57,35,50,13,40,34,19,41,7,28,37
954;48;40,19,23,15,42,49,29,38,14,20,24,5,4,32,2,6,16,21,51,47,44,10,31,11,8,3,28,7,13,22,36,9,12,53,26,45,39,30,46,35,43,34,1,50,57,18,41,48
955;52;9,49,29,38,14,20,23,15,42,40,2,6,16,21,51,47,44,10,31,11,8,3,28,7,19,34,1,53,26,45,39,30,24,5,4,32,27,18,41,50,13,22,36,57,35,43,17,48,12,46,33,37
956;52;31,18,2,20,23,15,42,49,29,38,14,46,8,3,11,43,9,5,4,32,6,16,21,51,47,44,10,35,50,13,22,36,53,26,45,39,30,24,48,12,27,1,34,33,57,17,37,28,7,19,41,40
957;50;11,31,45,39,14,20,23,15,42,49,29,38,12,53,26,35,47,44,10,6,16,21,51,33,57,18,2,19,9,5,4,32,27,24,48,28,7,13,22,36,34,1,8,3,50,40,46,43,17,37
958;52;24,30,23,15,42,49,29,38,14,20,11,8,3,28,2,6,16,21,51,47,44,10,31,45,39,35,43,9,5,4,32,53,26,50,13,22,36,57,18,41,19,34,1,12,27,17,48,7,46,33,40,37
959;52;36,2,20,23,15,42,49,29,38,14,46,8,3,11,43,9,5,4,32,6,16,21,51,47,44,10,31,45,39,30,24,48,12,53,26,35,50,13,22,41,19,34,1,57,18,27,17,37,28,7,40,33
960;51;16,57,35,47,44,14,20,23,15,42,49,29,38,12,53,26,45,39,30,24,5,4,32,2,6,19,9,3,11,8,48,51,33,18,41,1,34,13,22,36,31,10,43,7,28,37,46,50,27,17,21
961;50;19,5,4,32,2,20,23,15,42,49,29,38,14,46,8,3,11,43,9,12,53,26,45,39,30,24,48,44,10,6,16,21,51,47,22,36,31,33,57,35,50,13,17,37,28,7,41,1,34,40
962;52;14,11,8,3,20,23,15,42,49,29,38,12,53,26,45,39,30,24,5,4,32,2,6,16,21,51,47,44,10,31,33,57,35,43,9,37,48,28,7,19,34,1,50,13,22,36,27,18,41,46,40,17
963;51;31,14,20,23,15,42,49,29,38,12,53,26,45,39,30,24,5,4,32,2,6,16,21,51,47,44,10,43,3,11,8,48,57,35,50,13,22,36,9,37,28,7,19,34,1,41,46,33,18,27,17
964;51;53,50,14,20,23,15,42,49,29,38,12,8,3,11,43,9,2,6,16,21,51,47,44,10,31,45,39,30,24,5,4,32,27,1,34,33,57,35,41,19,36,22,48,28,7,13,17,37,26,46,40
965;52;11,50,14,20,23,15,42,49,29,38,12,53,26,45,39,30,24,5,4,32,2,6,16,21,51,47,44,10,31,3,28,7,19,9,37,48,57,35,43,34,1,8,17,27,18,41,46,33,40,36,22,13
966;51;4,44,14,20,23,15,42,49,29,38,12,53,26,45,39,30,24,5,43,3,11,8,6,16,21,51,47,22,36,9,2,19,34,1,50,13,32,27,18,41,10,31,33,57,35,7,28,37,48,40,46
967;52;5,29,38,14,20,23,15,42,49,19,9,2,6,16,21,51,47,44,10,31,11,8,3,28,7,4,32,53,26,45,39,30,24,48,12,27,1,34,33,57,35,43,40,46,50,13,22,36,18,41,17,37
968;52;17,51,47,44,14,20,23,15,42,49,29,38,12,53,26,45,39,30,24,5,4,32,2,6,16,21,1,9,3,11,8,48,57,35,43,34,33,18,41,19,50,13,22,36,31,10,40,46,7,28,37,27
969;51;15,5,4,32,2,20,23,26,45,39,14,46,8,3,11,43,9,12,53,42,49,29,38,6,16,21,51,47,44,10,31,33,57,35,50,13,22,36,27,24,48,28,7,19,34,1,41,17,37,18,40
970;52;5,57,35,47,44,14,20,23,15,42,49,29,38,12,53,26,45,39,30,24,48,16,21,51,33,3,11,8,6,32,2,19,9,37,28,7,4,22,36,31,10,43,34,1,50,13,17,27,18,41,46,40
971;52;10,48,44,14,20,23,15,42,49,29,38,12,53,26,45,39,30,24,5,4,32,2,6,16,21,51,47,22,36,9,3,11,8,35,43,34,1,50,13,17,57,31,33,18,41,19,27,7,28,37,46,40
972;52;16,1,53,26,45,39,14,20,23,15,42,49,29,38,12,8,3,11,43,9,2,6,32,21,51,47,44,10,31,33,57,35,4,22,36,27,24,5,30,46,48,28,7,19,34,13,17,37,18,41,50,40
973;52;33,48,44,14,20,23,15,42,49,29,38,12,53,26,45,39,30,24,5,4,32,2,6,16,21,51,47,22,36,9,3,11,8,35,43,34,1,50,13,17,57,31,10,40,46,19,41,18,27,7,28,37
974;52;45,15,42,49,29,38,14,20,23,26,35,47,44,10,6,16,21,51,33,12,53,4,32,2,19,9,5,43,3,11,8,48,57,31,39,30,24,1,34,13,22,36,27,18,41,50,40,46,7,28,37,17
975;52;46,22,36,9,2,20,23,15,42,49,29,38,14,50,13,32,6,16,21,51,47,44,10,31,11,8,3,28,7,19,34,1,53,26,45,39,30,24,5,4,33,12,27,18,41,48,57,35,43,40,17,37
976;48;51,8,3,20,23,15,42,49,29,38,14,46,4,32,2,6,16,21,1,53,26,45,39,30,24,5,43,9,12,27,44,10,31,11,17,47,22,36,57,35,50,13,40,34,33,18,41,19
977;52;40,16,15,42,49,29,38,14,20,23,26,45,39,30,24,5,4,32,2,6,19,9,3,11,8,47,44,10,31,33,12,53,43,35,50,13,22,36,57,18,41,1,34,51,46,48,28,7,21,27,17,37
978;52;14,48,44,10,29,38,12,53,26,45,39,30,23,15,42,49,19,9,2,20,24,5,4,32,6,16,21,51,47,22,36,31,11,8,3,28,7,13,17,57,35,43,34,1,50,18,41,46,33,40,37,27
979;52;19,26,45,39,14,20,23,15,42,49,29,38,12,53,4,32,2,6,16,21,51,47,44,10,31,11,8,3,28,7,13,22,36,9,5,43,35,50,57,18,41,24,48,34,1,33,46,37,17,27,30,40
980;52;24,44,14,20,23,15,42,49,29,38,12,53,26,45,39,30,6,16,21,51,47,22,36,9,2,19,34,1,4,32,27,18,41,50,13,17,3,11,8,5,43,35,7,28,10,31,33,57,48,40,46,37
981;52;32,4,22,36,9,2,20,23,15,42,49,29,38,14,46,8,3,11,43,35,47,44,10,6,16,21,51,33,12,53,26,45,39,30,24,5,31,40,34,1,50,13,17,48,57,18,41,19,27,7,28,37
982;52;49,34,9,2,20,23,15,42,40,46,8,3,11,43,35,47,44,14,50,13,22,36,31,45,39,30,24,5,4,32,6,16,21,51,33,12,53,26,1,57,38,37,48,28,7,19,41,10,29,17,27,18
983;52;3,5,4,32,2,20,23,15,42,49,29,38,14,46,8,6,16,21,51,47,44,10,31,11,43,9,12,53,26,45,39,30,24,48,57,35,50,13,22,36,27,1,34,33,18,41,19,17,37,28,7,40
984;51;28,6,16,15,42,49,29,38,14,20,23,26,45,39,30,24,5,4,32,2,19,9,3,11,8,47,44,10,31,33,12,53,43,35,50,13,22,36,57,18,41,1,34,51,46,48,7,21,27,17,37
985;50;9,39,14,20,23,15,42,49,29,38,12,53,26,45,47,44,10,6,16,21,51,33,57,35,43,3,11,8,5,4,32,2,19,34,1,50,13,22,36,31,40,46,48,24,7,41,17,37,28,30
986;52;8,24,5,4,32,2,20,23,15,42,49,29,38,14,46,35,47,44,10,6,16,21,51,33,12,53,26,45,39,30,41,9,3,11,43,34,1,50,13,22,36,31,40,48,57,18,27,17,37,28,7,19
987;52;28,23,15,42,49,29,38,14,20,24,5,4,32,2,6,16,21,51,47,44,10,31,11,8,3,50,13,22,36,9,12,53,26,45,39,30,46,35,43,34,1,57,18,41,19,27,17,48,7,40,33,37
988;51;16,37,14,20,23,15,42,49,29,38,12,53,26,45,39,30,24,5,4,32,2,6,19,9,3,11,8,47,44,10,31,33,57,35,43,34,51,46,48,28,7,13,22,36,27,1,50,18,41,17,21
989;50;6,51,47,44,14,20,23,15,42,49,29,38,12,53,26,45,39,30,24,5,4,32,2,19,9,3,11,8,48,16,21,1,34,33,57,35,43,7,13,22,36,31,10,17,37,28,41,50,18,27
990;51;50,6,16,15,42,49,29,38,14,20,23,26,45,39,30,24,5,4,32,2,19,9,3,11,8,47,44,10,31,33,12,53,43,35,41,1,34,51,46,48,57,18,22,36,27,17,37,28,7,13,40
991;51;22,39,14,20,23,15,42,49,29,38,12,53,26,45,47,44,10,6,16,21,51,33,57,35,43,3,11,8,5,4,32,2,19,9,37,48,24,1,34,30,46,31,40,7,13,17,27,18,41,50,36
992;51;13,37,14,20,23,15,42,49,29,38,12,53,26,45,39,30,24,5,4,32,2,6,16,21,51,47,44,10,31,11,8,3,28,7,19,9,50,57,35,43,34,1,41,48,36,22,46,33,18,27,17
993;52;39,20,23,15,42,49,29,38,14,46,8,3,11,43,9,2,6,16,21,51,47,44,10,31,45,18,41,24,5,4,32,53,26,35,50,13,22,36,57,12,27,1,34,33,40,48,28,7,19,30,17,37
994;52;30,45,39,14,20,23,15,42,49,29,38,12,53,26,35,47,44,10,6,16,21,51,33,57,31,11,8,3,28,2,19,9,5,4,32,27,24,48,41,1,34,13,22,36,18,50,40,46,43,7,17,37
995;52;8,10,29,38,14,20,23,15,42,49,19,9,2,6,16,21,51,47,44,12,53,26,45,39,30,24,5,4,32,27,1,34,33,57,35,43,3,11,17,48,28,7,13,22,36,31,40,46,50,18,41,37
996;50;28,19,23,15,42,49,29,38,14,20,24,5,4,32,2,6,16,21,51,47,44,10,31,11,8,3,50,13,22,36,9,12,53,26,45,39,30,46,35,43,34,1,57,18,41,48,7,17,37,27
997;52;11,26,45,39,14,20,23,15,42,49,29,38,12,53,4,32,2,6,16,21,51,47,44,10,31,3,28,7,19,9,5,43,35,50,13,22,36,57,18,41,24,48,8,17,37,46,33,40,34,1,27,30
998;52;20,34,9,2,6,16,15,42,49,29,38,14,46,8,3,11,43,35,47,44,10,31,45,39,30,23,26,50,13,22,36,53,4,32,21,51,33,12,27,24,5,19,41,1,57,18,28,7,48,40,17,37
999;52;1,6,16,15,42,49,29,38,14,20,23,26,45,39,30,24,5,4,32,2,19,9,3,11,8,47,44,10,31,33,12,53,43,35,50,13,22,36,57,18,41,48,51,46,21,7,28,37,17,27,34,40
1000;52;17,14,20,23,15,42,49,29,38,12,53,26,45,39,30,24,5,4,32,2,6,16,21,51,47,44,10,31,11,8,3,28,7,19,9,37,48,57,35,43,34,1,50,13,22,36,27,18,41,46,33,40
1001;51;17,5,4,32,2,20,23,15,42,49,29,38,14,46,8,3,11,43,9,12,53,26,45,39,30,24,48,44,10,6,16,21,51,47,22,36,31,33,57,35,50,13,40,34,1,41,19,27,18,28,7
1002;52;33,8,3,20,23,15,42,49,29,38,14,46,4,32,2,6,16,21,51,47,44,10,31,11,43,9,5,53,26,45,39,30,24,48,12,27,1,34,19,41,50,13,22,36,57,35,7,28,37,18,40,17
1003;52;38,27,44,14,20,23,15,42,49,29,36,9,2,6,16,21,51,47,22,41,24,5,4,32,53,26,45,39,30,46,8,3,11,43,35,50,13,12,48,57,31,33,18,34,1,19,17,37,28,7,40,10
1004;52;20,31,11,8,3,28,2,6,16,15,42,49,29,38,14,46,4,32,21,51,47,44,10,43,9,5,53,26,45,39,30,23,7,19,34,1,12,27,24,48,57,35,50,13,22,36,18,41,17,37,33,40
1005;52;47,23,15,42,49,29,38,14,20,24,5,4,32,2,6,16,21,51,33,12,53,26,45,39,30,46,8,3,11,43,9,37,48,44,10,31,22,36,57,35,50,13,17,27,1,34,19,41,18,28,7,40
1006;52;38,48,44,14,20,23,15,42,49,29,36,9,2,6,16,21,51,47,22,41,24,5,4,32,53,26,45,39,30,46,8,3,11,43,35,50,13,12,27,1,34,33,57,31,10,17,37,28,7,19,18,40
1007;52;32,41,24,5,4,22,36,9,2,20,23,15,42,49,29,38,14,46,8,3,11,43,35,47,44,10,6,16,21,51,33,12,53,26,45,39,30,57,31,40,34,1,50,13,17,48,28,7,19,27,18,37
1008;52;32,5,4,22,36,9,2,20,23,15,42,49,29,38,14,46,8,3,11,43,35,47,44,10,6,16,21,51,33,12,53,26,45,39,30,24,48,57,31,40,34,1,50,13,17,37,28,7,19,41,18,27
1009;51;2,24,5,4,32,6,16,15,42,49,29,38,14,20,23,26,45,39,30,53,43,3,11,8,47,44,10,31,33,12,27,1,9,37,48,51,46,35,50,13,22,36,57,18,41,19,34,21,7,28,17
1010;52;57,8,3,20,23,15,42,49,29,38,14,46,4,32,2,6,16,21,51,47,44,10,31,11,43,9,5,53,26,45,39,30,24,48,12,27,1,34,33,18,41,19,50,13,22,36,40,35,7,28,37,17
1011;51;5,6,16,15,42,49,29,38,14,20,23,26,45,39,30,24,48,44,10,31,11,8,3,28,2,19,9,12,53,4,32,21,51,47,22,36,57,35,43,34,1,50,13,17,37,46,33,18,41,7,40
1012;49;40,15,42,49,29,38,14,20,23,26,45,39,30,24,5,4,32,2,6,16,21,51,47,44,10,31,11,8,3,28,7,19,9,12,53,43,35,50,13,22,36,57,18,41,1,34,33,46,48
1013;51;49,15,42,40,2,20,23,26,45,39,14,46,8,3,11,43,9,5,4,32,6,16,21,51,47,44,10,29,38,12,53,36,31,33,57,35,50,13,22,41,24,48,28,7,19,34,1,27,18,37,17
1014;52;33,14,20,23,15,42,49,29,38,12,53,26,45,39,30,24,5,4,32,2,6,16,21,51,47,44,10,31,11,8,3,28,7,19,9,37,48,57,35,43,34,1,50,13,22,36,27,18,41,46,40,17
1015;50;40,13,14,20,23,15,42,49,29,38,12,53,26,45,39,30,24,5,4,32,2,6,16,21,51,47,44,10,31,11,8,3,28,7,19,9,37,48,57,35,43,34,1,50,18,41,46,33,36,22
1016;52;3,30,23,15,42,49,29,38,14,20,24,5,4,32,2,6,16,21,51,47,44,10,31,11,8,48,12,53,26,45,39,35,43,9,37,28,7,19,34,1,50,13,22,36,57,18,41,46,33,40,17,27
1017;52;35,36,9,2,20,23,15,42,49,29,38,14,46,8,3,11,43,6,16,21,51,47,44,10,31,45,39,30,24,5,4,32,53,26,50,13,22,41,19,34,1,12,27,18,57,48,28,7,17,37,33,40
1018;52;44,9,2,20,23,15,42,49,29,38,14,46,8,3,11,43,35,47,22,36,31,45,39,30,24,5,4,32,6,16,21,51,33,12,53,26,50,13,17,48,57,18,41,19,34,1,27,10,40,7,28,37
1019;51;18,5,4,32,2,20,23,15,42,49,29,38,14,46,8,3,11,43,9,12,53,26,45,39,30,24,48,44,10,6,16,21,51,47,22,36,31,33,57,35,50,13,17,37,28,7,19,34,1,41,40
1020;52;42,30,23,15,33,12,53,26,45,39,14,20,24,5,4,32,2,6,16,21,51,47,44,10,29,38,37,48,57,35,43,3,11,8,28,7,19,9,50,13,22,36,31,40,46,49,17,27,1,34,18,41
1021;52;5,20,23,15,42,49,29,38,14,46,8,3,11,43,9,2,6,16,21,51,47,44,10,31,45,39,30,24,48,12,53,26,35,4,32,27,1,34,33,57,18,41,19,50,13,22,36,40,7,28,37,17
1022;52;5,18,2,20,23,15,42,49,29,38,14,46,8,3,11,43,9,12,53,26,45,39,30,24,48,44,10,6,16,21,51,47,22,36,31,33,57,35,4,32,27,1,34,19,41,50,13,17,37,28,7,40
1023;51;57,39,14,20,23,15,42,49,29,38,12,53,26,45,47,44,10,6,16,21,51,33,3,11,8,5,4,32,2,19,9,37,48,24,1,34,30,46,35,43,7,13,22,36,31,40,17,27,18,41,50
1024;51;3,7,19,23,15,42,49,29,38,14,20,24,5,4,32,2,6,16,21,51,47,44,10,31,11,8,48,12,53,26,45,39,30,46,35,43,9,37,28,41,1,34,33,57,18,22,36,27,17,13,40
1025;51;39,57,35,47,44,14,20,23,15,42,49,29,38,12,53,26,45,9,2,6,16,21,51,33,3,11,8,5,4,32,27,24,48,28,7,19,34,1,50,13,22,36,31,10,43,40,46,37,18,41,17
1026;49;20,17,3,11,8,5,4,32,2,6,16,15,42,49,29,38,14,46,35,47,44,10,31,45,39,30,23,26,50,13,22,36,9,12,53,43,34,51,33,57,18,41,24,48,28,7,19,27,1
1027;51;38,32,2,20,23,15,42,49,29,36,9,5,4,22,41,24,48,44,14,46,8,3,11,43,35,47,17,53,26,45,39,30,6,16,21,51,33,12,27,1,34,19,50,13,40,10,31,57,18,28,7
1028;52;21,23,15,42,49,29,38,14,20,24,5,4,32,2,6,16,28,7,19,9,3,11,8,47,44,10,31,45,39,30,53,26,35,43,34,51,33,12,27,1,50,13,22,36,57,18,41,48,40,46,37,17
1029;51;23,12,53,26,45,39,14,20,24,5,4,32,2,6,16,15,42,49,29,38,37,48,44,10,31,11,8,3,28,7,19,9,50,13,22,36,47,17,57,35,43,34,51,33,18,41,1,46,21,30,40
1030;52;24,21,51,47,44,14,20,23,15,42,49,29,38,12,53,26,45,39,30,6,16,28,2,19,9,5,4,32,27,1,34,33,57,35,43,3,11,8,48,31,10,17,37,46,50,13,22,36,18,41,7,40
1031;52;39,42,49,29,38,14,20,23,15,33,12,53,26,45,47,44,10,6,16,21,51,46,8,3,11,43,9,2,19,34,1,4,32,27,24,5,31,22,36,57,35,50,13,30,41,48,28,7,17,37,18,40
1032;52;2,10,29,38,14,20,23,15,42,49,19,9,5,4,32,6,16,21,51,47,44,12,53,26,45,39,30,24,48,57,35,43,3,11,8,28,7,13,22,36,31,33,18,41,1,34,40,46,50,27,17,37
1033;52;8,9,2,20,23,15,42,49,29,38,14,46,4,32,6,16,21,51,47,44,10,31,11,43,3,28,7,19,34,1,53,26,45,39,30,24,5,13,22,36,57,35,50,18,41,12,27,17,48,40,33,37
1034;52;27,15,42,49,29,38,14,20,23,26,45,39,30,24,5,4,32,2,6,16,21,51,47,44,10,31,11,8,3,28,7,19,9,12,53,43,35,50,13,22,36,57,18,41,1,34,33,46,48,40,17,37
1035;49;41,16,15,42,49,29,38,14,20,23,26,45,39,30,24,5,4,32,2,6,19,9,3,11,8,47,44,10,31,33,12,53,43,35,50,13,22,36,57,18,27,1,34,51,46,48,28,7,21
1036;52;38,21,51,47,44,14,20,23,15,42,49,29,36,9,2,6,16,28,7,19,34,1,53,26,45,39,30,24,5,4,32,27,18,41,50,13,22,48,12,8,3,11,43,35,10,31,33,57,17,37,46,40
1037;52;43,41,24,5,4,32,2,20,23,15,42,49,29,38,14,46,8,3,11,30,53,26,45,39,47,44,10,6,16,21,51,33,12,27,1,9,37,48,57,35,50,13,22,36,31,40,34,19,17,18,28,7
1038;52;13,1,53,26,45,39,14,20,23,15,42,49,29,38,12,8,3,11,43,9,2,6,16,21,51,47,44,10,31,33,57,35,4,32,27,24,5,30,46,48,28,7,19,34,40,17,37,18,41,50,36,22
1039;52;11,36,9,2,20,23,15,42,49,29,38,14,46,8,3,28,7,19,34,51,47,44,10,6,16,21,1,53,26,45,39,30,24,5,4,32,27,18,41,50,13,22,48,12,31,33,57,35,43,40,17,37
1040;52;51,57,35,47,44,14,20,23,15,42,49,29,38,12,53,26,45,39,30,24,5,4,32,2,6,16,21,1,9,3,11,8,48,28,7,19,34,33,18,41,50,13,22,36,31,10,43,40,46,37,17,27
1041;52;46,2,20,23,15,42,49,29,38,14,50,13,22,36,9,5,4,32,6,16,21,51,47,44,10,31,11,8,3,28,7,19,34,1,53,26,45,39,30,24,48,12,27,18,41,35,43,40,17,57,33,37
1042;52;40,39,14,20,23,15,42,49,29,38,12,53,26,45,47,44,10,6,16,21,51,33,57,35,43,3,11,8,5,4,32,2,19,9,37,48,24,1,34,30,46,31,22,36,27,18,41,50,13,17,7,28
1043;52;24,28,2,20,23,15,42,49,29,38,14,46,8,3,11,43,9,5,4,32,6,16,21,51,47,44,10,31,45,39,30,53,26,35,50,13,22,36,57,18,41,19,34,1,12,27,17,48,7,40,33,37
1044;52;21,41,24,5,4,32,2,20,23,15,42,49,29,38,14,46,8,3,11,43,9,12,53,26,45,39,30,6,16,28,7,19,34,51,47,44,10,31,33,57,35,50,13,22,36,27,1,18,37,48,40,17
1045;51;26,33,12,53,4,32,2,20,23,15,42,49,29,38,14,46,8,3,11,43,9,5,21,51,47,44,10,6,16,28,7,19,34,1,50,13,22,36,31,45,39,30,24,48,57,35,41,17,37,18,27
1046;51;21,53,26,45,39,14,20,23,15,42,49,29,38,12,8,3,11,43,9,2,6,16,28,7,19,34,51,47,44,10,31,33,57,35,4,32,27,24,5,30,46,48,41,1,50,13,22,36,18,37,17
1047;52;1,35,47,44,14,20,23,15,42,49,29,38,12,53,26,45,39,30,24,5,4,32,2,6,16,21,51,33,57,31,11,8,3,28,7,19,9,37,48,41,50,13,22,36,27,18,43,34,40,46,10,17
1048;49;32,28,2,20,23,15,42,49,29,38,14,46,8,3,11,43,9,5,4,22,36,31,45,39,30,24,48,44,10,6,16,21,51,47,17,53,26,35,50,13,12,27,1,34,33,57,18,41,19
1049;52;11,22,36,9,2,20,23,15,42,49,29,38,14,46,8,3,28,7,19,34,51,47,44,10,6,16,21,1,53,26,45,39,30,24,5,4,32,27,18,41,50,13,12,48,57,35,43,40,17,37,31,33
1050;51;40,44,14,20,23,15,42,49,29,38,12,53,26,45,39,30,24,5,4,32,2,6,16,21,51,47,22,36,9,3,11,8,48,57,35,43,34,1,50,13,17,37,28,7,19,41,10,31,33,18,27
1051;52;22,21,51,47,44,14,20,23,15,42,49,29,38,12,53,26,45,39,30,24,5,4,32,2,6,16,28,7,19,9,3,11,8,48,57,35,43,34,1,50,13,17,37,46,31,33,18,41,10,40,36,27
1052;51;49,16,15,42,40,2,20,23,26,45,39,14,46,8,3,11,43,9,5,4,32,6,19,34,51,47,44,10,29,38,12,53,36,31,33,57,35,50,13,22,41,24,48,28,7,21,1,27,18,37,17
1053;52;42,19,23,15,33,12,53,26,45,39,14,20,24,5,4,32,2,6,16,21,51,47,44,10,29,38,37,48,57,35,43,3,11,8,28,7,13,22,36,9,50,31,40,46,49,17,27,1,34,30,41,18
1054;51;26,16,15,42,49,29,38,14,20,23,3,11,8,5,4,32,2,6,39,30,24,48,44,10,31,45,47,22,36,9,12,53,43,35,50,13,17,57,18,41,19,34,51,33,46,21,1,27,7,28,37
1055;51;5,39,14,20,23,15,42,49,29,38,12,53,26,45,47,44,10,6,16,21,51,33,57,35,43,3,11,8,2,19,9,37,48,24,4,32,27,1,34,30,46,31,22,36,18,41,50,13,17,7,28
1056;49;45,7,19,23,15,42,49,29,38,14,20,24,5,4,32,2,6,16,21,51,47,44,10,31,11,8,3,28,12,53,26,35,43,9,37,48,57,18,41,1,34,33,46,50,13,22,36,27,17
1057;51;26,44,14,20,23,15,42,49,29,38,12,53,4,32,2,6,16,21,51,47,22,36,9,5,43,3,11,8,48,57,35,50,13,30,24,33,18,41,45,39,28,7,19,34,1,46,31,10,17,37,27
1058;50;10,3,20,23,15,42,49,29,38,14,46,8,5,4,32,2,6,16,21,51,47,44,19,9,12,53,26,45,39,30,24,48,57,35,43,34,1,50,13,22,36,31,11,17,37,28,7,41,18,27
1059;52;30,16,15,42,49,29,38,14,20,23,26,45,39,47,44,10,6,32,2,19,9,5,4,22,36,31,11,8,3,28,7,13,12,53,43,35,50,57,18,41,24,48,51,33,46,21,1,34,40,17,37,27
1060;52;1,20,23,15,42,49,29,38,14,46,8,3,11,43,9,2,6,16,21,51,47,44,10,31,45,39,30,24,5,4,32,53,26,35,50,13,22,36,57,18,41,19,34,33,12,27,17,48,28,7,40,37
1061;52;16,29,38,14,20,23,15,42,49,19,9,2,6,39,30,24,5,4,32,21,51,47,44,10,31,11,8,3,28,7,13,22,36,53,26,45,18,41,1,12,27,17,48,57,35,43,34,33,46,50,40,37
1062;50;31,5,4,32,2,20,23,15,42,49,29,38,14,46,8,3,11,43,9,12,53,26,45,39,30,24,48,44,10,6,16,21,51,47,22,36,57,35,50,13,17,37,28,7,19,34,1,41,18,27
1063;52;45,44,14,20,23,15,42,49,29,38,12,53,26,35,47,22,36,9,2,6,16,21,51,33,57,31,11,8,3,28,7,19,34,1,4,32,27,24,5,43,40,46,48,41,50,13,30,17,37,10,39,18
1064;52;53,39,14,20,23,15,42,49,29,38,12,8,3,11,43,9,2,6,16,21,51,47,44,10,31,45,18,41,24,5,4,32,27,1,34,33,57,35,50,13,22,36,30,46,48,28,7,19,17,37,26,40
1065;52;35,13,14,20,23,15,42,49,29,38,12,53,26,45,39,30,24,5,4,32,2,6,16,21,51,47,44,10,31,11,8,3,28,7,19,9,37,48,57,18,41,1,34,33,46,50,36,22,43,40,17,27
1066;52;2,3,20,23,15,42,49,29,38,14,46,8,5,4,32,6,16,21,51,47,44,10,31,11,43,9,12,53,26,45,39,30,24,48,57,35,50,13,22,36,27,1,34,33,18,41,19,17,37,28,7,40
1067;51;20,35,47,44,14,46,8,3,11,43,9,2,6,16,15,42,49,29,38,12,53,26,45,39,30,23,21,51,33,57,31,10,5,4,32,27,24,48,28,7,19,34,1,50,13,22,36,18,41,17,37
1068;51;1,45,39,14,20,23,15,42,49,29,38,12,53,26,35,47,44,10,6,16,21,51,33,57,31,11,8,3,28,2,19,9,5,4,32,27,24,48,41,50,13,22,36,18,43,34,30,46,7,17,37
1069;51;44,6,16,15,42,49,29,38,14,20,23,26,45,39,30,24,5,4,32,2,19,9,3,11,8,47,22,36,31,33,12,53,43,35,50,13,17,48,51,46,21,1,34,7,41,10,57,18,27,28,37
1070;52;9,53,26,45,39,14,20,23,15,42,49,29,38,12,8,3,11,43,35,47,44,10,6,16,21,51,33,57,31,22,36,27,24,5,4,32,2,19,34,1,50,13,30,46,48,28,7,41,17,37,18,40
1071;50;31,28,2,20,23,15,42,49,29,38,14,46,8,3,11,43,9,5,4,32,6,16,21,51,47,44,10,35,50,13,22,36,53,26,45,39,30,24,48,12,27,1,34,33,57,18,41,19,17,37
1072;51;16,18,2,20,23,15,42,49,29,38,14,46,8,3,11,43,9,5,4,32,6,39,30,24,48,44,10,31,45,47,22,36,53,26,35,50,13,12,27,1,34,51,33,57,17,37,28,7,19,41,40
1073;50;53,16,15,42,49,29,38,14,20,23,26,45,39,30,24,5,4,32,2,6,19,9,3,11,8,47,44,10,31,33,12,27,1,34,51,46,35,43,7,13,22,36,57,18,41,50,48,28,37,21
1074;52;2,13,14,20,23,15,42,49,29,38,12,53,26,45,39,30,24,5,4,32,6,16,21,51,47,44,10,31,11,8,3,28,7,19,9,37,48,57,35,43,34,1,50,18,41,46,33,40,17,27,22,36
1075;51;9,13,14,20,23,15,42,49,29,38,12,53,26,45,39,30,24,5,4,32,2,6,16,21,51,47,44,10,31,11,8,3,28,7,19,34,1,50,57,35,43,40,46,48,41,17,37,18,22,36,27
1076;52;40,12,53,26,45,39,14,20,23,15,42,49,29,38,6,16,21,51,47,44,10,31,11,8,3,28,2,19,9,5,4,32,27,24,48,57,35,43,34,1,50,13,22,36,18,41,46,33,37,17,7,30
1077;52;49,43,3,20,23,15,42,40,2,6,16,21,51,47,44,14,46,8,5,4,32,29,38,12,53,26,45,39,30,24,48,57,35,50,13,22,36,9,37,28,7,19,34,1,41,10,31,11,17,27,18,33
1078;50;31,23,15,42,49,29,38,14,20,24,5,4,32,2,6,16,21,51,47,44,10,43,3,11,8,48,12,53,26,45,39,30,46,35,50,13,22,36,9,37,28,7,19,34,1,57,18,41,17,27
1079;52;33,47,44,14,20,23,15,42,49,29,38,12,53,26,45,39,30,24,5,4,32,2,6,16,21,51,46,8,3,11,43,9,37,48,57,35,50,13,22,36,31,10,17,27,1,34,19,41,18,28,7,40
1080;52;57,53,26,45,39,14,20,23,15,42,49,29,38,12,8,3,11,43,9,2,6,16,21,51,47,44,10,31,33,32,27,24,5,4,22,36,18,41,19,34,1,50,13,30,46,35,7,28,37,48,40,17
1081;52;39,34,9,2,20,23,15,42,49,29,38,14,46,8,3,11,43,35,47,44,10,6,16,21,51,33,12,53,26,45,18,41,24,5,4,32,27,1,50,13,22,36,31,40,48,57,17,37,28,7,19,30
1082;52;8,14,20,23,15,42,49,29,38,12,53,26,45,39,30,24,5,4,32,2,6,16,21,51,47,44,10,31,11,43,3,28,7,19,9,37,48,57,35,50,13,22,36,27,1,34,33,18,41,46,40,17
1083;51;26,15,42,49,29,38,14,20,23,3,11,8,5,4,32,2,6,16,21,51,47,44,10,31,45,39,30,24,48,12,53,43,9,37,28,7,19,34,1,50,13,22,36,57,35,41,46,33,18,27,17
1084;52;36,20,23,15,42,49,29,38,14,46,8,3,11,43,9,2,6,16,21,51,47,44,10,31,45,39,30,24,5,4,32,53,26,35,50,13,22,41,19,34,1,12,27,18,57,48,28,7,17,37,33,40
1085;52;39,27,44,14,20,23,15,42,49,29,38,12,53,26,45,47,22,36,9,2,6,16,21,51,33,57,35,43,3,11,8,5,4,32,31,10,17,48,24,1,34,19,30,46,50,13,40,7,41,18,28,37
1086;52;33,22,36,9,2,20,23,15,42,49,29,38,14,46,8,3,11,43,35,47,44,10,6,16,21,51,40,26,45,39,30,24,5,4,32,53,18,41,19,34,1,12,27,17,48,57,31,13,7,28,37,50
1087;51;43,38,14,20,23,15,42,49,29,36,9,2,6,16,21,51,47,44,10,31,11,8,3,28,7,19,34,1,53,26,45,39,30,24,5,4,32,27,18,41,50,13,22,48,12,57,35,33,46,37,17
1088;52;57,49,29,38,14,20,23,15,42,40,2,6,16,21,51,47,44,10,31,11,8,3,28,7,19,9,5,4,32,53,26,45,39,30,24,48,12,27,1,34,33,18,41,50,13,22,36,35,43,17,37,46
1089;52;24,11,8,3,20,23,15,42,49,29,38,14,46,4,32,2,6,16,21,51,47,44,10,31,45,39,30,53,26,35,43,9,5,13,22,36,57,18,41,19,34,1,12,27,17,48,28,7,50,40,33,37
1090;52;3,43,9,2,20,23,15,42,49,29,38,14,46,8,5,4,32,6,16,21,51,47,44,10,31,11,30,24,48,12,53,26,45,39,35,50,13,22,36,57,18,41,19,34,1,33,40,7,28,37,17,27
1091;52;42,47,44,14,20,23,15,33,12,53,26,45,39,30,24,5,4,32,2,6,16,21,51,49,29,38,37,48,57,35,43,3,11,8,28,7,19,9,50,13,22,36,31,10,17,27,1,34,40,46,41,18
1092;52;3,48,44,14,20,23,15,42,49,29,38,12,53,26,45,39,30,24,5,4,32,2,6,16,21,51,47,22,36,9,37,28,7,19,34,1,8,35,43,40,46,31,11,17,57,18,41,50,13,27,10,33
1093;51;3,39,14,20,23,15,42,49,29,38,12,53,26,45,47,44,10,6,16,21,51,33,57,35,43,9,2,19,34,1,4,32,27,24,5,31,11,8,48,28,7,13,22,36,18,41,50,40,46,37,17
1094;50;51,12,53,26,45,39,14,20,23,15,42,49,29,38,6,16,21,2,19,9,5,4,32,47,44,10,31,11,8,3,28,7,13,22,36,57,35,43,34,1,50,24,48,41,46,33,18,27,17,37
1095;51;15,23,26,45,39,14,20,24,5,4,32,2,6,16,21,51,47,44,10,29,38,12,53,43,3,11,8,48,42,49,19,9,37,28,7,13,22,36,31,33,57,35,50,18,41,1,34,30,46,27,17
1096;52;49,35,47,44,14,20,23,15,42,40,2,6,16,21,51,33,12,53,26,45,39,30,24,5,4,32,29,38,37,48,57,31,11,8,3,28,7,19,9,50,13,22,36,27,1,34,46,43,17,18,41,10
1097;52;31,8,3,20,23,15,42,49,29,38,14,46,4,32,2,6,16,21,51,47,44,10,43,9,5,53,26,45,39,30,24,48,12,27,1,34,33,57,35,50,13,22,36,18,41,19,17,37,28,7,11,40
1098;52;4,35,47,44,14,20,23,15,42,49,29,38,12,53,26,45,39,30,24,5,43,3,11,8,6,16,21,51,33,57,31,10,32,2,19,9,37,48,28,7,13,22,36,27,1,34,40,46,50,18,41,17
1099;52;6,17,3,20,23,15,42,49,29,38,14,46,8,5,4,32,2,19,9,12,53,26,45,39,30,24,48,44,10,31,11,43,35,47,22,36,57,18,41,1,34,51,33,40,7,13,27,16,21,28,37,50
1100;52;23,47,44,14,20,24,5,4,32,2,6,16,15,42,49,29,38,12,53,26,45,39,30,46,8,3,11,43,9,37,48,51,33,57,35,50,13,22,36,31,10,21,1,34,19,41,17,27,18,28,7,40
1101;52;32,24,5,4,22,36,9,2,20,23,15,42,49,29,38,14,46,8,3,11,43,35,47,44,10,6,16,21,51,33,12,53,26,45,39,30,41,19,34,1,50,13,17,48,57,31,40,7,28,37,18,27
1102;52;43,57,35,47,44,14,20,23,15,42,49,29,38,12,53,26,45,39,30,24,5,4,32,2,6,16,21,51,33,3,11,8,48,28,7,19,9,37,46,31,10,17,27,1,34,13,22,36,18,41,50,40
1103;52;9,41,24,5,4,32,2,20,23,15,42,49,29,38,14,46,8,3,11,43,35,47,44,10,6,16,21,51,33,12,53,26,45,39,30,57,31,22,36,27,1,34,19,50,13,17,48,28,7,40,37,18
1104;50;36,5,4,32,2,20,23,15,42,49,29,38,14,46,8,3,11,43,9,12,53,26,45,39,30,24,48,44,10,6,16,21,51,47,22,41,19,34,1,50,13,17,57,35,7,28,31,33,18,27
1105;52;31,1,53,26,45,39,14,20,23,15,42,49,29,38,12,8,3,11,43,9,2,6,16,21,51,47,44,10,35,4,32,27,24,5,30,46,48,57,18,41,19,34,33,40,7,13,22,36,50,37,28,17
1106;51;20,51,47,44,14,46,8,3,11,43,9,2,6,16,15,42,49,29,38,12,53,26,45,39,30,23,21,1,34,33,57,35,4,32,27,24,5,31,10,17,48,28,7,19,41,50,13,22,36,18,37
1107;52;22,32,2,20,23,15,42,49,29,38,14,46,8,3,11,43,9,5,4,10,6,16,21,51,47,44,19,34,1,53,26,45,39,30,24,48,12,27,18,41,50,13,17,57,35,7,36,31,33,40,37,28
1108;51;10,23,15,42,49,29,38,14,20,24,5,4,32,2,6,16,21,51,47,44,19,9,3,11,8,48,12,53,26,45,39,30,46,35,43,34,1,50,13,22,36,31,33,57,18,41,17,37,28,7,40
1109;52;24,20,23,15,42,49,29,38,14,46,8,3,11,43,9,2,6,16,21,51,47,44,10,31,45,39,30,53,26,35,4,32,27,1,12,22,36,57,18,41,19,34,33,40,48,5,13,17,37,28,7,50
1110;52;14,4,32,2,20,23,15,42,49,29,38,12,53,26,45,39,30,24,5,43,3,11,8,6,16,21,51,47,44,10,31,33,57,35,50,13,22,36,9,37,48,28,7,19,34,1,41,46,27,18,40,17
1111;51;29,20,23,15,42,49,19,9,2,6,16,21,51,47,44,14,46,8,3,11,43,35,4,32,53,26,45,39,30,24,5,31,33,12,38,37,48,57,18,41,1,34,13,22,36,27,17,7,28,10,40
1112;52;10,49,29,38,14,20,23,15,42,40,2,6,16,21,51,47,44,19,9,5,4,32,53,26,45,39,30,24,48,12,8,3,11,43,35,50,13,22,36,31,33,57,18,41,1,34,7,28,37,46,27,17
1113;51;31,36,9,2,20,23,15,42,49,29,38,14,46,8,3,11,43,35,47,44,10,6,16,21,51,33,12,53,26,45,39,30,24,5,4,32,27,1,34,19,41,50,13,22,48,57,18,28,7,17,37
1114;52;8,1,53,26,45,39,14,20,23,15,42,49,29,38,12,27,44,10,6,16,21,51,47,22,36,9,2,19,34,33,57,35,43,3,11,30,24,5,4,32,31,40,46,48,28,7,13,17,37,18,41,50
1115;52;17,19,23,15,42,49,29,38,14,20,24,5,4,32,2,6,16,21,51,47,44,10,31,11,8,3,28,7,13,22,36,9,12,53,26,45,39,30,46,35,43,34,1,50,57,18,41,48,40,33,37,27
1116;51;5,26,45,39,14,20,23,15,42,49,29,38,12,53,4,32,2,6,16,21,51,47,44,10,31,11,8,3,28,7,19,9,37,48,57,35,43,34,1,50,13,22,36,27,24,33,18,41,46,40,17
1117;52;53,29,38,14,20,23,15,42,49,19,9,2,6,16,21,51,47,44,10,31,11,8,3,28,7,4,32,27,24,5,43,35,50,13,22,36,57,18,41,45,39,30,46,48,12,1,34,33,40,26,37,17
1118;51;14,45,39,30,23,15,42,49,29,38,12,53,26,35,47,44,10,6,16,21,51,33,57,31,11,8,3,20,24,5,4,32,2,19,9,37,48,28,7,13,22,36,27,1,34,40,46,50,18,41,17
1119;52;45,26,35,47,44,14,20,23,15,42,49,29,38,12,53,4,32,2,6,16,21,51,33,57,31,11,8,3,28,7,19,9,5,43,34,1,50,13,22,36,27,24,48,41,10,39,30,46,37,18,40,17
1120;52;21,32,2,20,23,15,42,49,29,38,14,46,8,3,11,43,9,5,4,22,36,31,45,39,30,24,48,44,10,6,16,28,7,19,34,51,47,17,53,26,35,50,13,12,27,1,57,18,41,40,33,37
1121;51;20,14,46,8,3,11,43,9,2,6,16,15,42,49,29,38,12,53,26,45,39,30,23,21,51,47,44,10,31,33,57,35,4,32,27,24,5,13,22,36,18,41,19,34,1,50,48,28,7,17,37
1122;52;8,29,38,14,20,23,15,42,49,19,9,2,6,16,21,51,47,44,10,31,11,43,3,28,7,4,32,53,26,45,39,30,24,5,46,35,50,13,22,36,57,18,41,1,12,27,17,48,34,33,40,37
1123;52;2,34,9,5,4,32,6,16,15,42,49,29,38,14,20,23,26,45,39,30,24,48,44,10,31,11,8,3,28,7,19,51,47,22,36,53,43,35,50,13,12,27,1,57,18,41,46,33,40,17,37,21
1124;51;23,57,35,47,44,14,20,24,5,4,32,2,6,16,15,42,49,29,38,12,53,26,45,39,30,46,8,3,11,43,9,37,48,51,33,18,41,19,34,1,50,13,22,36,31,10,21,7,28,27,17
1125;52;15,45,39,14,20,23,26,35,47,44,10,29,38,12,53,4,32,2,6,16,21,51,49,19,9,5,43,3,11,8,48,42,40,46,31,33,57,18,41,24,1,34,30,17,37,28,7,13,22,36,27,50
1126;52;22,26,45,39,14,20,23,15,42,49,29,38,12,53,4,32,2,6,16,21,51,47,44,10,31,11,8,3,28,7,19,9,5,43,35,50,13,30,24,48,57,18,41,1,34,33,46,37,17,27,36,40
1127;52;8,27,44,14,20,23,15,42,49,29,38,12,53,26,45,39,30,24,5,4,32,2,6,16,21,51,47,22,36,9,3,11,43,35,50,13,17,48,57,31,33,18,41,19,34,1,46,7,28,10,40,37
1128;52;39,32,2,20,23,15,42,49,29,38,14,46,8,3,11,43,9,5,4,22,36,31,45,47,44,10,6,16,21,51,33,12,53,26,35,50,13,30,24,48,57,18,41,19,34,1,27,17,37,28,7,40
1129;51;21,35,47,44,14,20,23,15,42,49,29,38,12,53,26,45,39,30,24,5,4,32,2,6,16,28,7,19,9,3,11,8,48,51,33,57,31,10,43,34,1,50,13,22,36,27,18,41,46,37,17
1130;52;45,22,36,9,2,20,23,15,42,49,29,38,14,46,8,3,11,43,35,47,44,10,6,16,21,51,33,12,53,26,50,13,32,27,24,5,4,41,19,34,1,57,31,39,30,17,48,28,7,40,37,18
1131;52;28,38,14,20,23,15,42,49,29,36,9,2,6,16,21,51,47,44,10,31,11,8,3,50,13,22,41,24,5,4,32,53,26,45,39,30,46,35,43,34,1,12,27,18,57,48,7,19,17,37,33,40
1132;52;43,22,36,9,2,20,23,15,42,49,29,38,14,46,8,3,11,30,24,5,4,32,6,16,21,51,47,44,10,31,45,39,35,50,13,12,53,26,1,34,33,57,18,41,19,27,17,48,28,7,40,37
1133;52;4,46,8,3,20,23,15,42,49,29,38,14,50,13,22,36,9,2,6,16,21,51,47,44,10,31,11,43,35,41,24,5,53,26,45,39,30,32,27,1,12,48,57,18,34,33,40,7,19,17,37,28
1134;52;30,39,14,20,23,15,42,49,29,38,12,53,26,45,47,44,10,6,16,21,51,33,57,35,43,3,11,8,5,4,32,2,19,9,37,48,24,1,34,13,22,36,31,40,46,50,18,41,17,27,7,28
1135;52;6,37,14,20,23,15,42,49,29,38,12,53,26,45,39,30,24,5,4,32,2,19,9,3,11,8,47,44,10,31,33,57,35,43,16,21,51,46,48,28,7,13,22,36,27,1,34,40,17,18,41,50
1136;51;15,43,3,20,23,26,45,39,14,46,8,5,4,32,2,6,16,21,51,47,44,10,29,38,12,53,42,49,19,9,37,48,57,35,50,13,22,36,31,11,30,24,33,18,41,1,34,7,28,27,17
1137;51;16,17,3,20,23,15,42,49,29,38,14,46,8,5,4,32,2,6,39,30,24,48,44,10,31,11,43,9,12,53,26,45,47,22,36,57,35,50,13,40,34,51,33,18,41,19,27,1,28,7,21
1138;52;4,42,49,29,38,14,20,23,15,33,12,53,26,45,39,30,24,5,43,3,11,8,6,16,21,51,47,44,10,31,22,36,9,2,19,34,1,50,13,32,27,18,41,48,57,35,7,28,37,46,40,17
1139;52;27,20,23,15,42,49,29,38,14,46,8,3,11,43,9,2,6,16,21,51,47,44,10,31,45,39,30,24,5,4,32,53,26,35,50,13,22,36,57,18,41,19,34,1,12,48,28,7,17,37,33,40
1140;52;47,27,44,14,20,23,15,42,49,29,38,12,53,26,45,39,30,24,5,4,32,2,6,16,21,51,33,57,35,43,3,11,8,48,28,7,19,9,37,46,31,10,17,34,1,50,13,22,36,18,41,40
1141;52;38,15,42,49,29,36,9,2,20,23,26,45,39,14,46,8,3,11,43,35,47,44,10,6,16,21,51,33,12,53,4,32,27,24,5,31,22,41,19,34,1,50,13,30,57,18,28,7,48,40,17,37
1142;52;18,36,9,2,20,23,15,42,49,29,38,14,46,8,3,11,43,35,47,44,10,6,16,21,51,33,12,53,26,45,39,30,24,5,4,32,27,1,34,19,41,50,13,22,48,57,31,40,7,28,37,17
1143;51;53,7,19,23,15,42,49,29,38,14,20,24,5,4,32,2,6,16,21,51,47,44,10,31,11,8,3,28,12,27,1,9,37,26,45,39,30,46,35,43,34,33,57,18,41,50,13,22,36,40,48
1144;52;38,4,32,2,20,23,15,42,49,29,36,9,5,43,3,11,8,6,16,21,51,47,44,14,46,35,50,13,22,41,24,48,12,53,26,45,39,30,57,31,33,18,27,1,34,19,17,37,28,7,40,10
1145;52;35,30,23,15,42,49,29,38,14,20,24,5,4,32,2,6,16,21,51,47,44,10,31,11,8,3,28,7,19,9,12,53,26,45,39,43,34,1,50,13,22,36,57,18,41,48,40,46,33,37,17,27
1146;51;1,36,9,2,20,23,15,42,49,29,38,14,46,8,3,11,43,35,47,44,10,6,16,21,51,33,12,53,26,45,39,30,24,5,4,32,27,18,41,19,34,13,22,48,57,31,40,7,28,37,17
1147;52;57,46,8,3,20,23,15,42,49,29,38,14,50,13,22,36,9,2,6,16,21,51,47,44,10,31,11,43,35,4,32,53,26,45,39,30,24,5,19,34,1,12,27,18,41,48,28,7,17,37,33,40
1148;52;30,38,14,20,23,15,42,49,29,36,9,2,6,16,21,51,47,44,10,31,11,8,3,28,7,19,34,1,53,26,45,39,35,43,40,46,4,32,27,24,5,13,22,41,50,57,18,37,48,12,17,33
1149;51;6,57,35,47,44,14,20,23,15,42,49,29,38,12,53,26,45,39,30,24,5,4,32,2,19,9,3,11,8,48,16,21,51,33,18,41,1,34,13,22,36,31,10,43,7,28,37,46,50,27,17
1150;52;29,45,39,14,20,23,15,42,49,19,9,2,6,16,21,51,47,44,10,31,11,8,3,28,7,4,32,53,26,35,43,34,1,12,38,37,48,5,30,24,33,57,18,41,50,13,22,36,27,17,46,40
1151;52;6,7,19,23,15,42,49,29,38,14,20,24,5,4,32,2,40,46,8,3,11,43,9,12,53,26,45,39,30,44,10,31,33,57,35,47,22,36,27,1,34,51,48,16,21,28,41,50,13,17,37,18
1152;49;36,48,44,14,20,23,15,42,49,29,38,12,53,26,45,39,30,24,5,4,32,2,6,16,21,51,47,22,41,9,3,11,8,35,43,34,1,50,13,17,57,31,33,18,27,10,40,46,19
1153;50;31,37,14,20,23,15,42,49,29,38,12,53,26,45,39,30,24,5,4,32,2,6,16,21,51,47,44,10,43,3,11,8,48,57,35,50,13,22,36,9,1,34,33,18,41,19,27,17,7,28
1154;51;29,43,3,20,23,15,42,49,19,9,2,6,16,21,51,47,44,14,46,8,5,4,32,53,26,45,39,30,24,48,12,38,37,28,7,13,22,36,31,11,17,57,35,50,18,41,1,34,33,40,10
1155;52;26,49,29,38,14,20,23,15,42,40,2,6,16,21,51,47,44,10,31,11,8,3,28,7,19,9,5,4,32,53,43,35,50,13,22,36,57,18,41,24,48,12,27,1,34,33,46,45,39,30,17,37
1156;52;4,30,23,15,42,49,29,38,14,20,24,5,43,3,11,8,6,16,21,51,47,44,10,31,45,39,35,50,13,22,36,9,2,19,34,1,53,26,37,48,12,27,18,41,46,33,57,17,32,28,7,40
1157;52;24,29,38,14,20,23,15,42,49,19,9,2,6,16,21,51,47,44,10,31,11,8,3,28,7,4,32,53,26,45,39,30,46,35,43,34,1,12,27,18,41,50,13,22,36,57,5,17,48,40,33,37
1158;52;20,33,12,53,26,45,39,14,46,8,3,11,43,9,2,6,16,15,42,49,29,38,37,48,44,10,31,22,36,47,17,57,35,4,32,21,51,40,34,1,50,13,30,23,7,19,24,5,41,18,27,28
1159;48;35,32,2,20,23,15,42,49,29,38,14,46,8,3,11,43,9,5,4,22,36,31,45,39,30,24,48,44,10,6,16,21,51,47,17,53,26,50,13,12,27,1,34,33,57,18,41,19
1160;52;35,19,23,15,42,49,29,38,14,20,24,5,4,32,2,6,16,21,51,47,44,10,31,11,8,3,28,7,13,22,36,9,12,53,26,45,39,30,46,48,57,18,41,1,34,33,43,40,17,37,27,50
1161;50;5,32,2,20,23,15,42,49,29,38,14,46,8,3,11,43,9,12,53,26,45,39,30,24,48,44,10,6,16,21,51,47,22,36,31,33,57,35,4,41,19,34,1,50,13,17,37,28,7,40
1162;51;35,45,39,14,20,23,15,42,49,29,38,12,53,26,50,13,22,36,9,2,6,16,21,51,47,44,10,31,11,8,3,28,7,19,34,1,4,32,27,24,5,43,40,46,48,57,18,41,17,37,33
1163;51;35,39,14,20,23,15,42,49,29,38,12,53,26,45,47,44,10,6,16,21,51,33,57,31,11,8,3,28,2,19,9,5,4,32,27,24,48,41,1,34,30,46,50,13,22,36,18,43,7,17,37
1164;52;4,43,3,20,23,15,42,49,29,38,14,46,8,5,21,51,47,44,10,6,16,28,2,19,9,12,53,26,45,39,30,24,48,57,35,50,13,22,36,31,11,17,37,18,41,1,34,33,32,27,7,40
1165;51;9,7,19,23,15,42,49,29,38,14,20,24,5,4,32,2,6,16,21,51,47,44,10,31,11,8,3,28,12,53,26,45,39,30,46,35,43,34,1,50,13,22,36,57,18,41,48,40,17,37,27
1166;52;53,14,20,23,15,42,49,29,38,12,8,3,11,43,9,2,6,16,21,51,47,44,10,31,45,39,30,24,5,4,32,27,1,34,33,57,35,50,13,22,36,18,41,19,17,48,28,7,26,37,46,40
1167;52;7,42,49,29,38,14,20,23,15,33,12,53,26,45,39,30,24,5,4,32,2,6,16,21,51,47,44,10,31,11,8,3,28,41,9,37,48,57,35,43,34,1,50,13,22,36,27,18,19,17,46,40
1168;51;26,13,14,20,23,15,42,49,29,38,12,53,4,32,2,6,16,21,51,47,44,10,31,11,8,3,28,7,19,9,5,43,35,50,57,18,41,24,48,34,1,33,46,45,39,30,17,37,22,36,27
1169;52;57,29,38,14,20,23,15,42,49,19,9,2,6,16,21,51,47,44,10,31,11,8,3,28,7,4,32,53,26,45,39,30,24,5,43,35,50,13,22,36,27,1,12,41,48,34,33,18,37,46,40,17
1170;52;5,33,12,53,26,45,39,14,20,23,15,42,49,29,38,6,16,21,51,47,44,10,31,11,8,3,28,2,19,9,37,48,57,35,43,34,1,4,32,27,24,36,22,41,50,13,30,46,7,17,18,40
1171;52;38,47,44,14,20,23,15,42,49,29,36,9,2,6,16,21,51,33,12,53,26,45,39,30,24,5,4,32,27,1,34,11,8,3,28,7,19,41,50,13,22,48,57,35,43,40,46,31,10,17,37,18
1172;52;30,21,51,47,44,14,20,23,15,42,49,29,38,12,53,26,45,39,35,43,3,11,8,5,4,32,2,6,16,28,7,19,9,37,48,57,31,33,18,41,24,1,34,13,22,36,27,17,46,50,40,10
1173;52;49,31,11,8,3,20,23,15,42,40,2,6,16,21,51,47,44,14,46,4,32,29,38,12,53,26,45,39,30,24,5,43,9,37,48,57,35,50,13,22,36,27,1,34,33,18,41,19,17,7,28,10
1174;52;13,46,8,3,20,23,15,42,49,29,38,14,50,57,35,47,44,10,6,16,21,51,33,12,53,26,45,39,30,24,5,4,32,2,19,9,37,48,28,7,22,36,31,11,43,34,1,41,17,27,18,40
1175;52;35,8,3,20,23,15,42,49,29,38,14,46,4,32,2,6,16,21,51,47,44,10,31,11,43,9,5,53,26,45,39,30,24,48,12,27,1,34,33,57,18,41,19,50,13,22,36,40,7,28,37,17
1176;52;18,48,44,14,20,23,15,42,49,29,38,12,53,26,45,39,30,24,5,4,32,2,6,16,21,51,47,22,36,9,3,11,8,35,43,34,1,50,13,17,57,31,33,46,19,41,10,40,7,28,37,27
1177;52;3,41,24,5,4,32,2,20,23,15,42,49,29,38,14,46,8,6,16,21,51,47,44,10,31,11,43,9,12,53,26,45,39,30,35,50,13,22,36,57,18,27,1,34,33,40,48,28,7,19,17,37
1178;52;8,11,43,3,20,23,15,42,49,29,38,14,46,4,32,2,6,16,21,51,47,44,10,31,45,39,30,24,5,53,26,35,50,13,22,36,9,12,27,1,34,33,57,18,41,19,17,48,28,7,40,37
1179;52;33,31,11,8,3,20,23,15,42,49,29,38,14,46,4,32,2,6,16,21,51,47,44,10,43,9,5,53,26,45,39,30,24,48,12,27,1,34,19,41,50,13,22,36,57,35,7,28,37,18,40,17
1180;51;21,24,5,4,32,2,20,23,15,42,49,29,38,14,46,8,3,11,43,9,12,53,26,45,39,30,6,16,28,7,19,34,51,47,44,10,31,33,57,35,50,13,22,36,27,1,41,48,18,37,17
1181;51;50,49,29,38,14,20,23,15,42,40,2,6,16,21,51,47,44,10,31,11,8,3,28,7,19,9,5,4,32,53,26,45,39,30,24,48,12,27,1,34,33,57,35,43,17,37,46,22,36,18,41
1182;52;43,28,2,20,23,15,42,49,29,38,14,46,8,3,11,30,24,5,4,32,6,16,21,51,47,44,10,31,45,39,35,50,13,22,36,9,12,53,26,1,34,33,57,18,41,19,27,17,48,7,40,37
1183;52;47,5,4,32,2,20,23,15,42,49,29,38,14,46,8,3,11,43,9,12,53,26,45,39,30,24,48,44,10,6,16,21,51,33,57,35,50,13,22,36,31,40,34,1,41,19,27,18,28,7,17,37
1184;50;1,51,47,44,14,20,23,15,42,49,29,38,12,53,26,45,39,30,24,5,4,32,2,6,16,21,11,8,3,28,7,19,9,37,48,57,35,43,34,33,18,41,50,13,22,36,31,10,17,27
1185;52;21,36,9,2,20,23,15,42,49,29,38,14,46,8,3,11,43,35,47,44,10,6,16,28,7,19,34,51,33,12,53,26,45,39,30,24,5,4,32,27,1,50,13,22,41,48,57,31,40,17,37,18
1186;52;6,29,38,14,20,23,15,42,49,19,9,2,40,46,8,3,11,43,35,47,44,10,31,45,39,30,24,5,4,32,21,51,33,12,53,26,50,13,22,36,57,18,41,1,34,7,28,37,48,16,27,17
1187;52;38,9,2,20,23,15,42,49,29,36,31,11,8,3,28,7,19,34,51,47,44,14,46,4,32,6,16,21,1,53,26,45,39,30,24,5,43,35,50,13,22,41,12,27,18,57,10,17,48,40,33,37
1188;51;15,31,11,8,3,20,23,26,45,39,14,46,4,32,2,6,16,21,51,47,44,10,29,38,12,53,43,9,5,49,19,34,1,50,13,22,36,57,35,41,24,48,42,40,7,28,33,18,27,17,37
1189;51;38,1,53,26,45,39,14,20,23,15,42,49,29,36,9,2,6,16,21,51,47,44,10,31,11,8,3,28,7,19,34,33,12,27,24,5,4,32,43,35,50,13,22,41,48,57,18,37,46,40,17
1190;52;13,21,51,47,44,14,20,23,15,42,49,29,38,12,53,26,45,39,30,24,5,4,32,2,6,16,28,7,19,9,3,11,8,48,57,35,43,34,1,50,31,33,18,41,10,17,37,46,27,22,36,40
1191;50;23,8,3,20,24,5,4,32,2,6,16,15,42,49,29,38,14,46,35,47,44,10,31,11,43,9,12,53,26,45,39,30,41,19,34,51,33,57,18,22,36,27,1,50,13,17,48,28,7,21
1192;51;57,19,23,15,42,49,29,38,14,20,24,5,4,32,2,6,16,21,51,47,44,10,31,11,8,3,28,7,13,22,36,9,12,53,26,45,39,30,46,35,43,34,1,50,18,41,48,40,17,37,27
1193;52;19,8,3,20,23,15,42,49,29,38,14,46,4,32,2,6,16,21,51,47,44,10,31,11,43,9,5,53,26,45,39,30,24,48,12,27,1,34,33,57,35,50,13,22,36,18,41,17,37,28,7,40
1194;52;30,28,2,20,23,15,42,49,29,38,14,46,8,3,11,43,9,5,4,32,6,16,21,51,47,44,10,31,45,39,35,50,13,22,36,53,26,1,12,27,24,48,57,18,41,19,34,33,40,7,17,37
1195;52;24,23,15,42,49,29,38,14,20,11,8,3,28,2,6,16,21,51,47,44,10,31,45,39,30,53,26,35,43,9,5,4,32,27,1,12,22,36,57,18,41,19,34,33,46,48,7,13,17,37,50,40
1196;52;32,45,39,14,20,23,15,42,49,29,38,12,53,26,35,47,44,10,6,16,21,51,33,57,31,11,8,3,28,2,19,9,5,4,22,36,27,24,48,41,1,34,30,46,50,13,17,37,18,43,7,40
1197;52;46,3,20,23,15,42,49,29,38,14,50,13,22,36,9,2,6,16,21,51,47,44,10,31,11,8,5,4,32,53,26,45,39,30,24,48,12,27,1,34,33,57,35,43,7,19,41,17,37,28,18,40
1198;52;26,38,14,20,23,15,42,49,29,36,9,2,6,16,21,51,47,44,10,31,11,8,3,28,7,19,34,1,53,4,32,27,24,5,43,35,50,13,22,41,45,39,30,46,48,12,57,18,37,17,33,40
1199;52;48,50,14,20,23,15,42,49,29,38,12,53,26,45,39,30,24,5,4,32,2,6,16,21,51,47,44,10,31,11,8,3,28,7,19,9,37,46,35,43,34,1,57,18,41,17,27,22,36,13,40,33
1200;52;53,30,23,15,42,49,29,38,14,20,24,5,4,32,2,6,16,21,51,47,44,10,31,11,8,3,28,7,19,9,12,27,1,34,33,57,35,43,40,46,48,41,45,39,26,50,13,22,36,18,37,17
1201;52;2,30,23,15,42,49,29,38,14,20,24,5,4,32,6,16,21,51,47,44,10,31,11,8,3,28,7,19,9,12,53,26,45,39,35,43,34,1,50,13,22,36,57,18,41,48,40,46,33,37,17,27
1202;52;3,47,44,14,20,23,15,42,49,29,38,12,53,26,45,39,30,24,5,4,32,2,6,16,21,51,33,57,35,43,9,37,48,28,7,19,34,1,8,17,27,18,41,50,13,22,36,31,11,10,40,46
1203;51;16,39,14,20,23,15,42,49,29,38,12,53,26,45,47,44,10,6,32,2,19,9,5,4,22,36,31,11,8,3,28,7,13,30,24,48,51,33,57,35,43,34,1,50,18,41,46,21,27,17,37
1204;52;42,22,36,9,2,20,23,15,33,12,53,26,45,39,14,46,8,3,11,43,35,47,44,10,29,38,6,16,21,51,49,19,34,1,4,32,27,24,5,31,40,48,57,18,41,50,13,30,17,37,28,7
1205;52;35,31,11,8,3,20,23,15,42,49,29,38,14,46,4,32,2,6,16,21,51,47,44,10,43,9,5,53,26,45,39,30,24,48,12,27,1,34,33,57,18,41,19,50,13,22,36,40,7,28,37,17
1206;50;12,28,2,20,23,15,42,49,29,38,14,46,8,3,11,43,9,5,4,32,6,16,21,51,47,44,10,31,45,39,30,24,48,57,35,50,13,22,36,53,26,1,34,33,18,41,19,27,17,37
1207;52;29,2,20,23,15,42,49,19,9,5,4,32,6,16,21,51,47,44,14,46,8,3,11,43,35,50,13,22,36,31,45,39,30,24,48,12,53,26,1,34,33,57,38,37,28,7,41,10,17,27,18,40
1208;52;35,57,31,11,8,3,20,23,15,42,49,29,38,14,46,4,32,2,6,16,21,51,47,44,10,43,9,5,53,26,45,39,30,24,48,12,27,1,34,33,18,41,19,50,13,22,36,40,7,28,37,17
1209;52;33,42,49,29,38,14,20,23,15,7,19,9,2,6,16,21,51,47,44,10,31,11,8,3,28,12,53,26,45,39,30,24,5,4,32,27,1,34,13,22,36,57,35,43,40,46,48,41,50,18,37,17
1210;52;37,24,5,4,32,2,20,23,15,42,49,29,38,14,46,8,3,11,43,9,12,53,26,45,39,30,6,16,21,51,47,44,10,31,33,57,35,50,13,22,36,27,1,34,19,41,48,28,7,17,18,40
1211;51;4,34,9,2,20,23,15,42,49,29,38,14,46,8,3,11,43,35,47,44,10,6,16,21,51,33,12,53,26,45,39,30,24,5,31,22,36,57,18,41,19,50,13,32,27,1,48,28,7,17,37
1212;52;48,35,47,44,14,20,23,15,42,49,29,38,12,53,26,45,39,30,24,5,4,32,2,6,16,21,51,33,57,31,11,8,3,28,7,19,9,37,46,50,13,22,36,27,1,34,40,10,43,17,18,41
1213;52;16,53,26,45,39,14,20,23,15,42,49,29,38,12,8,3,11,43,9,2,6,32,21,51,47,44,10,31,33,57,35,4,22,36,27,24,5,30,46,48,28,7,19,34,1,50,13,17,37,18,41,40
1214;52;14,34,9,2,20,23,15,42,49,29,38,12,53,26,45,39,30,24,5,4,32,6,16,21,51,47,44,10,31,11,8,3,28,7,19,41,1,50,13,22,36,57,35,43,40,46,48,18,27,17,37,33
1215;51;50,29,38,14,20,23,15,42,49,19,9,2,6,16,21,51,47,44,10,31,11,8,3,28,7,4,32,53,26,45,39,30,24,5,43,35,41,1,12,27,18,22,36,57,13,17,48,34,33,46,37
1216;52;49,23,15,42,40,2,20,24,5,4,32,6,16,21,51,47,44,14,46,8,3,11,43,9,12,53,26,45,39,30,41,19,34,1,50,13,22,36,31,33,57,35,7,29,38,37,48,28,10,17,27,18
1217;50;19,44,14,20,23,15,42,49,29,38,12,53,26,45,39,30,24,5,4,32,2,6,16,21,51,47,22,36,9,3,11,8,48,57,35,43,34,1,50,13,17,37,28,7,41,10,31,33,18,27
1218;52;53,1,12,38,14,20,23,15,42,49,29,36,9,2,6,16,21,51,47,44,10,31,11,8,3,28,7,19,34,33,57,35,43,40,46,4,32,27,24,5,30,26,45,39,50,13,22,41,48,18,37,17
1219;52;1,31,11,8,3,20,23,15,42,49,29,38,14,46,4,32,2,6,16,21,51,47,44,10,43,9,5,53,26,45,39,30,24,48,12,27,18,41,19,34,33,57,35,50,13,22,36,40,7,28,37,17
1220;52;6,36,9,2,20,23,15,42,49,29,38,14,46,8,3,11,43,35,47,44,10,31,45,39,30,24,5,4,32,21,51,33,12,53,26,50,13,22,41,19,34,1,57,18,16,28,7,48,40,17,37,27
1221;52;8,43,3,20,23,15,42,49,29,38,14,46,4,32,2,6,16,21,51,47,44,10,31,11,30,24,5,53,26,45,39,35,50,13,22,36,9,12,27,1,34,33,57,18,41,19,17,48,28,7,40,37
1222;52;12,47,44,14,20,23,15,42,49,29,38,6,16,21,51,33,57,35,43,3,11,8,5,4,32,2,19,9,37,26,45,39,30,24,48,28,7,13,22,36,31,10,17,53,18,41,1,34,40,46,50,27
1223;52;39,44,14,20,23,15,42,49,29,38,12,53,26,45,47,22,36,9,2,6,16,21,51,33,57,35,43,3,11,8,5,4,32,27,24,48,28,7,19,34,1,50,13,30,46,31,10,17,37,18,41,40
1224;51;32,44,14,20,23,15,42,49,29,38,12,53,26,45,39,30,24,5,4,22,36,9,2,6,16,21,51,47,17,3,11,8,48,57,35,43,34,1,50,13,40,46,31,33,18,41,19,27,10,28,7
1225;52;21,9,2,20,23,15,42,49,29,38,14,46,8,3,11,43,35,47,44,10,6,16,28,7,19,34,51,33,12,53,26,45,39,30,24,5,4,32,27,1,50,13,22,36,31,40,48,57,18,41,17,37
1226;51;17,44,14,20,23,15,42,49,29,38,12,53,26,45,39,30,24,5,4,32,2,6,16,21,51,47,22,36,9,3,11,8,48,57,35,43,34,1,50,13,40,46,31,33,18,41,19,27,10,28,7
1227;52;43,1,53,26,45,39,14,20,23,15,42,49,29,38,12,8,3,11,30,24,5,4,32,2,6,16,21,51,47,44,10,31,33,57,35,50,13,22,36,9,37,48,28,7,19,34,40,46,27,18,41,17
1228;49;41,6,16,15,42,49,29,38,14,20,23,26,45,39,30,24,5,4,32,2,19,9,3,11,8,47,44,10,31,33,12,53,43,35,50,13,22,36,57,18,27,1,34,51,46,48,28,7,21
1229;51;42,1,53,26,45,39,14,20,23,15,33,12,38,6,16,21,51,47,44,10,29,36,9,2,19,34,11,8,3,28,7,4,32,27,24,5,43,35,50,13,22,41,48,57,31,40,46,49,17,37,18
1230;50;27,26,45,39,14,20,23,15,42,49,29,38,12,53,4,32,2,6,16,21,51,47,44,10,31,11,8,3,28,7,19,9,5,43,35,50,13,22,36,57,18,41,24,48,34,1,33,46,37,17
1231;52;18,42,49,29,38,14,20,23,15,33,12,53,26,45,39,30,24,5,4,32,2,6,16,21,51,47,44,10,31,11,8,3,28,7,19,9,37,48,57,35,43,34,1,50,13,22,36,27,17,41,46,40
1232;52;45,11,8,3,20,23,15,42,49,29,38,14,46,4,32,2,6,16,21,51,47,44,10,31,33,12,53,26,35,43,9,5,30,24,48,57,18,41,19,34,1,50,13,22,36,27,17,37,28,7,40,39
1233;52;51,34,9,2,20,23,15,42,49,29,38,14,46,8,3,11,43,35,47,44,10,6,16,21,1,53,26,45,39,30,24,5,4,32,27,18,41,19,50,13,22,36,31,33,12,48,57,17,37,28,7,40
1234;51;39,7,19,23,15,42,49,29,38,14,20,24,5,4,32,2,6,16,21,51,47,44,10,31,11,8,3,28,12,53,26,45,9,37,48,57,35,43,34,1,50,13,22,36,27,18,41,46,33,40,17
1235;52;20,45,39,14,46,8,3,11,43,9,2,6,16,15,42,49,29,38,12,53,26,35,47,44,10,31,33,57,18,41,24,5,4,32,21,51,40,34,1,50,13,22,36,27,23,7,19,30,17,48,28,37
1236;51;16,24,5,4,32,2,20,23,15,42,49,29,38,14,46,8,3,11,43,9,12,53,26,45,39,30,6,19,34,51,47,44,10,31,33,57,35,50,13,22,36,27,1,41,48,28,7,21,18,37,17
1237;52;20,47,44,14,46,8,3,11,43,9,2,6,16,15,42,49,29,38,12,53,26,45,39,30,23,21,51,33,57,35,4,32,27,24,5,31,10,17,48,28,7,19,34,1,50,13,22,36,18,41,40,37
1238;52;26,53,4,32,2,20,23,15,42,49,29,38,14,46,8,3,11,43,9,5,21,51,47,44,10,6,16,28,7,19,34,1,12,27,24,48,57,35,50,13,22,36,31,45,39,30,41,17,37,18,40,33
1239;51;41,3,20,23,15,42,49,29,38,14,46,8,5,4,32,2,6,16,21,51,47,44,10,31,11,43,9,12,53,26,45,39,30,24,48,57,35,50,13,22,36,27,1,34,33,18,28,7,19,17,37
1240;52;7,23,15,42,49,29,38,14,20,24,5,4,32,2,6,16,21,51,47,44,10,31,11,8,3,28,12,53,26,45,39,30,46,35,43,9,37,48,57,18,41,19,34,1,50,13,22,36,27,17,33,40
1241;51;50,30,23,15,42,49,29,38,14,20,24,5,4,32,2,6,16,21,51,47,44,10,31,11,8,3,28,7,19,9,12,53,26,45,39,35,43,34,1,57,18,41,48,36,22,46,33,40,17,37,27
1242;52;17,45,39,14,20,23,15,42,49,29,38,12,53,26,35,47,44,10,6,16,21,51,33,57,31,11,8,3,28,2,19,9,5,4,32,27,24,48,41,1,34,30,46,50,13,22,36,18,43,7,40,37
1243;52;2,37,14,20,23,15,42,49,29,38,12,53,26,45,39,30,24,5,4,32,6,16,21,51,47,44,10,31,11,8,3,28,7,19,9,50,13,22,36,57,35,43,34,1,41,48,18,27,17,33,46,40
1244;52;3,21,51,47,44,14,20,23,15,42,49,29,38,12,53,26,45,39,30,24,5,4,32,2,6,16,28,7,19,9,37,48,57,35,43,34,1,8,17,27,18,41,50,13,22,36,31,11,10,33,46,40
1245;51;29,42,49,19,23,15,33,12,53,26,45,39,14,20,24,5,4,32,2,6,16,21,51,47,44,10,31,11,8,3,28,7,13,22,36,9,37,48,38,50,57,35,43,34,1,41,46,27,18,40,17
1246;52;6,2,20,23,15,42,49,29,38,14,46,8,3,11,43,9,5,4,32,21,51,47,44,10,31,45,39,30,24,48,16,28,7,19,34,1,53,26,35,50,13,22,36,57,18,41,12,27,17,37,33,40
1247;51;9,45,39,14,20,23,15,42,49,29,38,12,53,26,35,47,44,10,6,16,21,51,33,57,31,11,8,3,28,2,19,34,1,4,32,27,24,5,43,7,13,22,36,18,41,50,48,30,46,37,17
1248;52;13,39,14,20,23,15,42,49,29,38,12,53,26,45,47,44,10,6,16,21,51,33,57,35,43,3,11,8,5,4,32,2,19,9,37,48,24,1,34,30,46,31,22,36,27,18,41,50,40,7,28,17
1249;52;43,2,20,23,15,42,49,29,38,14,46,8,3,11,30,24,5,4,32,6,16,21,51,47,44,10,31,45,39,35,50,13,22,36,9,12,53,26,1,34,33,57,18,41,19,27,17,48,28,7,40,37
1250;52;47,45,39,14,20,23,15,42,49,29,38,12,53,26,35,43,3,11,8,5,4,32,2,6,16,21,51,33,57,31,44,10,17,48,24,1,9,37,28,7,19,34,30,46,50,13,22,36,27,18,41,40
1251;52;2,46,8,3,20,23,15,42,49,29,38,14,50,13,22,36,9,5,4,32,6,16,21,51,47,44,10,31,11,43,35,41,24,48,12,53,26,45,39,30,57,18,27,1,34,33,40,7,19,17,37,28
1252;51;29,1,53,26,45,39,14,20,23,15,42,49,19,9,2,6,16,21,51,47,44,10,31,11,8,3,28,7,4,32,27,24,5,43,35,50,13,22,36,57,38,12,41,48,34,33,18,37,46,40,17
1253;52;23,45,39,14,20,24,5,4,32,2,6,16,15,42,49,29,38,12,53,26,35,47,44,10,31,11,8,3,28,7,19,9,37,48,51,33,57,18,41,1,34,30,46,50,13,22,36,27,17,21,43,40
1254;51;50,51,47,44,14,20,23,15,42,49,29,38,12,53,26,45,39,30,24,5,4,32,2,6,16,21,1,9,3,11,8,48,57,35,43,34,33,18,41,19,36,31,10,17,37,28,7,13,22,46,27
1255;52;16,36,9,2,20,23,15,42,49,29,38,14,46,8,3,11,43,35,47,44,10,6,39,30,24,5,4,32,21,51,33,12,53,26,45,18,41,19,34,1,50,13,22,48,57,31,40,7,28,37,17,27
1256;51;34,4,32,2,20,23,15,42,49,29,38,14,46,8,3,11,43,9,5,21,51,47,44,10,6,16,28,7,19,30,24,48,12,53,26,45,39,35,50,13,22,36,31,33,57,18,41,1,27,17,37
1257;51;47,53,26,45,39,14,20,23,15,42,49,29,38,12,8,3,11,43,9,2,6,16,21,51,33,57,35,4,32,27,44,10,31,22,36,18,41,24,5,30,46,48,28,7,19,34,1,50,13,17,37
1258;48;17,31,11,8,3,20,23,15,42,49,29,38,14,46,4,32,2,6,16,21,51,47,44,10,43,9,5,53,26,45,39,30,24,48,12,27,1,34,33,57,35,50,13,22,36,18,41,19
1259;50;2,4,32,6,16,15,42,49,29,38,14,20,23,26,45,39,30,24,5,43,3,11,8,47,44,10,31,33,12,53,36,9,37,48,51,46,35,50,13,22,41,19,34,1,57,18,27,17,7,28
1260;52;14,30,23,15,42,49,29,38,12,53,26,45,39,47,44,10,6,16,21,51,33,57,35,43,3,20,24,5,4,32,2,19,9,37,48,28,7,13,22,36,31,11,8,17,27,1,34,40,46,50,18,41
1261;50;16,34,9,2,20,23,15,42,49,29,38,14,46,8,3,11,43,35,47,44,10,6,39,30,24,5,4,32,21,51,33,12,53,26,45,18,41,19,50,13,22,36,31,40,48,57,17,37,28,7
1262;52;4,11,8,3,20,23,15,42,49,29,38,14,46,35,47,44,10,6,16,21,51,33,12,53,26,45,39,30,24,5,43,9,2,19,34,1,50,13,22,36,31,40,32,27,18,41,48,57,17,37,28,7
1263;51;1,43,3,20,23,15,42,49,29,38,14,46,8,5,4,32,2,6,16,21,51,47,44,10,31,11,30,24,48,12,53,26,45,39,35,50,13,22,36,9,37,28,7,19,34,33,57,18,41,17,27
1264;52;6,38,14,20,23,15,42,49,29,36,9,2,19,34,51,47,44,10,31,11,8,3,28,7,4,32,21,1,53,26,45,39,30,24,5,43,35,50,13,22,41,12,27,18,16,48,57,17,37,46,33,40
1265;51;32,46,8,3,20,23,15,42,49,29,38,14,50,13,22,36,9,2,6,16,21,51,47,44,10,31,11,43,35,4,33,12,53,26,45,39,30,24,5,19,34,1,57,18,41,48,28,7,17,37,27
1266;52;29,24,5,4,32,2,20,23,15,42,49,19,9,3,11,8,6,16,21,51,47,44,14,46,35,43,53,26,45,39,30,41,1,12,38,37,48,57,31,33,18,22,36,27,17,34,13,40,10,28,7,50
1267;52;5,28,2,20,23,15,42,49,29,38,14,46,8,3,11,43,9,12,53,26,45,39,30,24,48,44,10,6,16,21,51,47,22,36,31,33,57,35,4,32,27,1,34,19,41,50,13,17,37,18,40,7
1268;52;29,40,2,20,23,15,42,49,19,9,5,4,32,6,16,21,51,47,44,14,46,8,3,11,43,35,50,13,22,36,31,45,39,30,24,48,12,53,26,1,34,33,57,38,37,28,7,41,10,17,27,18
1269;52;21,3,20,23,15,42,49,29,38,14,46,8,5,4,32,2,6,16,28,7,19,9,12,53,26,45,39,30,24,48,44,10,31,11,43,35,47,22,36,57,18,41,1,34,51,33,40,17,37,27,50,13
1270;52;35,18,2,20,23,15,42,49,29,38,14,46,8,3,11,43,9,5,4,32,6,16,21,51,47,44,10,31,45,39,30,24,48,12,53,26,50,13,22,36,57,34,1,41,19,27,17,37,28,7,40,33
1271;52;53,2,20,23,15,42,49,29,38,14,46,8,3,11,43,9,5,4,32,6,16,21,51,47,44,10,31,45,39,30,24,48,12,27,1,34,33,57,35,50,13,22,36,18,41,19,17,37,26,28,7,40
1272;52;30,31,11,8,3,20,23,15,42,49,29,38,14,46,4,32,2,6,16,21,51,47,44,10,43,9,5,53,26,45,39,35,50,13,22,36,57,18,41,24,48,12,27,1,34,33,40,7,19,17,37,28
1273;52;35,3,20,23,15,42,49,29,38,14,46,8,5,4,32,2,6,16,21,51,47,44,10,31,11,43,9,12,53,26,45,39,30,24,48,57,18,41,19,34,1,50,13,22,36,27,17,37,28,7,40,33
1274;51;27,45,39,14,20,23,15,42,49,29,38,12,53,26,35,47,44,10,6,16,21,51,33,57,31,11,8,3,28,2,19,9,5,4,32,43,34,1,50,13,22,36,18,41,24,48,30,46,7,17,37
1275;52;48,49,29,38,14,20,23,15,42,40,2,6,16,21,51,47,44,10,31,11,8,3,28,7,19,9,5,4,32,53,26,45,39,30,24,33,12,27,1,34,13,22,36,57,35,43,17,37,46,50,18,41
1276;52;26,18,2,20,23,15,42,49,29,38,14,46,8,3,11,43,9,5,4,32,6,16,21,51,47,44,10,31,45,39,30,24,48,12,53,36,22,41,19,34,1,50,13,17,57,35,7,28,33,40,37,27
1277;52;43,24,5,4,32,2,20,23,15,42,49,29,38,14,46,8,3,11,30,53,26,45,39,47,44,10,6,16,21,51,33,12,27,1,9,37,48,57,35,50,13,22,36,31,40,34,19,41,17,18,28,7
1278;51;43,51,47,44,14,20,23,15,42,49,29,38,12,53,26,45,39,30,24,5,4,32,2,6,16,21,1,9,3,11,8,48,57,35,50,13,22,36,31,33,18,41,19,34,7,28,10,17,37,46,27
1279;52;6,8,3,20,23,15,42,49,29,38,14,46,4,32,2,19,9,5,43,35,47,44,10,31,11,30,24,48,16,21,51,33,12,53,26,45,39,28,7,13,22,36,57,18,41,1,34,40,17,37,27,50
1280;52;34,22,36,9,2,20,23,15,42,49,29,38,14,46,8,3,11,43,35,47,44,10,6,16,21,51,33,12,53,26,45,39,30,24,5,4,32,27,1,50,13,17,48,57,31,40,7,19,41,18,28,37
1281;52;6,24,5,4,32,2,20,23,15,42,49,29,38,14,46,8,3,11,43,9,12,53,26,45,39,30,44,10,31,33,57,35,47,22,36,27,1,34,51,40,48,16,21,7,19,41,50,13,17,37,28,18
1282;52;40,1,53,26,45,39,14,20,23,15,42,49,29,38,12,8,3,11,43,9,2,6,16,21,51,47,44,10,31,33,57,35,4,32,27,24,5,30,46,48,28,7,19,34,13,22,36,18,41,50,37,17
1283;52;12,50,14,20,23,15,42,49,29,38,6,16,21,51,47,44,10,31,11,8,3,28,2,19,9,5,4,32,53,26,45,39,30,24,48,57,35,43,34,1,41,46,33,18,22,36,27,17,37,13,40,7
1284;52;47,38,14,20,23,15,42,49,29,36,9,2,6,16,21,51,33,12,53,26,45,39,30,24,5,4,32,27,44,10,31,11,8,3,28,7,19,34,1,50,13,22,41,48,57,35,43,40,46,37,18,17
1285;52;45,8,3,20,23,15,42,49,29,38,14,46,4,32,2,6,16,21,51,47,44,10,31,11,43,9,5,53,26,35,50,13,22,36,57,18,41,24,48,12,27,1,34,33,40,7,19,30,17,37,28,39
1286;52;41,51,47,44,14,20,23,15,42,49,29,38,12,53,26,45,39,30,24,5,4,32,2,6,16,21,1,9,3,11,8,48,57,35,43,34,33,18,22,36,31,10,17,37,28,7,19,50,13,40,46,27
1287;52;44,7,19,23,15,42,49,29,38,14,20,24,5,4,32,2,6,16,21,51,47,22,36,9,3,11,8,48,12,53,26,45,39,30,46,35,43,34,1,50,13,17,57,31,33,18,41,10,40,37,28,27
1288;52;20,42,49,29,38,14,46,8,3,11,43,9,2,6,16,15,33,12,53,26,45,39,30,23,21,51,47,44,10,31,22,36,57,35,4,32,27,24,5,13,17,48,28,7,19,34,1,50,18,41,40,37
1289;52;29,31,11,8,3,20,23,15,42,49,19,9,2,6,16,21,51,47,44,14,46,4,32,53,26,45,39,30,24,5,43,35,50,13,22,36,57,38,12,27,1,34,33,18,41,10,17,48,28,7,40,37
1290;52;18,39,14,20,23,15,42,49,29,38,12,53,26,45,47,44,10,6,16,21,51,33,57,35,43,3,11,8,5,4,32,2,19,9,37,48,24,1,34,30,46,31,22,36,27,17,41,50,13,40,7,28
1291;52;46,36,9,2,20,23,15,42,49,29,38,14,50,13,22,41,24,5,4,32,6,16,21,51,47,44,10,31,11,8,3,28,7,19,34,1,53,26,45,39,30,35,43,40,48,12,27,18,57,17,37,33
1292;52;44,23,15,42,49,29,38,14,20,24,5,4,32,2,6,16,21,51,47,22,36,9,3,11,8,48,12,53,26,45,39,30,46,35,43,34,1,50,13,17,57,31,33,18,41,19,27,10,40,7,28,37
1293;51;30,48,44,14,20,23,15,42,49,29,38,12,53,26,45,39,47,22,36,9,2,6,16,21,51,33,57,35,43,3,11,8,5,4,32,27,24,1,34,19,41,50,13,17,37,28,7,46,31,10,40
1294;51;26,31,11,8,3,20,23,15,42,49,29,38,14,46,4,32,2,6,16,21,51,47,44,10,43,9,5,53,36,22,41,24,48,12,27,1,34,33,57,35,50,13,30,17,37,28,7,19,45,39,40
1295;51;10,19,23,15,42,49,29,38,14,20,24,5,4,32,2,6,16,21,51,47,44,12,53,26,45,39,30,46,8,3,11,43,9,37,48,57,35,50,13,22,36,31,33,18,41,1,34,7,28,27,17
1296;52;23,48,44,14,20,24,5,4,32,2,6,16,15,42,49,29,38,12,53,26,45,39,30,46,8,3,11,43,9,37,28,7,19,34,51,47,22,36,31,33,57,35,50,13,17,27,1,41,10,21,18,40
1297;52;12,42,49,29,38,14,20,23,15,33,57,35,47,44,10,6,16,21,51,46,8,3,11,43,9,2,19,34,1,53,26,45,39,30,24,5,4,32,27,18,41,50,13,22,36,31,40,48,28,7,17,37
1298;51;18,53,26,45,39,14,20,23,15,42,49,29,38,12,8,3,11,43,9,2,6,16,21,51,47,44,10,31,33,57,35,4,32,27,24,5,30,46,48,28,7,19,34,1,50,13,22,36,41,17,37
1299;52;44,36,9,2,20,23,15,42,49,29,38,14,46,8,3,11,43,35,47,22,41,24,5,4,32,6,16,21,51,33,12,53,26,45,39,30,57,31,10,17,48,28,7,19,34,1,50,13,40,37,18,27
1300;52;57,43,3,20,23,15,42,49,29,38,14,46,8,5,4,32,2,6,16,21,51,47,44,10,31,11,30,24,48,12,53,26,45,39,35,50,13,22,36,9,37,28,7,19,34,1,41,17,27,18,40,33
1301;51;57,16,15,42,49,29,38,14,20,23,26,45,39,30,24,5,4,32,2,6,19,9,3,11,8,47,44,10,31,33,12,53,43,35,50,13,22,36,27,1,34,51,46,48,28,7,41,17,37,18,21
1302;52;20,48,44,14,46,8,3,11,43,9,2,6,16,15,42,49,29,38,12,53,26,45,39,30,23,21,51,47,22,36,31,33,57,35,4,32,27,24,5,13,17,37,28,7,19,34,1,50,18,41,10,40
1303;52;19,14,20,23,15,42,49,29,38,12,53,26,45,39,30,24,5,4,32,2,6,16,21,51,47,44,10,31,11,8,3,28,7,13,22,36,9,37,48,57,35,43,34,1,50,18,41,46,33,40,17,27
1304;51;5,2,20,23,15,42,49,29,38,14,46,8,3,11,43,9,12,53,26,45,39,30,24,48,44,10,6,16,21,51,47,22,36,31,33,57,35,4,32,27,1,34,19,41,50,13,17,37,28,7,40
1305;51;28,48,44,14,20,23,15,42,49,29,38,12,53,26,45,39,30,24,5,4,32,2,6,16,21,51,47,22,36,9,3,11,8,35,43,34,1,50,13,17,57,31,33,18,41,19,27,10,40,46,7
1306;52;2,47,44,14,20,23,15,42,49,29,38,12,53,26,45,39,30,24,5,4,32,6,16,21,51,33,57,35,43,3,11,8,48,28,7,19,9,37,46,31,10,17,27,1,34,13,22,36,18,41,50,40
1307;51;31,38,14,20,23,15,42,49,29,36,9,2,6,16,21,51,47,44,10,43,3,11,8,5,4,32,53,26,45,39,30,24,48,12,27,1,34,33,57,35,50,13,22,41,19,17,37,28,7,46,40
1308;52;11,42,49,29,38,14,20,23,15,33,12,53,26,45,39,30,24,5,4,32,2,6,16,21,51,47,44,10,31,3,28,7,19,9,37,48,57,35,43,34,1,8,17,27,18,41,50,13,22,36,40,46
1309;51;15,20,23,26,45,39,14,46,8,3,11,43,9,2,6,16,21,51,47,44,10,29,38,12,53,4,32,27,24,5,49,19,34,1,50,13,22,36,31,33,57,35,41,42,40,48,28,7,17,37,18
1310;52;14,18,2,20,23,15,42,49,29,38,12,53,26,45,39,30,24,5,4,32,6,16,21,51,47,44,10,31,11,8,3,28,7,19,9,37,48,57,35,43,34,1,50,13,22,36,27,17,33,46,40,41
1311;52;35,53,26,45,39,14,20,23,15,42,49,29,38,12,8,3,11,43,9,2,6,16,21,51,47,44,10,31,33,57,18,41,24,5,4,32,27,1,34,19,30,46,48,28,7,13,22,36,50,40,17,37
1312;52;18,20,23,15,42,49,29,38,14,46,8,3,11,43,9,2,6,16,21,51,47,44,10,31,45,39,30,24,5,4,32,53,26,35,50,13,22,36,57,12,27,1,34,33,40,48,28,7,19,41,17,37
1313;50;3,23,15,42,49,29,38,14,20,24,5,4,32,2,6,16,21,51,47,44,10,31,11,8,48,12,53,26,45,39,30,46,35,43,9,37,28,7,19,34,1,50,13,22,36,57,18,41,17,27
1314;50;6,42,49,29,38,14,20,23,15,33,12,53,26,45,39,30,24,5,4,32,2,19,9,3,11,8,47,44,10,31,22,36,57,35,43,16,21,51,46,48,28,7,13,17,37,18,41,1,34,40
1315;51;24,27,44,14,20,23,15,42,49,29,38,12,53,26,45,39,30,6,16,21,51,47,22,36,9,2,19,34,1,4,32,31,11,8,3,28,7,13,17,48,5,43,35,50,57,18,41,10,33,46,37
1316;52;6,46,8,3,20,23,15,42,49,29,38,14,50,13,22,36,9,2,19,34,51,47,44,10,31,11,43,35,4,32,21,1,53,26,45,39,30,24,5,16,28,7,41,12,27,18,57,48,40,17,37,33
1317;52;21,47,44,14,20,23,15,42,49,29,38,12,53,26,45,39,30,24,5,4,32,2,6,16,28,7,19,9,3,11,8,48,51,33,57,35,43,34,1,50,13,22,36,31,10,17,37,46,27,18,41,40
1318;52;8,39,14,20,23,15,42,49,29,38,12,53,26,45,47,44,10,6,16,21,51,33,57,35,43,3,11,30,24,5,4,32,2,19,9,37,48,28,7,13,22,36,31,40,46,50,18,41,1,34,17,27
1319;51;28,51,47,44,14,20,23,15,42,49,29,38,12,53,26,45,39,30,24,5,4,32,2,6,16,21,1,9,3,11,8,48,57,35,43,34,33,18,41,19,50,13,22,36,31,10,17,37,46,7,40
1320;51;23,39,14,20,24,5,4,32,2,6,16,15,42,49,29,38,12,53,26,45,47,44,10,31,11,8,3,28,7,19,9,37,48,51,33,57,35,43,34,1,50,13,22,36,27,18,41,46,21,30,17
1321;51;53,9,2,20,23,15,42,49,29,38,14,46,8,3,11,43,35,47,44,10,6,16,21,51,33,12,27,24,5,4,32,31,45,39,30,26,50,13,22,36,57,18,41,19,34,1,48,28,7,17,37
1322;52;26,7,19,23,15,42,49,29,38,14,20,24,5,4,32,2,6,16,21,51,47,44,10,31,11,8,3,28,12,53,43,9,37,48,57,35,50,13,22,36,27,1,34,33,18,41,45,39,30,46,40,17
1323;51;6,21,51,47,44,14,20,23,15,42,49,29,38,12,53,26,45,39,30,24,5,4,32,2,19,9,3,11,8,48,16,28,7,13,22,36,31,33,57,35,43,34,1,50,18,41,10,17,37,46,27
1324;51;3,51,47,44,14,20,23,15,42,49,29,38,12,53,26,45,39,30,24,5,4,32,2,6,16,21,1,9,37,48,57,35,43,34,33,18,41,19,50,13,22,36,31,11,8,28,7,46,10,17,27
1325;52;57,40,2,20,23,15,42,49,29,38,14,46,8,3,11,43,9,5,4,32,6,16,21,51,47,44,10,31,45,39,30,24,48,12,53,26,35,50,13,22,36,27,1,34,33,18,41,19,17,37,28,7
1326;52;30,3,20,23,15,42,49,29,38,14,46,8,5,4,32,2,6,16,21,51,47,44,10,31,11,43,9,12,53,26,45,39,35,50,13,22,36,57,18,41,24,48,28,7,19,34,1,33,40,17,37,27
1327;52;39,23,15,42,49,29,38,14,20,24,5,4,32,2,6,16,21,51,47,44,10,31,11,8,3,28,7,19,9,12,53,26,45,18,41,1,34,33,57,35,43,40,46,48,30,17,37,22,36,27,50,13
1328;52;14,40,2,20,23,15,42,49,29,38,12,53,26,45,39,30,24,5,4,32,6,16,21,51,47,44,10,31,11,8,3,28,7,19,9,37,48,57,35,43,34,1,50,13,22,36,27,18,41,46,33,17
1329;52;40,8,3,20,23,15,42,49,29,38,14,46,4,32,2,6,16,21,51,47,44,10,31,11,43,9,5,53,26,45,39,30,24,48,12,27,1,34,33,57,35,50,13,22,36,18,41,19,17,37,28,7
1330;52;49,30,23,15,42,40,2,20,24,5,4,32,6,16,21,51,47,44,14,46,8,3,11,43,9,12,53,26,45,39,35,50,13,22,36,31,33,57,38,37,48,28,7,19,34,1,41,10,29,17,27,18
1331;52;24,8,3,20,23,15,42,49,29,38,14,46,4,32,2,6,16,21,51,47,44,10,31,11,43,9,5,53,26,45,39,30,41,19,34,1,12,27,18,22,36,57,35,50,13,17,48,28,7,40,33,37
1332;52;13,4,32,2,20,23,15,42,49,29,38,14,46,8,3,11,43,9,5,21,51,47,44,10,6,16,28,7,19,34,1,53,26,45,39,30,24,48,12,27,18,41,50,57,35,33,40,17,37,22,36,31
1333;52;8,30,23,15,42,49,29,38,14,20,24,5,4,32,2,6,16,21,51,47,44,10,31,11,43,3,28,7,19,9,12,53,26,45,39,35,50,13,22,36,57,18,41,1,34,33,46,48,40,17,37,27
1334;52;28,4,32,2,20,23,15,42,49,29,38,14,46,8,3,11,43,9,5,21,51,47,44,10,6,16,50,13,22,36,31,45,39,30,24,48,12,53,26,35,41,19,34,1,57,18,27,17,37,33,40,7
1335;51;29,51,47,44,14,20,23,15,42,49,19,9,2,6,16,21,1,53,26,45,39,30,24,5,4,32,27,18,41,50,13,22,36,31,11,8,3,28,7,48,12,38,37,46,35,43,34,33,57,10,17
1336;51;47,19,23,15,42,49,29,38,14,20,24,5,4,32,2,6,16,21,51,33,12,53,26,45,39,30,46,8,3,11,43,9,37,48,44,10,31,22,36,57,35,50,13,17,27,1,34,7,41,18,28
1337;52;4,16,15,42,49,29,38,14,20,23,26,45,39,30,24,5,43,3,11,8,6,32,2,19,9,12,53,36,31,44,10,47,22,41,1,34,51,33,57,35,50,13,17,48,28,7,21,27,18,37,46,40
1338;51;31,49,29,38,14,20,23,15,42,40,2,6,16,21,51,47,44,10,43,3,11,8,5,4,32,53,26,45,39,30,24,48,12,27,1,9,37,28,7,19,34,33,57,35,50,13,22,36,18,41,46
1339;52;18,7,19,23,15,42,49,29,38,14,20,24,5,4,32,2,6,16,21,51,47,44,10,31,11,8,3,28,12,53,26,45,39,30,46,35,43,9,37,48,57,13,22,36,27,1,34,33,40,17,41,50
1340;51;39,21,51,47,44,14,20,23,15,42,49,29,38,12,53,26,45,9,2,6,16,28,7,19,34,1,4,32,27,24,5,43,3,11,8,48,57,35,50,13,22,36,31,33,18,41,10,17,37,46,40
1341;51;16,6,39,14,20,23,15,42,49,29,38,12,53,26,45,47,44,10,31,11,8,3,28,2,19,9,5,4,32,21,51,33,57,35,43,34,1,50,13,22,36,27,24,48,41,46,7,17,37,18,40
1342;52;13,11,8,3,20,23,15,42,49,29,38,14,46,4,32,2,6,16,21,51,47,44,10,31,45,39,30,24,5,43,9,12,53,26,35,50,57,18,41,19,34,1,33,40,48,28,7,22,36,27,17,37
1343;52;19,4,32,2,20,23,15,42,49,29,38,14,46,8,3,11,43,9,5,21,51,47,44,10,6,16,28,7,13,22,36,31,45,39,30,24,48,12,53,26,35,50,57,18,41,1,34,33,40,17,37,27
1344;52;34,24,5,4,32,2,20,23,15,42,49,29,38,14,46,8,3,11,43,9,12,53,26,45,39,30,6,16,21,51,47,44,10,31,33,57,35,50,13,22,36,27,1,41,19,17,48,28,7,40,37,18
1345;51;47,35,43,3,20,23,15,42,49,29,38,14,46,8,5,4,32,2,6,16,21,51,33,12,53,26,45,39,30,24,48,44,10,31,11,17,57,18,41,9,37,28,7,19,34,1,50,13,22,36,27
1346;52;30,49,29,38,14,20,23,15,42,40,2,6,16,21,51,47,44,10,31,11,8,3,28,7,19,9,5,4,32,53,26,45,39,35,43,34,1,12,27,24,48,57,18,41,50,13,22,36,33,46,37,17
1347;52;53,47,44,14,20,23,15,42,49,29,38,12,8,3,11,43,9,2,6,16,21,51,33,57,35,4,32,27,24,5,31,45,39,30,46,48,28,7,19,34,1,50,13,22,36,10,17,37,26,41,18,40
1348;52;42,23,15,33,12,53,26,45,39,14,20,24,5,4,32,2,6,16,21,51,47,44,10,29,38,37,48,57,35,43,3,11,8,28,7,19,9,50,13,22,36,31,40,46,49,17,27,1,34,30,41,18
1349;52;57,23,15,42,49,29,38,14,20,24,5,4,32,2,6,16,21,51,47,44,10,31,11,8,3,28,7,19,9,12,53,26,45,39,30,46,35,43,34,1,50,13,22,36,27,18,41,48,40,17,37,33
1350;50;3,31,11,8,5,4,32,2,20,23,15,42,49,29,38,14,46,35,47,44,10,6,16,21,51,33,12,53,26,45,39,30,24,48,57,18,41,9,37,28,7,19,34,1,50,13,22,36,27,17
1351;52;8,42,49,29,38,14,20,23,15,33,12,53,26,45,39,30,24,5,4,32,2,6,16,21,51,47,44,10,31,11,43,3,28,7,19,9,37,48,57,35,50,13,22,36,27,1,34,40,46,41,17,18
1352;52;2,26,45,39,14,20,23,15,42,49,29,38,12,53,4,32,6,16,21,51,47,44,10,31,11,8,3,28,7,19,9,5,43,35,50,13,22,36,57,18,41,24,48,34,1,33,46,37,17,27,30,40
1353;52;15,9,2,20,23,26,45,39,14,46,8,3,11,43,35,47,44,10,29,38,12,53,4,32,6,16,21,51,49,19,34,1,50,13,22,36,31,33,57,18,41,24,5,30,17,48,42,40,7,28,37,27
1354;52;34,27,44,14,20,23,15,42,49,29,38,12,53,26,45,39,30,24,5,4,32,2,6,16,21,51,47,22,36,9,3,11,8,48,57,35,43,7,19,41,1,50,13,17,37,28,10,31,33,18,40,46
1355;52;37,15,42,49,29,38,14,20,23,26,45,39,30,24,5,4,32,2,6,16,21,51,47,44,10,31,11,8,3,28,7,19,9,12,53,43,35,50,13,22,36,57,18,41,1,34,33,46,48,40,17,27
1356;52;26,47,44,14,20,23,15,42,49,29,38,12,53,4,32,2,6,16,21,51,33,57,35,43,3,11,8,5,31,45,39,30,24,48,28,7,19,9,37,46,50,13,22,36,27,1,34,40,10,17,18,41
1357;51;49,45,39,14,20,23,15,42,40,2,6,16,21,51,47,44,10,29,38,12,53,26,35,43,3,11,8,5,4,32,27,24,48,57,31,33,18,41,9,37,28,7,19,34,1,50,13,22,36,30,46
1358;49;33,15,42,49,29,38,14,20,23,26,45,39,30,24,5,4,32,2,6,16,21,51,47,44,10,31,11,8,3,28,7,19,9,12,53,43,35,50,13,22,36,57,18,41,1,34,40,46,48
1359;50;26,12,53,4,32,2,20,23,15,42,49,29,38,14,46,8,3,11,43,9,5,21,51,47,44,10,6,16,28,7,19,34,1,50,13,22,36,31,45,39,30,24,48,57,35,41,17,37,18,27
1360;52;11,47,44,14,20,23,15,42,49,29,38,12,53,26,45,39,30,24,5,4,32,2,6,16,21,51,33,57,35,43,3,28,7,19,9,37,48,31,10,8,17,27,1,34,13,22,36,18,41,50,40,46
1361;50;48,19,23,15,42,49,29,38,14,20,24,5,4,32,2,6,16,21,51,47,44,10,31,11,8,3,28,7,13,22,36,9,12,53,26,45,39,30,46,35,43,34,1,50,57,18,41,17,37,27
1362;52;38,40,2,20,23,15,42,49,29,36,9,5,4,32,6,16,21,51,47,44,14,46,8,3,11,43,35,50,13,22,41,24,48,12,53,26,45,39,30,57,31,33,18,27,1,34,19,17,37,28,7,10
1363;52;27,47,44,14,20,23,15,42,49,29,38,12,53,26,45,39,30,24,5,4,32,2,6,16,21,51,33,57,35,43,3,11,8,48,28,7,19,9,37,46,31,10,17,34,1,50,13,22,36,18,41,40
1364;52;11,35,47,44,14,20,23,15,42,49,29,38,12,53,26,45,39,30,24,5,4,32,2,6,16,21,51,33,57,31,3,28,7,19,9,37,48,8,17,27,1,34,13,22,36,10,43,40,46,50,18,41
1365;51;13,31,11,8,3,20,23,15,42,49,29,38,14,46,4,32,2,6,16,21,51,47,44,10,43,9,5,53,26,45,39,30,24,48,12,27,1,34,33,57,35,50,18,41,19,36,22,7,28,37,17
1366;52;14,28,2,20,23,15,42,49,29,38,12,53,26,45,39,30,24,5,4,32,6,16,21,51,47,44,10,31,11,8,3,50,13,22,36,9,37,48,57,35,43,34,1,41,19,27,18,40,46,33,17,7
1367;51;34,10,29,38,14,20,23,15,42,49,19,9,2,6,16,21,51,47,44,12,53,26,45,39,30,24,5,4,32,27,1,8,3,11,43,35,50,13,22,36,31,33,57,18,41,48,28,7,46,37,17
1368;50;42,4,32,2,20,23,15,33,12,53,26,45,39,14,46,8,3,11,43,9,5,21,51,47,44,10,29,38,6,16,28,7,19,34,1,50,13,22,36,31,40,35,41,24,48,57,18,27,17,37
1369;52;45,30,23,15,42,49,29,38,14,20,24,5,4,32,2,6,16,21,51,47,44,10,31,11,8,3,28,7,19,9,12,53,26,35,43,34,1,50,13,22,36,57,18,41,48,40,46,33,37,17,27,39
1370;52;50,21,51,47,44,14,20,23,15,42,49,29,38,12,53,26,45,39,30,24,5,4,32,2,6,16,28,7,19,9,3,11,8,48,57,35,43,34,1,41,10,31,33,18,22,36,27,17,37,46,40,13
1371;52;2,42,49,29,38,14,20,23,15,33,12,53,26,45,39,30,24,5,4,32,6,16,21,51,47,44,10,31,11,8,3,28,7,19,9,37,48,57,35,43,34,1,50,13,22,36,27,18,41,46,40,17
1372;52;20,18,2,6,16,15,42,49,29,38,14,46,8,3,11,43,9,5,4,32,21,51,47,44,10,31,45,39,30,23,26,35,50,13,22,36,53,12,27,24,48,57,34,1,41,19,17,37,28,7,40,33
1373;52;23,13,14,20,24,5,4,32,2,6,16,15,42,49,29,38,12,53,26,45,39,30,46,8,3,11,43,9,37,48,44,10,31,33,57,35,47,22,36,27,1,34,51,40,7,19,41,50,18,21,28,17
1374;52;37,5,4,32,2,20,23,15,42,49,29,38,14,46,8,3,11,43,9,12,53,26,45,39,30,24,48,44,10,6,16,21,51,47,22,36,31,33,57,35,50,13,17,27,1,34,19,41,18,28,7,40
1375;52;7,2,20,23,15,42,49,29,38,14,46,8,3,11,43,9,5,4,32,6,16,21,51,47,44,10,31,45,39,30,24,48,12,53,26,35,50,13,22,36,57,18,41,19,34,1,33,40,17,37,28,27
1376;52;49,3,20,23,15,42,40,2,6,16,21,51,47,44,14,46,8,5,4,32,29,38,12,53,26,45,39,30,24,48,57,35,43,9,37,28,7,19,34,1,50,13,22,36,31,11,17,27,18,41,10,33
1377;51;47,32,2,20,23,15,42,49,29,38,14,46,8,3,11,43,9,5,4,22,36,31,45,39,30,24,48,44,10,6,16,21,51,33,12,53,26,35,50,13,17,57,18,41,19,34,1,27,7,28,37
1378;52;13,24,5,4,32,2,20,23,15,42,49,29,38,14,46,8,3,11,43,9,12,53,26,45,39,30,6,16,21,51,47,44,10,31,33,57,35,50,18,41,19,34,1,27,17,48,28,7,22,36,40,37
1379;52;40,4,32,2,20,23,15,42,49,29,38,14,46,8,3,11,43,9,5,21,51,47,44,10,6,16,28,7,19,34,1,53,26,45,39,30,24,48,12,27,18,41,50,13,22,36,31,33,57,35,17,37
1380;52;3,6,16,15,42,49,29,38,14,20,23,26,45,39,30,24,5,4,32,2,19,9,12,53,43,35,47,44,10,31,11,8,48,51,33,57,18,41,1,34,13,22,36,27,17,37,28,7,21,50,40,46
1381;52;11,57,35,47,44,14,20,23,15,42,49,29,38,12,53,26,45,39,30,24,5,4,32,2,6,16,21,51,33,3,28,7,19,9,37,48,31,10,43,34,1,8,17,27,18,41,50,13,22,36,40,46
1382;50;48,14,20,23,15,42,49,29,38,12,53,26,45,39,30,24,5,4,32,2,6,16,21,51,47,44,10,31,11,8,3,28,7,19,9,37,46,35,43,34,1,50,13,22,36,57,18,41,17,27
1383;52;40,31,11,8,3,20,23,15,42,49,29,38,14,46,4,32,2,6,16,21,51,47,44,10,43,9,5,53,26,45,39,30,24,48,12,27,1,34,33,57,35,50,13,22,36,18,41,19,17,37,28,7
1384;52;33,44,14,20,23,15,42,49,29,38,12,53,26,45,39,30,24,5,4,32,2,6,16,21,51,47,22,36,9,3,11,8,48,57,35,43,34,1,50,13,17,37,28,7,19,41,10,31,40,46,27,18
1385;52;42,15,33,12,53,26,45,39,14,20,23,3,11,8,5,4,32,2,6,16,21,51,47,44,10,29,38,37,48,57,35,43,9,50,13,22,36,31,40,46,49,19,34,1,41,24,7,28,30,17,27,18
1386;52;51,50,14,20,23,15,42,49,29,38,12,53,26,45,39,30,24,5,4,32,2,6,16,21,1,9,3,11,8,47,44,10,31,33,57,35,43,34,19,41,48,28,7,13,22,36,27,18,37,46,40,17
1387;52;47,48,44,14,20,23,15,42,49,29,38,12,53,26,45,39,30,24,5,4,32,2,6,16,21,51,33,57,35,43,3,11,8,28,7,19,9,37,46,31,10,17,27,1,34,13,22,36,18,41,50,40
1388;51;19,32,2,20,23,15,42,49,29,38,14,46,8,3,11,43,9,5,4,22,36,31,45,39,30,24,48,44,10,6,16,21,51,47,17,53,26,35,50,13,12,27,1,34,33,57,18,41,7,28,37
1389;52;1,49,29,38,14,20,23,15,42,40,2,6,16,21,51,47,44,10,31,11,8,3,28,7,19,9,5,4,32,53,26,45,39,30,24,48,12,27,18,41,50,13,22,36,57,35,43,34,33,46,37,17
1390;52;26,30,23,15,42,49,29,38,14,20,24,5,4,32,2,6,16,21,51,47,44,10,31,11,8,3,28,7,19,9,12,53,43,35,50,13,22,36,57,18,41,45,39,1,34,33,46,48,40,17,37,27
1391;52;4,57,35,47,44,14,20,23,15,42,49,29,38,12,53,26,45,39,30,24,5,43,3,11,8,6,16,21,51,33,32,2,19,9,37,48,28,7,13,22,36,31,10,17,27,1,34,40,46,50,18,41
1392;52;38,28,2,20,23,15,42,49,29,36,9,5,4,32,6,16,21,51,47,44,14,46,8,3,11,43,35,50,13,22,41,24,48,12,53,26,45,39,30,57,31,33,18,27,1,34,19,17,37,10,40,7
1393;52;45,2,20,23,15,42,49,29,38,14,46,8,3,11,43,9,5,4,32,6,16,21,51,47,44,10,31,33,12,53,26,35,50,13,22,36,57,18,41,24,48,28,7,19,34,1,27,17,37,39,30,40
1394;52;31,53,26,45,39,14,20,23,15,42,49,29,38,12,8,3,11,43,9,2,6,16,21,51,47,44,10,35,4,32,27,24,5,30,46,48,57,18,41,19,34,1,50,13,22,36,40,7,28,33,37,17
1395;51;21,14,20,23,15,42,49,29,38,12,53,26,45,39,30,24,5,4,32,2,6,16,28,7,19,9,3,11,8,47,44,10,31,33,57,35,43,34,51,46,48,41,1,50,13,22,36,27,18,37,17
1396;51;10,20,23,15,42,49,29,38,14,46,8,3,11,43,9,2,6,16,21,51,47,44,19,34,1,53,26,45,39,30,24,5,4,32,27,18,41,50,13,22,36,31,33,12,48,57,35,7,28,37,17
1397;52;57,41,24,5,4,32,2,20,23,15,42,49,29,38,14,46,8,3,11,43,9,12,53,26,45,39,30,6,16,21,51,47,44,10,31,33,18,22,36,27,1,34,19,50,13,17,48,28,7,40,35,37
1398;52;26,57,35,47,44,14,20,23,15,42,49,29,38,12,53,4,32,2,6,16,21,51,33,3,11,8,5,43,9,37,48,24,1,34,19,30,46,31,45,39,28,7,13,22,36,27,18,41,50,40,10,17
1399;52;57,30,23,15,42,49,29,38,14,20,24,5,4,32,2,6,16,21,51,47,44,10,31,11,8,3,28,7,19,9,12,53,26,45,39,35,43,34,1,50,13,22,36,27,18,41,48,40,46,33,37,17
1400;51;41,29,38,14,20,23,15,42,49,19,9,2,6,16,21,51,47,44,10,31,11,8,3,28,7,4,32,53,26,45,39,30,24,5,43,35,50,13,22,36,57,18,27,1,12,48,34,33,46,37,17
1401;52;12,15,42,49,29,38,14,20,23,26,45,39,30,24,5,4,32,2,6,16,21,51,47,44,10,31,11,8,3,28,7,19,9,37,48,57,35,43,53,36,22,41,1,34,33,18,27,17,13,40,46,50
1402;51;7,35,47,44,14,20,23,15,42,49,29,38,12,53,26,45,39,30,24,5,4,32,2,6,16,21,51,33,57,31,11,8,3,28,41,9,37,48,34,1,50,13,22,36,27,18,43,40,46,19,17
1403;50;20,16,15,42,49,29,38,14,46,8,3,11,43,9,2,6,39,30,23,26,45,47,44,10,31,33,12,53,4,32,21,51,40,34,1,50,13,22,36,57,35,41,24,5,19,27,18,28,7,48
1404;52;4,18,2,20,23,15,42,49,29,38,14,46,8,3,11,43,9,5,21,51,47,44,10,6,16,28,7,19,34,1,53,26,45,39,30,24,48,12,27,17,57,35,50,13,22,36,31,33,32,41,40,37
1405;52;12,14,20,23,15,42,49,29,38,6,16,21,51,47,44,10,31,11,8,3,28,2,19,9,5,4,32,53,26,45,39,30,24,48,57,35,43,34,1,50,13,22,36,27,18,41,46,33,40,7,17,37
1406;52;10,51,47,44,14,20,23,15,42,49,29,38,12,53,26,45,39,30,24,5,4,32,2,6,16,21,1,9,3,11,8,48,57,35,43,34,33,18,41,19,50,13,22,36,31,40,46,7,28,37,17,27
1407;52;15,28,2,20,23,26,45,39,14,46,8,3,11,43,9,5,4,32,6,16,21,51,47,44,10,29,38,12,53,42,49,19,34,1,50,13,22,36,31,33,57,35,41,24,48,30,17,37,18,27,7,40
1408;50;20,28,2,6,16,15,42,49,29,38,14,46,8,3,11,43,9,5,4,32,21,51,47,44,10,31,45,39,30,23,26,35,50,13,22,36,53,18,41,24,48,12,27,1,34,33,57,17,37,19
1409;52;50,17,3,20,23,15,42,49,29,38,14,46,8,5,4,32,2,6,16,21,51,47,44,10,31,11,43,9,12,53,26,45,39,30,24,48,57,35,41,19,34,1,33,18,22,36,27,7,13,40,37,28
1410;52;47,46,8,3,20,23,15,42,49,29,38,14,50,13,22,36,9,2,6,16,21,51,33,12,53,26,45,39,30,24,5,4,32,27,44,10,31,11,43,35,41,19,34,1,57,18,28,7,48,40,17,37
1411;3;1,40,23
1412;3;2,40,23
1413;3;3,40,23
1414;3;4,23,40
1415;3;5,40,23
1416;3;6,40,23
1417;3;7,40,23
1418;3;8,23,40
1419;3;11,23,40
1420;3;12,40,23
1421;3;13,23,40
1422;3;14,23,40
1423;3;15,40,23
1424;3;16,23,40
1425;3;9,40,23
1426;3;18,23,40
1427;3;19,23,40
1428;3;20,23,40
1429;3;22,23,40
1430;3;24,40,23
1431;3;21,23,40
1432;3;26,23,40
1433;3;27,23,40
1434;3;28,40,23
1435;3;29,23,40
1436;3;30,23,40
1437;3;31,40,23
1438;3;32,23,40
1439;3;33,40,23
1440;3;34,23,40
1441;3;35,23,40
1442;3;36,23,40
1443;3;37,23,40
1444;3;38,23,40
1445;3;39,40,23
1446;3;41,23,40
1447;3;42,40,23
1448;3;43,40,23
1449;3;44,40,23
1450;3;45,23,40
1451;3;46,23,40
1452;3;47,40,23
1453;3;48,23,40
1454;3;49,40,23
1455;3;50,40,23
1456;3;51,40,23
1457;3;53,40,23
1458;2;54,55
1459;3;10,40,23
1460;3;57,40,23
1461;2;64,66
1462;3;17,40,23
1463;2;102,265
1464;3;27,40,23
1465;3;35,40,23
1466;3;19,40,23
1467;3;53,23,40
1468;3;13,40,23
1469;2;64,84
1470;2;102,266
1471;2;64,55
1472;3;51,23,40
1473;2;64,91
1474;3;45,40,23
1475;2;54,95
1476;2;102,270
1477;3;12,23,40
1478;3;2,23,40
1479;2;64,101
1480;2;54,105
1481;3;16,40,23
1482;3;20,40,23
1483;3;34,40,23
1484;3;43,23,40
1485;2;54,101
1486;3;50,23,40
1487;3;6,23,40
1488;3;1,23,40
1489;3;4,40,23
1490;3;11,40,23
1491;3;9,23,40
1492;2;54,122
1493;3;8,40,23
1494;2;54,66
1495;2;54,91
1496;2;64,122
1497;2;64,95
1498;3;33,23,40
1499;2;54,136
1500;3;41,40,23
1501;2;54,140
1502;2;64,141
1503;3;36,40,23
1504;3;30,40,23
1505;3;37,40,23
1506;3;5,23,40
1507;2;54,141
1508;3;28,23,40
1509;3;47,23,40
1510;2;102,267
1511;3;46,40,23
1512;3;32,40,23
1513;3;18,40,23
1514;3;31,23,40
1515;3;15,23,40
1516;3;10,23,40
1517;2;64,159
1518;3;24,23,40
1519;3;49,23,40
1520;3;7,23,40
1521;2;64,136
1522;3;29,40,23
1523;3;26,40,23
1524;3;44,23,40
1525;2;102,269
1526;3;3,23,40
1527;3;17,23,40
1528;3;39,23,40
1529;3;14,40,23
1530;3;42,23,40
1531;3;48,40,23
1532;3;57,23,40
1533;3;22,40,23
1534;3;38,40,23
1535;3;21,40,23
1536;51;44,28,7,19,9,2,6,32,29,38,5,4,22,36,31,45,47,51,49,26,37,41,1,53,43,8,3,20,12,18,16,13,23,10,27,24,48,42,50,14,21,46,33,40,30,11,15,17,57,35,34
1537;47;39,14,24,19,9,2,6,32,29,38,5,4,22,36,31,45,47,51,49,26,37,41,1,53,43,8,3,20,44,28,7,13,23,18,16,15,42,50,57,35,11,17,48,34,30,10,27
1538;51;29,36,9,2,6,32,47,51,49,19,41,1,53,43,8,3,20,44,28,7,13,38,5,4,22,17,48,42,18,16,15,10,27,24,31,45,23,26,37,34,11,46,14,21,30,35,12,39,57,33,40
1539;48;48,44,28,7,19,9,2,6,32,29,38,5,4,22,36,31,45,47,51,49,26,37,41,1,53,43,8,3,20,12,18,16,13,23,10,27,24,50,14,21,46,42,11,15,40,30,35,34
1540;51;8,41,1,53,43,35,38,5,4,22,36,9,2,6,32,29,27,24,19,3,20,44,28,7,13,23,26,45,47,51,49,21,46,48,42,18,16,15,10,14,31,40,30,11,17,57,34,12,39,37,33
1541;52;12,44,28,7,19,9,2,6,32,29,38,5,4,22,36,31,45,47,51,49,26,37,41,1,53,43,8,3,20,40,21,46,48,42,18,16,13,23,10,27,24,50,14,35,11,15,17,57,34,30,33,39
1542;48;32,2,6,31,45,47,51,49,29,38,5,4,22,36,9,14,24,19,41,1,53,43,8,3,20,44,28,7,13,23,26,37,34,15,42,18,16,46,48,57,35,11,17,12,30,10,27,39
1543;51;42,49,29,38,5,4,22,36,9,2,6,32,47,51,15,10,43,8,41,1,53,18,3,20,44,28,7,19,35,23,26,45,48,57,13,12,30,11,17,34,21,46,14,24,31,27,39,37,16,50,40
1544;51;34,9,2,6,32,29,38,5,4,22,36,31,45,47,51,49,19,41,1,53,43,8,3,20,44,28,7,13,23,26,37,48,42,18,16,15,10,27,24,50,14,21,46,33,12,30,11,17,57,35,39
1545;50;44,14,24,19,9,2,6,32,29,38,5,4,22,36,31,45,47,51,49,26,37,41,1,53,43,8,3,20,12,18,16,13,23,10,27,11,15,42,50,57,35,7,39,28,21,46,48,34,30,17
1546;50;11,8,41,1,53,43,35,38,5,4,22,36,9,2,6,32,29,27,24,19,3,20,44,28,7,13,23,26,45,47,51,49,21,46,48,42,18,16,15,10,14,31,40,30,57,34,12,39,37,17
1547;42;44,10,43,8,41,1,53,42,49,29,38,5,4,22,36,9,2,6,32,47,51,15,7,19,35,23,26,45,3,20,12,18,16,13,40,21,46,48,57,34,11,17
1548;52;27,1,53,43,8,41,4,22,36,9,2,6,32,29,38,5,49,19,35,23,26,45,47,51,15,42,3,20,44,28,7,13,12,18,16,14,24,48,57,34,11,17,10,40,21,46,33,39,37,30,50,31
1549;52;2,19,9,14,24,48,44,28,7,13,32,29,38,5,4,22,36,31,45,47,51,49,26,37,41,1,53,43,8,3,20,12,18,16,15,42,50,57,35,23,10,27,11,6,40,21,46,33,39,34,30,17
1550;50;44,19,9,2,6,32,29,38,5,4,22,36,31,45,47,51,49,26,37,41,1,53,43,8,3,20,12,18,16,13,23,10,27,24,48,42,50,14,21,46,33,40,30,11,15,7,39,28,35,34
1551;51;3,24,19,9,2,6,32,29,38,5,4,22,36,31,45,47,51,49,26,37,41,1,53,43,8,34,15,42,18,16,13,23,10,27,11,17,48,44,28,7,39,14,21,46,33,12,30,35,20,40,57
1552;52;18,2,6,32,29,38,5,4,22,36,9,14,24,19,41,1,53,43,8,3,20,44,28,7,13,23,26,45,47,51,49,21,46,48,42,50,57,35,11,15,10,16,27,17,34,30,33,12,39,37,31,40
1553;48;24,2,6,32,29,38,5,4,22,36,9,14,31,45,47,51,49,19,41,1,53,43,8,3,20,44,28,7,13,23,26,37,34,15,42,18,16,46,48,57,35,11,17,12,30,10,27,39
1554;46;27,2,6,32,29,38,5,4,22,36,9,14,24,19,41,1,53,43,8,3,20,44,28,7,13,23,26,45,47,51,49,21,46,48,42,18,16,15,10,12,30,11,17,57,35,34
1555;52;39,47,51,49,29,38,5,4,22,36,9,2,6,32,27,24,19,41,1,53,43,8,3,20,44,28,7,13,23,26,45,42,18,16,15,10,14,31,35,11,17,48,57,34,30,33,12,21,46,37,50,40
1556;50;17,3,20,44,28,7,19,9,2,6,32,29,38,5,4,22,36,31,45,47,51,49,26,37,41,1,53,43,8,34,15,42,18,16,13,23,10,27,24,48,57,35,11,46,14,21,30,33,12,39
1557;46;22,41,1,53,43,8,3,20,44,28,7,19,9,2,6,32,29,38,5,4,33,12,18,16,13,23,26,45,47,51,49,21,46,48,42,50,14,24,10,27,11,15,40,30,35,34
1558;51;27,43,8,41,1,53,42,49,29,38,5,4,22,36,9,2,6,32,47,51,15,10,16,13,23,26,45,3,20,44,28,7,19,35,11,17,48,57,18,46,14,24,31,40,21,30,33,12,39,37,34
1559;48;5,43,8,41,1,53,42,49,29,38,57,35,4,22,36,9,2,6,32,47,51,15,10,16,13,23,26,45,3,20,44,28,7,19,27,24,48,31,40,21,46,14,37,34,11,17,18,39
1560;50;21,51,49,29,38,5,4,22,36,9,2,6,32,47,17,3,20,44,28,7,19,41,1,53,43,8,45,23,26,37,34,15,42,18,16,13,12,30,10,27,24,48,57,35,11,46,14,31,40,39
1561;52;2,40,21,51,49,29,38,5,4,22,36,9,14,24,19,6,32,47,17,3,20,44,28,7,13,23,26,45,42,18,16,15,10,43,8,41,1,53,31,27,11,46,48,57,35,34,30,33,12,39,37,50
1562;52;30,53,43,8,41,1,9,2,6,32,29,38,5,4,22,36,31,45,47,51,49,19,35,23,26,37,34,15,42,3,20,44,28,7,13,12,18,16,14,24,48,57,11,17,10,27,39,46,33,40,21,50
1563;50;17,6,32,2,19,9,14,24,48,44,28,7,13,38,5,4,22,36,31,45,47,51,49,29,27,1,53,43,8,41,50,57,35,23,26,37,34,15,42,3,20,12,18,16,46,33,40,21,30,10
1564;51;27,18,2,6,32,29,38,5,4,22,36,9,14,24,19,41,1,53,43,8,3,20,44,28,7,13,23,26,45,47,51,49,21,46,48,42,50,57,35,11,15,10,16,40,30,17,34,12,39,37,31
1565;52;1,7,19,9,2,6,32,29,38,5,4,22,36,31,45,47,51,49,26,37,41,50,14,24,48,44,28,16,13,23,18,3,20,12,30,53,43,8,34,15,42,21,46,33,40,57,35,11,17,10,27,39
1566;51;34,1,53,43,8,41,4,22,36,9,2,6,32,29,38,5,49,19,35,23,26,45,47,51,15,42,3,20,44,28,7,13,12,18,16,14,24,48,57,11,17,10,27,39,46,33,40,21,30,50,31
1567;52;3,11,8,41,1,53,43,35,38,5,4,22,36,9,2,6,32,29,27,24,19,17,48,44,28,7,13,23,26,45,47,51,49,21,46,14,31,20,12,18,16,15,42,50,57,34,30,10,40,39,37,33
1568;51;40,45,47,51,49,29,38,5,4,22,36,9,2,6,32,27,24,19,41,1,53,43,8,3,20,44,28,7,13,23,26,37,34,15,42,18,16,14,31,35,11,17,48,57,33,12,30,10,50,39,46
1569;51;9,5,4,22,36,31,45,47,51,49,29,38,57,35,23,26,2,6,32,27,24,19,41,1,53,43,8,3,20,44,28,7,13,12,18,16,15,42,50,14,37,34,11,17,48,10,40,21,46,33,39
1570;51;21,19,9,2,6,32,29,38,5,4,22,36,31,45,47,51,49,26,37,41,1,53,43,8,3,20,44,28,7,13,23,18,16,15,42,50,14,24,48,57,35,11,17,34,30,10,27,39,46,33,12
1571;52;34,5,4,22,36,9,2,6,32,29,38,57,35,23,26,45,47,51,49,19,41,1,53,43,8,3,20,44,28,7,13,12,18,16,15,42,50,14,24,48,31,27,11,17,10,40,21,46,33,39,37,30
1572;52;27,23,26,45,47,51,49,29,38,5,4,22,36,9,2,6,32,31,3,20,44,28,7,19,41,1,53,43,8,34,15,42,18,16,13,12,30,10,14,24,48,57,35,11,17,21,46,33,40,39,37,50
1573;51;40,46,48,44,28,7,19,9,2,6,32,29,38,5,4,22,36,31,45,47,51,49,26,37,41,1,53,43,8,3,20,12,18,16,13,23,10,27,24,50,14,21,30,11,15,42,33,39,57,35,34
1574;50;36,23,26,45,47,51,49,29,38,5,4,22,17,3,20,44,28,7,19,9,2,6,32,27,24,48,42,18,16,13,12,30,53,43,8,41,1,15,10,14,31,35,11,46,33,40,21,39,37,34
1575;52;30,6,32,2,19,9,14,24,48,44,28,7,13,38,5,4,22,36,31,45,47,51,49,29,27,1,53,43,8,41,50,57,35,23,26,37,34,15,42,3,20,12,18,16,46,33,40,21,39,11,17,10
1576;52;4,38,5,43,8,41,1,53,42,49,29,36,9,2,6,32,47,51,15,10,16,13,23,26,45,3,20,44,28,7,19,35,11,17,48,57,18,46,14,24,31,27,34,30,33,12,39,37,21,50,40,22
1577;48;46,6,32,2,19,9,14,24,48,44,28,7,13,38,5,4,22,36,31,45,47,51,49,29,27,1,53,43,8,41,50,57,35,23,26,37,34,15,42,3,20,12,18,16,40,21,30,10
1578;51;4,28,7,19,9,2,6,32,29,38,5,43,8,41,1,53,42,49,26,45,47,51,15,10,16,13,23,18,3,20,44,14,24,48,57,35,11,17,34,30,36,31,27,39,46,33,12,22,50,40,21
1579;52;10,41,1,53,43,8,3,20,44,28,7,19,9,2,6,32,29,38,5,4,22,36,31,45,47,51,49,26,37,34,15,42,18,16,13,23,50,14,24,48,57,35,11,17,12,30,33,40,21,46,27,39
1580;52;36,47,51,49,29,38,5,4,22,17,3,20,44,28,7,19,9,2,6,32,27,24,48,42,18,16,13,23,26,45,14,31,35,11,8,41,1,53,43,34,15,10,12,30,57,33,40,21,46,37,50,39
1581;51;44,5,4,22,36,9,2,6,32,29,38,57,35,23,26,45,47,51,49,19,41,1,53,43,8,3,20,12,18,16,13,40,21,46,48,42,50,14,24,10,27,11,15,7,39,28,31,17,34,30,33
1582;51;40,3,20,44,28,7,19,9,2,6,32,29,38,5,4,22,36,31,45,47,51,49,26,37,41,1,53,43,8,34,15,42,18,16,13,23,10,27,24,48,57,35,11,17,12,30,14,21,46,33,39
1583;51;2,41,1,53,43,8,3,20,44,28,7,19,9,14,24,48,42,49,29,38,5,4,22,36,31,45,47,51,15,10,16,13,32,27,18,11,6,40,21,46,23,26,37,34,30,35,17,57,33,12,39
1584;52;34,29,38,5,4,22,36,9,2,6,32,47,51,49,19,41,1,53,43,8,3,20,44,28,7,13,23,26,45,42,18,16,15,10,27,24,48,57,35,11,17,12,30,14,31,40,21,46,33,39,37,50
1585;48;22,27,24,19,9,2,6,32,29,38,5,4,28,7,13,23,26,45,47,51,49,21,46,48,44,14,31,3,20,12,18,16,15,42,50,57,35,11,8,41,1,53,43,34,30,10,40,17
1586;50;1,44,28,7,19,9,2,6,32,29,38,5,4,22,36,31,45,47,51,49,26,37,41,50,14,24,48,42,3,20,12,18,16,13,23,10,43,8,34,15,40,21,46,53,27,11,17,57,35,39
1587;52;3,50,14,24,19,9,2,6,32,29,38,5,4,22,36,31,45,47,51,49,26,37,41,1,53,43,8,34,15,42,18,16,13,23,10,27,11,17,48,44,28,7,39,46,33,12,30,35,20,40,21,57
1588;52;50,13,32,2,6,31,45,47,51,49,29,38,5,4,22,36,9,14,24,19,41,1,53,43,8,3,20,44,28,7,26,37,34,15,42,18,16,46,48,23,10,27,11,17,57,35,12,30,33,40,21,39
1589;51;34,2,6,32,29,38,5,4,22,36,9,14,24,19,41,1,53,43,8,3,20,44,28,7,13,23,26,45,47,51,49,21,46,48,42,18,16,15,10,27,11,17,57,35,12,30,33,40,39,37,31
1590;52;24,1,53,43,8,41,4,22,36,9,2,6,32,29,38,5,49,19,35,23,26,45,47,51,15,42,3,20,44,28,7,13,12,18,16,14,31,27,11,17,48,57,34,30,10,40,21,46,33,39,37,50
1591;46;14,38,5,4,22,36,9,2,6,32,29,27,24,19,41,1,53,43,8,3,20,44,28,7,13,23,26,45,47,51,49,21,46,48,42,18,16,15,10,12,30,11,17,57,35,34
1592;52;38,6,32,2,19,9,14,24,48,44,28,7,13,23,26,45,47,51,49,29,36,31,3,20,12,18,16,15,42,50,57,35,4,22,17,53,43,8,41,1,40,21,46,33,11,10,27,34,5,30,39,37
1593;52;40,9,2,6,32,29,38,5,4,22,36,31,45,47,51,49,19,41,1,53,43,8,3,20,44,28,7,13,23,26,37,34,15,42,18,16,14,24,48,57,35,11,17,12,30,10,27,39,46,33,21,50
1594;50;3,13,32,2,6,31,45,47,51,49,29,38,5,4,22,36,9,14,24,19,41,1,53,43,8,34,15,42,18,16,20,44,28,7,26,37,48,23,10,27,11,17,57,35,12,30,33,40,21,46
1595;51;44,37,41,1,53,43,8,3,20,12,18,2,6,32,29,38,5,4,22,36,9,14,24,19,35,23,26,45,47,51,49,21,46,48,42,50,13,40,30,10,16,15,7,39,28,31,27,11,17,57,34
1596;51;5,3,20,44,28,7,19,9,2,6,32,29,38,57,35,4,22,36,31,45,47,51,49,26,37,41,1,53,43,8,34,15,42,18,16,13,23,10,27,24,48,11,17,12,30,14,21,46,33,40,39
1597;48;2,57,35,38,5,4,22,36,9,14,24,19,6,32,29,27,1,53,43,8,41,50,13,23,26,45,47,51,49,21,46,48,44,28,7,39,37,34,15,42,3,20,12,18,16,40,30,10
1598;51;15,3,20,44,28,7,19,9,2,6,32,29,38,5,4,22,36,31,45,47,51,49,26,37,41,1,53,43,8,34,11,17,48,42,18,16,13,23,10,27,24,50,14,21,46,33,12,30,35,39,57
1599;48;7,51,49,29,38,5,4,22,36,9,2,6,32,47,17,3,20,44,28,16,13,23,26,45,42,18,11,8,41,1,53,43,35,10,27,24,19,33,12,30,57,34,15,40,21,46,48,31
1600;50;2,12,44,28,7,19,9,14,24,48,42,49,29,38,5,4,22,36,31,45,47,51,15,10,43,8,41,1,53,18,3,20,32,27,23,26,37,34,11,6,40,21,46,33,16,13,39,57,35,17
1601;51;50,15,42,49,29,38,5,4,22,36,9,2,6,32,47,51,24,19,41,1,53,43,8,3,20,44,28,7,13,23,26,45,48,57,35,11,17,34,30,10,16,14,31,27,18,46,33,12,39,37,21
1602;52;53,36,9,2,6,32,29,38,5,4,22,17,3,20,44,28,7,19,41,1,16,13,23,26,45,47,51,49,21,46,48,42,18,11,8,34,15,10,43,35,24,31,27,14,37,57,33,12,30,50,40,39
1603;51;6,48,44,28,7,19,9,2,40,21,51,49,29,38,5,4,22,36,31,45,47,17,3,20,12,18,16,13,32,27,24,1,53,43,8,41,50,14,37,34,15,42,11,23,26,10,57,35,46,33,39
1604;52;7,44,28,16,13,32,2,6,31,45,47,51,49,29,38,5,4,22,36,9,14,24,19,41,1,53,43,8,3,20,12,18,11,15,42,50,57,35,23,26,37,34,30,10,27,17,48,40,21,46,33,39
1605;51;2,17,3,20,44,28,7,19,9,14,24,48,42,49,29,38,5,4,22,36,31,45,47,51,15,10,43,8,41,1,53,18,16,13,32,27,23,26,37,34,11,6,40,21,46,33,12,30,35,39,57
1606;52;2,51,49,29,38,5,4,22,36,9,14,24,19,6,32,47,17,3,20,44,28,7,13,23,26,45,42,18,16,15,10,43,8,41,1,53,21,46,48,57,35,11,37,34,30,33,12,39,31,27,50,40
1607;47;48,38,5,4,22,36,9,2,6,32,29,27,24,19,41,1,53,43,8,3,20,44,28,7,13,23,26,45,47,51,49,21,46,14,31,42,18,16,15,10,12,30,11,17,57,35,34
1608;51;7,9,2,6,32,29,38,5,4,22,36,31,45,47,51,49,19,41,1,53,43,8,3,20,44,28,16,13,23,26,37,34,15,42,18,11,17,48,57,35,10,27,24,50,14,21,46,33,12,30,39
1609;52;6,10,43,8,41,1,53,42,49,29,38,5,4,22,36,9,2,19,35,23,26,45,47,51,15,7,13,32,27,24,48,44,28,16,14,31,3,20,12,18,11,17,57,34,30,33,40,21,46,37,50,39
1610;51;45,9,2,6,32,29,38,5,4,22,36,31,3,20,44,28,7,19,41,1,53,43,8,47,51,49,26,37,34,15,42,18,16,13,23,10,27,24,48,57,35,11,17,12,30,14,21,46,33,40,39
1611;52;37,53,43,8,41,1,9,2,6,32,29,38,5,4,22,36,31,45,47,51,49,19,35,23,26,3,20,44,28,7,13,12,18,16,15,42,50,14,24,48,57,34,11,17,10,27,39,46,33,40,21,30
1612;52;39,43,8,41,1,53,42,49,29,38,5,4,22,36,9,2,6,32,47,51,15,10,16,13,23,26,45,3,20,44,28,7,19,35,11,17,48,57,18,46,14,24,31,27,34,30,33,12,21,50,40,37
1613;48;9,42,49,29,38,5,4,22,36,31,45,47,51,15,10,43,8,41,1,53,18,2,6,32,27,24,19,35,23,26,37,34,11,17,3,20,44,28,7,13,12,30,57,33,40,21,46,48
1614;52;38,20,44,28,7,19,9,2,6,32,29,36,31,45,47,51,49,26,37,41,1,53,43,8,3,24,48,42,18,16,13,23,10,27,11,15,40,21,46,14,22,17,57,35,4,33,12,30,50,39,34,5
1615;51;9,28,7,19,6,32,2,40,21,51,49,29,38,5,4,22,36,31,45,47,17,3,20,44,14,24,48,42,18,16,13,23,26,37,41,1,53,43,8,34,15,10,27,11,46,33,12,30,35,39,57
1616;52;21,2,6,32,29,38,5,4,22,36,9,14,24,19,41,1,53,43,8,3,20,44,28,7,13,23,26,45,47,51,49,12,18,16,15,42,50,57,35,11,17,48,31,27,34,30,10,40,46,33,39,37
1617;47;51,29,38,5,4,22,36,9,2,6,32,47,17,3,20,44,28,7,19,41,1,53,43,8,45,23,26,37,34,15,42,49,21,46,48,57,35,11,10,16,13,12,18,24,31,27,14
1618;52;46,47,51,49,29,38,5,4,22,36,9,2,6,32,27,24,19,41,1,53,43,8,3,20,44,28,7,13,23,26,45,42,18,16,15,10,14,31,35,11,17,48,57,34,30,33,12,39,37,21,50,40
1619;47;15,8,41,1,53,43,35,38,5,4,22,36,9,2,6,32,29,27,24,19,3,20,44,28,7,13,23,26,45,47,51,49,21,46,48,42,18,16,14,31,10,12,30,11,17,57,34
1620;52;7,43,8,41,1,53,42,49,29,38,5,4,22,36,9,2,6,32,47,51,15,10,16,13,23,26,45,3,20,44,28,21,19,35,11,17,48,57,18,46,14,24,31,27,34,30,33,12,39,37,50,40
1621;52;3,8,41,1,53,43,35,38,5,4,22,36,9,2,6,32,29,27,24,19,17,48,44,28,7,13,23,26,45,47,51,49,21,46,14,31,20,12,18,16,15,42,50,57,34,11,10,40,30,33,39,37
1622;52;44,50,14,24,19,9,2,6,32,29,38,5,4,22,36,31,45,47,51,49,26,37,41,1,53,43,8,3,20,12,18,16,13,23,10,27,11,15,42,21,46,48,57,35,7,39,28,33,40,30,17,34
1623;48;47,34,9,2,6,32,29,38,5,4,22,36,31,45,23,26,37,41,1,53,43,8,3,20,44,28,7,19,35,11,15,42,49,21,51,24,48,57,18,16,13,12,30,10,27,17,46,14
1624;51;31,44,28,7,19,9,2,6,32,29,38,5,4,22,36,23,26,45,47,51,49,21,46,48,42,3,20,12,18,16,13,40,30,53,43,8,41,1,15,10,27,24,50,14,37,34,11,17,57,35,39
1625;50;39,6,32,2,19,9,14,24,48,44,28,7,13,38,5,4,22,36,31,45,47,51,49,29,27,1,53,43,8,41,50,57,35,23,26,37,34,15,42,3,20,12,18,16,46,33,40,21,30,10
1626;52;20,36,9,2,6,32,29,38,5,4,22,17,3,24,19,41,1,53,43,8,45,47,51,49,26,37,34,15,42,18,16,13,23,10,27,11,46,48,44,28,7,39,14,31,35,12,30,57,33,40,21,50
1627;51;22,18,2,6,32,29,38,5,4,28,7,19,9,14,24,48,44,10,43,8,41,1,53,42,49,26,45,47,51,15,3,20,12,30,11,17,57,35,23,31,27,34,13,40,21,46,33,16,50,39,37
1628;51;10,47,51,49,29,38,5,4,22,36,9,2,6,32,27,24,19,41,1,53,43,8,3,20,44,28,7,13,23,26,45,42,18,16,15,40,21,46,48,57,35,11,17,34,30,14,31,12,39,37,33
1629;52;50,53,43,8,41,1,9,2,6,32,29,38,5,4,22,36,31,45,47,51,49,19,35,23,26,37,34,15,42,3,20,44,28,7,13,12,18,16,14,24,48,57,11,17,10,27,39,46,33,40,21,30
1630;52;5,7,19,9,2,6,32,29,38,57,35,4,22,36,31,45,47,51,49,26,37,41,1,53,43,8,3,20,44,28,16,13,23,18,11,15,42,50,14,24,48,34,30,10,27,17,12,39,46,33,40,21
1631;52;5,53,43,8,41,1,9,2,6,32,29,38,57,35,4,22,36,31,45,47,51,49,19,27,24,48,44,28,7,13,23,26,37,34,15,42,3,20,12,18,16,14,21,46,33,40,30,10,50,39,11,17
1632;47;36,57,35,38,5,4,22,17,3,20,44,28,7,19,9,2,6,32,29,27,24,48,42,49,26,45,47,51,15,10,43,8,41,1,53,18,16,13,23,31,40,21,46,14,37,34,11
1633;52;29,53,43,8,41,1,9,2,6,32,47,51,49,19,35,38,5,4,22,36,31,45,23,26,37,34,15,42,3,20,44,28,7,13,12,18,16,14,24,48,57,11,17,10,27,39,46,33,40,21,30,50
1634;52;16,32,2,6,31,45,47,51,49,29,38,5,4,22,36,9,14,24,19,41,1,53,43,8,3,20,44,28,7,13,23,26,37,34,15,42,18,11,17,48,57,35,10,27,39,46,33,12,30,50,40,21
1635;48;22,51,49,29,38,5,4,28,7,19,9,2,6,32,47,17,3,20,44,14,24,48,42,18,16,13,23,26,45,41,1,53,43,8,34,15,10,27,11,46,33,12,30,35,37,21,39,57
1636;51;57,5,4,22,36,9,2,6,32,29,38,20,44,28,7,19,41,1,53,43,8,3,24,48,42,49,26,45,47,51,15,10,16,13,23,18,11,17,34,30,35,12,39,14,31,27,50,40,21,46,33
1637;47;8,2,6,32,29,38,5,4,22,36,9,14,24,19,41,1,53,43,35,23,26,45,47,51,49,21,46,48,44,28,7,13,12,18,3,20,40,30,10,16,15,42,50,57,34,11,17
1638;50;36,27,24,19,9,2,6,32,29,38,5,4,22,17,3,20,44,28,7,13,23,26,45,47,51,49,21,46,48,42,18,16,15,10,43,8,41,1,53,31,35,11,37,34,30,57,33,12,39,14
1639;52;34,20,44,28,7,19,9,2,6,32,29,38,5,4,22,36,31,45,47,51,49,26,37,41,1,53,43,8,3,24,48,42,18,16,13,23,10,27,11,15,40,21,46,14,35,17,57,33,12,30,50,39
1640;51;3,9,2,6,32,29,38,5,4,22,36,31,45,47,51,49,19,41,1,53,43,8,34,15,42,18,16,13,23,26,37,48,44,28,7,39,14,24,10,27,11,17,57,35,12,30,33,40,21,46,20
1641;51;18,4,22,36,9,2,6,32,29,38,5,43,8,41,1,53,42,49,19,35,23,26,45,47,51,15,10,16,13,12,44,28,7,39,14,24,48,57,34,11,17,3,20,40,21,46,33,27,50,31,30
1642;51;27,49,29,38,5,4,22,36,9,2,6,32,47,51,15,42,3,20,44,28,7,19,41,1,53,43,8,45,23,26,37,34,11,17,48,57,35,10,16,13,12,18,46,14,24,31,40,21,30,33,39
1643;51;43,6,32,2,19,9,14,24,48,44,28,7,13,38,5,4,22,36,31,45,47,51,49,29,27,1,53,42,3,20,12,18,16,15,10,41,50,57,35,23,26,37,34,11,8,46,33,40,21,30,17
1644;49;57,42,49,29,38,5,4,22,36,9,2,6,32,47,51,15,10,43,8,41,1,53,18,3,20,44,28,7,19,35,23,26,45,48,31,27,24,50,14,37,34,11,17,12,30,33,40,21,46
1645;49;9,50,14,24,19,6,32,2,40,21,51,49,29,38,5,4,22,36,31,45,47,17,3,20,44,28,7,13,23,26,37,41,1,53,43,8,34,15,42,18,16,46,48,57,35,11,10,27,39
1646;47;40,23,26,45,47,51,49,29,38,5,4,22,36,9,2,6,32,27,24,19,41,1,53,43,8,3,20,44,28,7,13,12,18,16,15,42,50,14,31,35,11,17,48,57,34,30,10
1647;50;21,20,44,28,7,19,9,2,6,32,29,38,5,4,22,36,31,45,47,51,49,26,37,41,1,53,43,8,3,24,48,42,18,16,13,23,10,27,11,15,40,46,14,35,34,30,57,33,12,39
1648;51;36,15,42,49,29,38,5,4,22,17,3,20,44,28,7,19,9,2,6,32,47,51,24,48,23,26,45,14,31,27,1,53,43,8,41,50,13,12,18,16,46,33,40,21,30,10,57,35,11,37,34
1649;52;12,38,5,4,22,36,9,2,6,32,29,27,24,19,41,1,53,43,8,3,20,44,28,7,13,23,26,45,47,51,49,21,46,48,42,18,16,15,10,14,31,35,11,17,57,34,30,33,40,39,37,50
1650;51;3,22,36,9,2,6,32,29,38,5,4,28,7,19,41,1,53,43,8,45,47,51,49,26,37,34,15,42,18,16,13,23,10,27,24,48,44,14,31,20,12,30,11,17,57,35,46,33,40,21,39
1651;50;7,8,41,1,53,43,35,38,5,4,22,36,9,2,6,32,29,27,24,19,3,20,44,28,16,13,23,26,45,47,51,49,21,46,48,42,18,11,15,10,14,31,40,30,57,34,12,39,37,17
1652;51;40,29,38,5,4,22,36,9,2,6,32,47,51,49,19,41,1,53,43,8,3,20,44,28,7,13,23,26,45,42,18,16,15,10,27,24,48,57,35,11,17,34,30,14,31,12,39,46,33,21,50
1653;50;5,48,44,28,7,19,9,2,6,32,29,38,57,35,4,22,36,31,45,47,51,49,26,37,41,1,53,43,8,3,20,12,18,16,13,23,10,27,24,50,14,21,46,42,11,15,40,30,17,34
1654;49;5,51,49,29,38,57,35,4,22,36,9,2,6,32,47,17,3,20,44,28,7,19,41,1,53,43,8,45,23,26,37,34,15,42,18,16,13,12,30,10,27,24,48,31,40,21,46,14,11
1655;52;23,38,5,4,22,36,9,2,6,32,29,27,24,19,41,1,53,43,8,3,20,44,28,7,13,12,18,16,15,42,49,26,45,47,51,48,57,35,11,17,34,30,10,14,31,40,21,46,33,39,37,50
1656;50;15,49,29,38,5,4,22,36,9,2,6,32,47,51,24,19,41,1,53,43,8,3,20,44,28,7,13,23,26,45,42,18,16,14,31,27,11,17,48,57,35,10,12,30,33,40,21,46,37,34
1657;48;17,43,8,41,1,53,42,49,29,38,5,4,22,36,9,2,6,32,47,51,15,10,16,13,23,26,45,3,20,44,28,7,19,35,11,46,48,57,18,24,31,27,34,30,14,37,21,39
1658;52;34,19,9,2,6,32,29,38,5,4,22,36,31,45,47,51,49,26,37,41,1,53,43,8,3,20,44,28,7,13,23,18,16,15,42,50,14,24,48,57,35,11,17,12,30,10,27,39,46,33,40,21
1659;48;22,30,53,43,8,41,1,9,2,6,32,29,38,5,4,28,7,19,35,23,26,45,47,51,49,21,46,48,44,14,24,10,16,13,12,18,3,20,36,31,42,50,57,34,15,40,11,17
1660;50;2,28,7,19,9,14,24,48,44,10,43,8,41,1,53,42,49,29,38,5,4,22,36,31,45,47,51,15,3,20,12,18,16,13,32,27,23,26,37,34,11,6,40,21,46,33,39,57,35,17
1661;51;13,29,38,5,4,22,36,9,2,6,32,47,51,49,19,41,1,53,43,8,3,20,44,28,7,26,45,23,18,16,15,42,50,14,24,48,57,35,11,17,34,30,10,27,39,46,33,12,31,40,21
1662;51;44,57,35,38,5,4,22,36,9,2,6,32,29,27,24,19,41,1,53,43,8,3,20,12,18,16,13,23,26,45,47,51,49,21,46,48,42,50,14,31,10,40,30,11,15,7,39,28,33,17,34
1663;46;38,16,13,32,2,6,31,45,47,51,49,29,36,9,14,24,19,41,1,53,43,8,3,20,44,28,7,22,17,48,42,18,4,33,12,30,10,27,23,26,37,34,15,40,21,46
1664;50;23,9,2,6,32,29,38,5,4,22,36,31,45,47,51,49,19,41,1,53,43,8,3,20,44,28,7,13,12,18,16,15,42,50,14,24,48,57,35,11,17,34,30,10,27,39,46,33,40,21
1665;48;12,8,41,1,53,43,35,38,5,4,22,36,9,2,6,32,29,27,24,19,3,20,44,28,7,13,23,26,45,47,51,49,21,46,48,42,18,16,15,10,14,31,40,30,11,17,57,34
1666;52;53,23,26,45,47,51,49,29,38,5,4,22,36,9,2,6,32,27,24,19,41,1,7,13,12,44,28,16,15,42,3,20,43,8,34,11,17,48,57,35,10,14,31,40,21,46,33,18,37,30,50,39
1667;52;48,28,7,19,9,2,6,32,29,38,5,4,22,36,31,45,47,51,49,26,37,41,1,53,43,8,3,20,44,14,24,10,16,13,23,18,11,15,42,50,57,35,34,30,17,12,39,46,33,40,21,27
1668;50;23,2,6,32,29,38,5,4,22,36,9,14,24,19,41,1,53,43,8,3,20,44,28,7,13,12,18,16,15,42,49,26,45,47,51,48,57,35,11,17,34,30,10,27,39,46,33,40,21,31
1669;52;44,39,14,24,19,9,2,6,32,29,38,5,4,22,36,31,45,47,51,49,26,37,41,1,53,43,8,3,20,12,18,16,13,23,10,27,11,15,42,50,57,35,7,21,46,48,28,33,40,30,17,34
1670;49;29,17,3,20,44,28,7,19,9,2,6,32,47,51,49,26,45,23,18,16,13,38,5,4,22,36,31,42,50,14,24,48,57,35,11,8,41,1,53,43,34,15,10,27,39,46,33,12,30
1671;50;2,33,12,44,28,7,19,9,14,24,48,42,49,29,38,5,4,22,36,31,45,47,51,15,10,43,8,41,1,53,18,3,20,32,27,23,26,37,34,11,6,40,21,46,30,35,17,57,13,39
1672;49;36,12,44,28,7,19,9,2,6,32,29,38,5,4,22,17,3,20,43,8,41,1,53,42,49,26,45,47,51,15,10,16,13,23,18,11,46,48,57,35,24,31,27,34,30,14,37,21,39
1673;50;48,9,2,6,32,29,38,5,4,22,36,31,45,47,51,49,19,41,1,53,43,8,3,20,44,28,7,13,23,26,37,34,15,42,18,16,14,24,10,27,11,17,57,35,12,30,33,40,21,46
1674;52;4,51,49,29,38,5,43,8,41,1,53,42,3,20,44,28,7,19,9,2,6,32,47,17,48,23,26,45,14,24,10,16,13,12,18,11,15,40,21,46,33,39,37,34,30,35,22,36,31,27,50,57
1675;50;29,28,7,19,9,2,6,32,47,51,49,26,45,23,18,3,20,44,14,24,48,42,50,13,38,5,4,22,36,31,27,1,53,43,8,41,12,30,10,16,15,40,21,46,33,11,17,57,35,34
1676;51;47,28,7,19,9,2,6,32,29,38,5,4,22,36,31,45,23,26,37,41,1,53,43,8,3,20,44,14,24,48,42,49,21,51,15,10,16,13,12,18,11,17,57,35,34,30,33,40,46,27,39
1677;51;50,20,44,28,7,19,9,2,6,32,29,38,5,4,22,36,31,45,47,51,49,26,37,41,1,53,43,8,3,24,48,42,18,16,13,23,10,27,11,15,40,21,46,14,35,34,30,57,33,12,39
1678;49;22,46,48,44,28,7,19,9,2,6,32,29,38,5,4,33,12,18,3,20,36,31,45,47,51,49,26,37,41,1,53,43,8,34,15,42,50,14,24,10,16,13,23,30,11,17,57,35,39
1679;51;24,41,1,53,43,8,3,20,44,28,7,19,9,2,6,32,29,38,5,4,22,36,31,45,47,51,49,26,37,34,15,42,18,16,13,23,10,27,11,17,48,57,35,12,30,14,21,46,33,40,39
1680;49;51,16,13,32,2,6,31,45,47,17,3,20,44,28,7,19,9,14,24,48,42,49,29,38,5,4,22,36,23,26,37,41,1,53,43,8,34,15,10,27,18,11,46,33,12,30,35,39,57
1681;49;36,32,2,6,31,45,47,51,49,29,38,5,4,22,17,3,20,44,28,7,19,9,14,24,48,42,18,16,13,23,26,37,41,1,53,43,8,34,15,10,27,11,46,33,12,30,35,39,57
1682;52;22,20,44,28,7,19,9,2,6,32,29,38,5,4,33,12,18,3,24,48,42,49,26,45,47,51,15,10,43,8,41,1,53,36,31,27,23,50,14,37,34,11,17,57,35,16,13,40,21,46,30,39
1683;50;46,51,49,29,38,5,4,22,36,9,2,6,32,47,17,3,20,44,28,7,19,41,1,53,43,8,45,23,26,37,34,15,42,18,16,13,12,30,10,27,24,48,57,35,11,31,40,21,39,14
1684;51;21,1,53,43,8,41,4,22,36,9,2,6,32,29,38,5,49,19,35,23,26,45,47,51,15,42,3,20,44,28,7,13,12,18,16,14,24,48,57,34,11,17,10,27,39,46,33,40,30,50,31
1685;50;7,38,5,4,22,36,9,2,6,32,29,27,24,19,41,1,53,43,8,3,20,44,28,16,13,23,26,45,47,51,49,21,46,48,42,18,11,15,10,14,31,35,34,30,57,33,12,39,37,17
1686;50;9,15,42,49,29,38,5,4,22,36,31,45,47,51,24,19,6,32,2,40,21,46,48,44,28,7,13,23,26,37,41,1,53,43,8,3,20,12,18,16,14,35,11,17,57,34,30,10,27,39
1687;51;50,47,51,49,29,38,5,4,22,36,9,2,6,32,27,24,19,41,1,53,43,8,3,20,44,28,7,13,23,26,45,42,18,16,15,10,14,31,35,11,17,48,57,34,30,33,12,39,46,37,21
1688;49;41,5,4,22,36,9,2,6,32,29,38,57,35,23,26,45,47,51,49,19,27,24,48,44,28,7,13,12,18,3,20,43,8,34,15,42,50,14,31,10,16,46,53,21,1,40,30,11,17
1689;52;22,28,7,19,9,2,6,32,29,38,5,4,33,12,44,14,24,48,42,49,26,45,47,51,15,10,43,8,41,1,53,36,31,3,20,40,21,46,23,18,16,13,27,11,17,57,35,34,30,50,39,37
1690;52;39,51,49,29,38,5,4,22,36,9,2,6,32,47,17,3,20,44,28,7,19,41,1,53,43,8,45,23,26,37,34,15,42,18,16,13,12,30,10,27,24,48,57,35,11,46,14,31,40,21,50,33
1691;52;9,29,38,5,4,22,36,31,45,47,51,49,19,6,32,2,40,21,46,48,44,28,7,13,23,26,37,41,1,53,43,8,3,20,12,18,16,15,42,50,14,24,10,27,11,17,57,35,34,30,33,39
1692;52;32,14,24,19,9,2,6,31,45,47,51,49,29,38,5,4,22,36,23,26,37,41,1,53,43,8,3,20,44,28,7,13,12,18,16,15,42,50,57,35,11,17,48,34,30,10,27,39,46,33,40,21
1693;51;22,33,12,44,28,7,19,9,2,6,32,29,38,5,4,51,49,26,45,47,17,3,20,36,31,42,18,16,13,23,10,43,8,41,1,53,21,46,48,57,35,11,15,40,30,14,24,50,39,37,34
1694;51;30,18,2,6,32,29,38,5,4,22,36,9,14,24,19,41,1,53,43,8,3,20,44,28,7,13,23,26,45,47,51,49,21,46,48,42,50,57,35,11,15,10,16,27,17,34,12,39,37,31,40
1695;52;28,41,1,53,43,8,3,20,44,14,24,19,9,2,6,32,29,38,5,4,22,36,31,45,47,51,49,26,37,34,15,42,18,16,13,23,10,27,11,17,48,57,35,7,39,46,33,12,30,50,40,21
1696;47;48,8,41,1,53,43,35,38,5,4,22,36,9,2,6,32,29,27,24,19,3,20,44,28,7,13,23,26,45,47,51,49,21,46,14,31,42,18,16,15,10,12,30,11,17,57,34
1697;52;43,29,38,5,4,22,36,9,2,6,32,47,51,49,19,41,1,53,42,3,20,44,28,7,13,23,26,45,48,57,35,11,8,34,15,10,16,14,24,31,27,18,46,33,12,30,17,21,39,37,50,40
1698;52;30,26,45,47,51,49,29,38,5,4,22,36,9,2,6,32,27,24,19,41,1,53,43,8,3,20,44,28,7,13,23,18,16,15,42,50,14,31,35,11,17,48,57,34,21,46,33,12,39,37,10,40
1699;51;49,22,36,9,2,6,32,29,38,5,4,28,7,19,41,1,53,43,8,3,20,44,14,24,48,42,18,16,13,23,26,45,47,51,15,10,27,11,17,57,35,34,30,33,12,39,46,37,21,31,40
1700;47;9,26,45,47,51,49,29,38,5,4,22,36,31,3,20,44,28,7,19,6,32,2,40,21,46,48,42,18,16,13,23,10,43,8,41,1,53,24,50,14,37,34,15,17,57,35,11
1701;51;48,41,1,53,43,8,3,20,44,28,7,19,9,2,6,32,29,38,5,4,22,36,31,45,47,51,49,26,37,34,15,42,18,16,13,23,10,27,24,50,14,21,46,33,12,30,11,17,57,35,39
1702;52;50,18,2,6,32,29,38,5,4,22,36,9,14,24,19,41,1,53,43,8,3,20,44,28,7,13,23,26,45,47,51,49,21,46,48,42,11,15,10,16,27,17,57,35,34,30,33,12,39,37,31,40
1703;52;15,48,44,28,7,19,9,2,6,32,29,38,5,4,22,36,31,45,47,51,49,26,37,41,1,53,43,8,3,20,12,18,16,13,23,10,27,24,50,14,21,46,42,11,17,57,35,34,30,33,40,39
1704;45;44,53,43,8,41,1,9,2,6,32,29,38,5,4,22,36,31,45,47,51,49,19,35,23,26,37,34,15,42,3,20,12,18,16,13,40,21,46,48,57,24,10,27,11,17
1705;48;38,50,14,24,19,9,2,6,32,29,36,31,45,47,51,49,26,37,41,1,53,43,8,3,20,44,28,7,13,23,18,16,15,42,21,46,48,57,35,4,22,17,34,5,30,10,27,11
1706;49;51,23,26,45,47,17,3,20,44,28,7,19,9,2,6,32,29,38,5,4,22,36,31,42,49,21,46,48,57,35,11,8,41,1,53,43,34,15,10,16,13,12,18,24,50,14,37,27,39
1707;47;9,51,49,29,38,5,4,22,36,31,45,47,17,3,20,44,28,7,19,6,32,2,40,21,46,48,42,18,16,13,23,26,37,41,1,53,43,8,34,15,10,27,24,50,14,35,11
1708;51;32,7,19,9,2,6,31,45,47,51,49,29,38,5,4,22,36,23,26,37,41,1,53,43,8,3,20,44,28,16,13,12,18,11,15,42,50,14,24,48,57,35,10,27,17,34,30,33,40,21,46
1709;51;45,51,49,29,38,5,4,22,36,9,2,6,32,47,17,3,20,44,28,7,19,41,1,53,43,8,34,15,42,18,16,13,23,26,37,48,57,35,11,10,27,24,31,40,21,46,14,12,30,33,39
1710;51;12,27,24,19,9,2,6,32,29,38,5,4,22,36,31,45,47,51,49,26,37,41,1,53,43,8,3,20,44,28,7,13,23,18,16,15,42,50,14,21,46,48,57,35,11,17,34,30,10,40,39
1711;51;14,53,43,8,41,1,9,2,6,32,29,38,5,4,22,36,31,45,47,51,49,19,35,23,26,37,34,15,42,3,20,44,28,7,13,12,18,16,46,48,57,24,10,27,11,17,21,30,33,40,39
1712;47;23,20,44,28,7,19,9,2,6,32,29,38,5,4,22,36,31,45,47,51,49,26,37,41,1,53,43,8,3,24,48,42,18,16,13,12,30,10,27,11,15,40,21,46,14,35,34
1713;49;3,33,12,44,28,7,19,9,2,6,32,29,38,5,4,22,36,31,45,47,51,49,26,37,41,1,53,43,8,34,15,42,18,16,13,23,10,27,24,48,57,35,11,17,20,40,21,46,14
1714;51;16,48,44,28,7,19,9,2,6,32,29,38,5,4,22,36,31,45,47,51,49,26,37,41,1,53,43,8,3,20,12,18,11,15,42,50,14,24,10,27,23,30,35,34,13,40,21,46,33,39,57
1715;52;38,18,2,6,32,29,36,9,14,24,19,41,1,53,43,8,3,20,44,28,7,13,23,26,45,47,51,49,21,46,48,42,50,57,35,4,22,17,34,15,10,16,27,11,37,30,33,12,39,31,40,5
1716;49;2,50,14,24,19,9,5,4,22,36,31,45,47,51,49,29,38,57,35,23,26,37,41,1,53,43,8,3,20,44,28,7,13,32,27,18,16,15,42,21,46,48,34,11,6,10,12,30,17
1717;52;6,22,36,9,2,19,41,1,53,43,8,3,20,44,28,7,13,32,29,38,5,4,33,12,18,16,15,42,49,26,45,47,51,24,48,23,10,27,11,17,57,35,34,30,14,31,40,21,46,37,50,39
1718;49;50,48,44,28,7,19,9,2,6,32,29,38,5,4,22,36,31,45,47,51,49,26,37,41,1,53,43,8,3,20,12,18,16,13,23,10,27,24,42,21,46,14,35,11,15,40,30,57,34
1719;50;11,38,5,4,22,36,9,2,6,32,29,27,24,19,41,1,53,43,8,3,20,44,28,7,13,23,26,45,47,51,49,21,46,48,42,18,16,15,10,14,31,35,34,30,57,33,12,39,37,17
1720;48;43,44,28,7,19,9,2,6,32,29,38,5,4,22,36,31,45,47,51,49,26,37,41,1,53,42,3,20,12,18,16,13,23,10,27,24,48,57,35,11,8,34,15,40,21,46,14,17
1721;52;40,34,9,2,6,32,29,38,5,4,22,36,31,45,47,51,49,19,41,1,53,43,8,3,20,44,28,7,13,23,26,37,48,42,18,16,15,10,27,24,50,14,21,46,33,12,30,11,17,57,35,39
1722;52;6,3,20,44,28,7,19,9,2,40,21,51,49,29,38,5,4,22,36,31,45,47,17,48,42,18,16,13,32,27,24,1,53,43,8,41,50,14,37,34,15,10,12,30,11,23,26,46,33,39,57,35
1723;48;8,35,38,5,4,22,36,9,2,6,32,29,27,24,19,41,1,53,43,44,28,7,13,23,26,45,47,51,49,21,46,48,42,3,20,12,18,16,15,10,14,31,40,30,11,17,57,34
1724;46;47,20,44,28,7,19,9,2,6,32,29,38,5,4,22,36,31,45,23,26,37,41,1,53,43,8,3,24,48,42,49,21,51,15,10,16,13,12,18,11,17,57,35,34,30,14
1725;49;8,44,28,7,19,9,2,6,32,29,38,5,4,22,36,31,45,47,51,49,26,37,41,1,53,43,35,23,18,3,20,12,30,10,16,13,40,21,46,48,42,50,14,24,15,17,57,34,11
1726;50;47,15,42,49,29,38,5,4,22,36,9,2,6,32,27,24,19,41,1,53,43,8,3,20,44,28,7,13,23,26,45,48,57,35,11,17,34,30,10,16,14,31,40,21,51,37,33,12,18,46
1727;51;1,57,35,38,5,4,22,36,9,2,6,32,29,27,24,19,41,50,14,31,45,47,51,49,26,37,34,15,42,3,20,44,28,7,13,23,18,16,46,48,8,40,21,30,53,43,11,17,12,39,10
1728;50;20,19,9,2,6,32,29,38,5,4,22,36,31,45,47,51,49,26,37,41,1,53,43,8,3,24,48,44,28,7,13,23,18,16,15,42,50,14,21,46,33,12,30,10,27,11,17,57,35,34
1729;51;36,49,29,38,5,4,22,17,3,20,44,28,7,19,9,2,6,32,47,51,15,42,18,16,13,23,26,45,48,57,35,11,8,41,1,53,43,34,30,10,27,24,31,40,21,46,14,37,33,12,39
1730;51;14,6,32,2,19,9,5,4,22,36,31,45,47,51,49,29,38,57,35,23,26,37,41,1,53,43,8,3,20,44,28,7,13,12,18,16,15,42,50,48,34,11,17,10,27,24,30,33,40,21,46
1731;49;38,17,3,20,44,28,7,19,9,2,6,32,29,36,31,45,47,51,49,26,37,41,1,53,43,8,34,15,42,18,16,13,23,10,27,24,48,57,35,4,22,50,14,21,46,33,12,30,11
1732;50;46,24,19,9,2,6,32,29,38,5,4,22,36,31,45,47,51,49,26,37,41,1,53,43,8,3,20,44,28,7,13,23,18,16,15,42,50,14,21,30,10,27,11,17,48,57,35,34,12,39
1733;52;50,8,41,1,53,43,35,38,5,4,22,36,9,2,6,32,29,27,24,19,3,20,44,28,7,13,23,26,45,47,51,49,21,46,48,42,18,16,15,10,14,31,40,30,11,17,57,34,12,39,37,33
1734;52;6,20,44,28,7,19,9,2,40,21,51,49,29,38,5,4,22,36,31,45,47,17,3,24,48,42,18,16,13,32,27,1,53,43,8,41,50,14,37,34,15,10,12,30,11,23,26,46,33,39,57,35
1735;49;39,48,44,28,7,19,9,2,6,32,29,38,5,4,22,36,31,45,47,51,49,26,37,41,1,53,43,8,3,20,12,18,16,13,23,10,27,24,50,14,21,46,42,11,15,40,30,35,34
1736;47;36,10,43,8,41,1,53,42,49,29,38,5,4,22,17,3,20,44,28,7,19,9,2,6,32,47,51,15,40,21,46,48,23,26,45,14,24,31,27,18,16,13,12,30,11,37,34
1737;46;17,32,2,6,31,45,47,51,49,29,38,5,4,22,36,9,14,24,19,41,1,53,43,8,3,20,44,28,7,13,23,26,37,34,15,42,18,16,46,48,57,35,11,10,27,39
1738;51;49,17,3,20,44,28,7,19,9,2,6,32,29,38,5,4,22,36,31,45,47,51,15,42,18,16,13,23,26,37,41,1,53,43,8,34,11,10,27,24,48,57,35,12,30,14,21,46,33,40,39
1739;51;29,4,22,36,9,2,6,32,47,51,49,19,41,1,53,43,8,3,20,44,28,7,13,38,5,48,42,18,16,15,10,27,24,31,45,23,26,37,34,11,17,57,35,12,30,14,21,46,33,40,39
1740;51;13,19,9,2,6,32,29,38,5,4,22,36,31,45,47,51,49,26,37,41,1,53,43,8,3,20,44,28,7,39,14,24,48,42,18,16,15,10,27,23,50,57,35,11,17,34,30,33,12,21,46
1741;50;48,27,24,19,9,2,6,32,29,38,5,4,22,36,31,45,47,51,49,26,37,41,1,53,43,8,3,20,44,28,7,13,23,18,16,15,42,50,14,21,46,33,12,30,10,57,35,11,17,34
1742;50;15,1,53,43,8,41,4,22,36,9,2,6,32,29,38,5,49,19,35,23,26,45,47,51,24,48,44,28,7,13,12,18,3,20,40,21,46,14,31,42,50,57,34,11,17,16,27,39,37,10
1743;50;13,28,7,19,9,2,6,32,29,38,5,4,22,36,31,45,47,51,49,26,37,41,1,53,43,8,3,20,44,14,24,48,42,18,16,15,10,27,23,50,57,35,11,17,34,30,33,12,39,46
1744;48;32,1,53,43,8,41,4,22,36,9,2,6,31,45,47,51,49,29,38,5,3,20,44,28,7,19,35,23,26,37,34,15,42,18,16,13,12,30,10,27,24,48,57,11,17,21,46,14
1745;52;29,50,14,24,19,9,2,6,32,47,51,49,26,45,23,18,3,20,44,28,7,13,38,5,4,22,36,31,42,21,46,48,57,35,11,8,41,1,53,43,34,15,10,16,27,17,12,30,33,40,39,37
1746;51;30,19,9,2,6,32,29,38,5,4,22,36,31,45,47,51,49,26,37,41,1,53,43,8,3,20,44,28,7,13,23,18,16,15,42,50,14,24,48,57,35,11,17,34,21,46,33,12,39,10,27
1747;49;29,48,44,28,7,19,9,2,6,32,47,51,49,26,45,23,18,3,20,12,30,53,43,8,41,1,16,13,38,5,4,22,36,31,42,50,14,24,10,27,11,15,40,21,46,33,39,37,34
1748;52;36,34,9,2,6,32,29,38,5,4,22,17,3,20,44,28,7,19,41,1,53,43,8,45,47,51,49,26,37,48,42,18,16,13,23,10,27,24,31,35,11,15,40,21,46,14,57,33,12,30,50,39
1749;52;2,31,45,47,51,49,29,38,5,4,22,36,9,14,24,19,6,32,27,1,53,43,8,41,50,13,23,26,37,34,15,42,3,20,44,28,7,39,48,57,35,11,17,18,16,46,33,12,30,10,40,21
1750;51;44,35,38,5,4,22,36,9,2,6,32,29,27,24,19,41,1,53,43,8,3,20,12,18,16,13,23,26,45,47,51,49,21,46,48,42,50,14,31,10,57,34,15,7,39,28,33,40,30,11,17
1751;50;18,47,51,49,29,38,5,4,22,36,9,2,6,32,27,24,19,41,1,53,43,8,3,20,44,28,7,13,23,26,45,42,50,14,31,35,11,15,10,16,46,48,57,34,30,17,12,39,37,21
1752;52;18,15,42,49,29,38,5,4,22,36,9,2,6,32,47,51,24,19,41,1,53,43,8,3,20,44,28,7,13,23,26,45,48,57,35,11,17,34,30,10,16,14,31,27,39,46,33,12,21,50,40,37
1753;50;18,44,28,7,19,9,2,6,32,29,38,5,4,22,36,31,45,47,51,49,26,37,41,1,53,43,8,3,20,12,30,10,16,13,23,50,14,24,48,42,21,46,33,40,34,15,17,57,35,11
1754;50;39,1,53,43,8,41,4,22,36,9,2,6,32,29,38,5,49,19,35,23,26,45,47,51,15,42,3,20,44,28,7,13,12,18,16,14,24,48,57,34,11,17,10,27,50,31,40,21,46,33
1755;50;47,42,49,29,38,5,4,22,36,9,2,6,32,27,24,19,41,1,53,43,8,3,20,44,28,7,13,23,26,45,48,57,35,11,15,10,16,14,31,40,21,51,37,34,30,18,46,33,12,39
1756;51;51,42,49,29,38,5,4,22,36,9,2,6,32,47,17,3,20,44,28,7,19,41,1,53,43,8,45,23,26,37,34,15,10,16,13,12,18,11,46,48,57,35,24,31,27,14,21,30,33,40,39
1757;52;28,10,43,8,41,1,53,42,49,29,38,5,4,22,36,9,2,6,32,47,51,15,7,19,35,23,26,45,3,20,44,14,24,48,57,18,16,13,12,30,11,17,34,21,46,33,40,39,37,27,50,31
1758;51;3,53,43,8,41,1,9,2,6,32,29,38,5,4,22,36,31,45,47,51,49,19,35,23,26,37,34,15,42,18,16,13,12,44,28,7,39,14,24,48,57,11,17,20,40,21,46,33,10,27,50
1759;50;5,24,19,9,2,6,32,29,38,57,35,4,22,36,31,45,47,51,49,26,37,41,1,53,43,8,3,20,44,28,7,13,23,18,16,15,42,50,14,21,46,48,34,11,17,12,30,10,27,39
1760;52;4,7,19,9,2,6,32,29,38,5,43,8,41,1,53,42,49,26,45,47,51,15,10,16,13,23,18,3,20,44,28,21,46,48,57,35,11,17,34,30,14,24,31,27,39,37,33,12,22,36,50,40
1761;49;22,47,51,49,29,38,5,4,28,7,19,9,2,6,32,27,24,48,44,14,31,45,23,26,37,41,1,53,43,8,3,20,12,18,16,13,40,21,46,42,50,57,35,11,15,10,34,30,17
1762;50;16,44,28,7,19,9,2,6,32,29,38,5,4,22,36,31,45,47,51,49,26,37,41,1,53,43,8,3,20,12,18,11,15,42,50,14,24,48,23,10,27,17,57,35,34,30,33,40,21,46
1763;48;36,13,32,2,6,31,45,47,51,49,29,38,5,4,22,17,3,20,44,28,7,19,9,14,24,48,42,18,16,15,10,43,8,41,1,53,23,26,37,34,11,46,33,12,30,35,39,57
1764;50;13,42,49,29,38,5,4,22,36,9,2,6,32,47,51,15,10,43,8,41,1,53,18,3,20,44,28,7,19,35,23,26,45,48,57,34,11,17,12,30,14,24,31,27,39,46,33,40,21,50
1765;51;48,13,32,2,6,31,45,47,51,49,29,38,5,4,22,36,9,14,24,19,41,1,53,43,8,3,20,44,28,7,26,37,34,15,42,18,16,46,23,10,27,11,17,57,35,12,30,33,40,21,39
1766;51;11,32,2,6,31,45,47,51,49,29,38,5,4,22,36,9,14,24,19,41,1,53,43,8,3,20,44,28,7,13,23,26,37,34,15,42,18,16,46,48,57,35,10,27,17,12,30,33,40,21,39
1767;48;40,51,49,29,38,5,4,22,36,9,2,6,32,47,17,3,20,44,28,7,19,41,1,53,43,8,45,23,26,37,34,15,42,18,16,13,12,30,10,27,24,48,57,35,11,46,14,31
1768;50;22,8,41,1,53,43,35,38,5,4,28,7,19,9,2,6,32,29,36,31,45,47,51,49,26,37,34,15,42,3,20,44,14,24,48,23,18,16,13,12,30,10,27,11,17,57,33,40,21,46
1769;52;44,27,24,19,9,2,6,32,29,38,5,4,22,36,31,45,47,51,49,26,37,41,1,53,43,8,3,20,12,18,16,13,23,10,14,21,46,48,42,50,57,35,11,15,7,39,28,33,40,30,17,34
1770;51;33,43,8,41,1,53,42,49,29,38,5,4,22,36,9,2,6,32,47,51,15,10,16,13,23,26,45,3,20,44,28,7,19,35,11,17,48,57,18,46,14,24,31,27,34,30,50,40,21,39,37
1771;51;21,13,32,2,6,31,45,47,51,49,29,38,5,4,22,36,9,14,24,19,41,1,53,43,8,3,20,44,28,7,26,37,34,15,42,18,16,46,48,23,10,27,11,17,57,35,12,30,33,40,39
1772;49;7,41,1,53,43,8,3,20,44,28,16,13,32,2,6,31,45,47,51,49,29,38,5,4,22,36,9,14,24,19,35,23,26,37,34,15,42,18,11,17,48,57,33,12,30,10,27,39,46
1773;52;47,30,53,43,8,41,1,9,2,6,32,29,38,5,4,22,36,31,45,23,26,37,34,15,42,49,19,35,11,17,3,20,44,28,7,13,12,18,16,14,24,48,57,33,40,21,51,27,39,46,10,50
1774;51;30,41,1,53,43,8,3,20,44,28,7,19,9,2,6,32,29,38,5,4,22,36,31,45,47,51,49,26,37,34,15,42,18,16,13,23,10,27,24,48,57,35,11,17,12,39,14,21,46,33,40
1775;51;37,29,38,5,4,22,36,9,2,6,32,47,51,49,19,41,1,53,43,8,3,20,44,28,7,13,23,26,45,42,18,16,15,10,27,24,48,57,35,11,17,34,30,14,31,40,21,46,33,12,39
1776;52;2,5,4,22,36,9,14,24,19,6,32,29,38,57,35,23,26,45,47,51,49,21,46,48,44,28,7,13,12,18,3,20,43,8,41,1,53,42,50,15,10,16,27,11,17,34,30,33,40,39,37,31
1777;51;3,4,22,36,9,2,6,32,29,38,5,43,8,41,1,53,42,49,19,35,23,26,45,47,51,15,10,16,13,12,44,28,7,39,14,24,48,57,18,11,17,34,20,40,21,46,33,27,50,31,30
1778;49;51,53,43,8,41,1,9,2,6,32,29,38,5,4,22,36,31,45,47,17,3,20,44,28,7,19,35,23,26,37,34,15,42,49,21,46,48,57,18,16,13,12,30,10,27,24,50,14,11
1779;51;51,3,20,44,28,7,19,9,2,6,32,29,38,5,4,22,36,31,45,47,17,48,42,49,26,37,41,1,53,43,8,34,15,10,16,13,23,18,11,46,14,24,50,57,35,12,30,33,40,21,39
1780;51;36,51,49,29,38,5,4,22,17,3,20,44,28,7,19,9,2,6,32,47,34,15,42,18,16,13,23,26,45,48,57,35,11,8,41,1,53,43,46,14,24,10,27,39,37,21,30,33,12,31,40
1781;51;15,41,1,53,43,8,3,20,44,28,7,19,9,2,6,32,29,38,5,4,22,36,31,45,47,51,49,26,37,34,11,17,48,42,18,16,13,23,10,27,24,50,14,21,46,33,12,30,35,39,57
1782;45;47,12,44,28,7,19,9,2,6,32,29,38,5,4,22,36,31,45,23,26,37,41,1,53,43,8,3,20,40,21,51,49,17,48,42,18,16,13,27,24,10,14,35,11,15
1783;50;45,17,3,20,44,28,7,19,9,2,6,32,29,38,5,4,22,36,31,42,49,26,37,41,1,53,43,8,47,51,15,10,16,13,23,18,11,46,48,57,35,24,50,14,21,30,33,12,39,34
1784;49;12,6,32,2,19,9,14,24,48,44,28,7,13,38,5,4,22,36,31,45,47,51,49,29,27,1,53,43,8,41,50,57,35,23,26,37,34,15,42,3,20,40,21,46,33,18,16,30,10
1785;50;30,2,6,32,29,38,5,4,22,36,9,14,24,19,41,1,53,43,8,3,20,44,28,7,13,23,26,45,47,51,49,21,46,48,42,18,16,15,10,27,11,17,57,35,34,12,39,37,31,40
1786;51;30,32,2,6,31,45,47,51,49,29,38,5,4,22,36,9,14,24,19,41,1,53,43,8,3,20,44,28,7,13,23,26,37,34,15,42,18,16,46,48,57,35,11,17,12,39,10,27,50,40,21
1787;50;29,15,42,49,19,9,2,6,32,47,51,24,48,44,28,7,13,38,5,4,22,36,31,45,23,26,37,41,1,53,43,8,3,20,12,18,16,14,21,46,33,40,30,10,27,11,17,57,35,34
1788;51;1,21,51,49,29,38,5,4,22,36,9,2,6,32,47,17,3,20,44,28,7,19,41,50,14,24,48,42,18,16,13,23,26,45,12,30,53,43,8,34,15,10,27,11,46,33,40,57,35,37,31
1789;51;34,7,19,9,2,6,32,29,38,5,4,22,36,31,45,47,51,49,26,37,41,1,53,43,8,3,20,44,28,16,13,23,18,11,15,42,50,14,24,48,57,35,10,27,17,12,30,33,40,21,46
1790;52;23,5,4,22,36,9,2,6,32,29,38,57,35,11,8,41,1,53,43,44,28,7,19,27,24,48,42,49,26,45,47,51,15,10,16,13,12,18,3,20,40,21,46,14,31,17,34,30,33,39,37,50
1791;51;42,44,28,7,19,9,2,6,32,29,38,5,4,22,36,31,45,47,51,49,26,37,41,1,53,43,8,3,20,12,18,16,13,23,10,27,24,48,57,35,11,15,40,21,46,14,17,34,30,33,39
1792;51;40,35,38,5,4,22,36,9,2,6,32,29,27,24,19,41,1,53,43,8,3,20,44,28,7,13,23,26,45,47,51,49,21,46,48,42,18,16,15,10,14,31,17,57,34,11,37,30,33,12,39
1793;46;4,23,26,45,47,51,49,29,38,5,43,8,41,1,53,42,3,20,44,28,7,19,9,2,6,32,27,24,48,57,35,11,15,10,16,13,12,18,46,14,31,40,21,30,17,34
1794;49;40,32,2,6,31,45,47,51,49,29,38,5,4,22,36,9,14,24,19,41,1,53,43,8,3,20,44,28,7,13,23,26,37,34,15,42,18,16,46,48,57,35,11,17,12,30,10,27,39
1795;52;41,35,38,5,4,22,36,9,2,6,32,29,27,24,19,3,20,44,28,7,13,23,26,45,47,51,49,21,46,48,42,18,16,15,10,43,8,34,1,53,31,40,30,11,17,57,33,12,39,14,37,50
1796;49;9,22,36,31,45,47,51,49,29,38,5,4,28,7,19,6,32,2,40,21,46,48,44,14,24,1,53,43,8,41,50,13,23,26,37,34,15,42,3,20,12,18,16,27,11,17,57,35,10
1797;51;17,8,41,1,53,43,35,38,5,4,22,36,9,2,6,32,29,27,24,19,3,20,44,28,7,13,23,26,45,47,51,49,21,46,48,42,18,16,15,10,14,31,40,30,11,37,34,12,39,57,33
1798;52;35,5,4,22,36,9,2,6,32,29,38,57,18,3,20,44,28,7,19,41,1,53,43,8,45,47,51,49,26,37,34,15,42,50,14,24,48,23,10,16,13,12,30,11,17,21,46,33,40,39,31,27
1799;52;1,19,9,2,6,32,29,38,5,4,22,36,31,45,47,51,49,26,37,41,50,14,24,48,44,28,7,13,23,18,3,20,12,30,53,43,8,34,15,42,21,46,33,40,57,35,11,17,16,27,39,10
1800;52;5,42,49,29,38,57,35,4,22,36,9,2,6,32,47,51,15,10,43,8,41,1,53,18,3,20,44,28,7,19,27,24,48,23,26,45,14,31,40,21,46,33,12,30,11,17,34,13,37,16,50,39
1801;50;53,13,32,2,6,31,45,47,51,49,29,38,5,4,22,36,9,14,24,19,41,1,7,44,28,16,15,42,3,20,12,18,11,8,34,30,10,43,35,23,26,37,48,57,33,40,21,46,27,17
1802;49;11,49,29,38,5,4,22,36,9,2,6,32,47,51,15,42,3,20,44,28,7,19,41,1,53,43,8,45,23,26,37,34,30,10,16,13,12,18,46,48,57,35,24,31,27,17,21,39,14
1803;51;33,51,49,29,38,5,4,22,36,9,2,6,32,47,17,3,20,44,28,7,19,41,1,53,43,8,45,23,26,37,34,15,42,18,16,13,12,30,10,27,24,48,57,35,11,46,14,31,40,21,39
1804;51;24,13,32,2,6,31,45,47,51,49,29,38,5,4,22,36,9,14,37,41,1,53,43,8,3,20,44,28,7,19,35,23,26,27,18,16,15,42,50,57,34,11,17,48,10,12,30,33,40,21,46
1805;52;39,9,2,6,32,29,38,5,4,22,36,31,45,47,51,49,19,41,1,53,43,8,3,20,44,28,7,13,23,26,37,34,15,42,18,16,14,24,48,57,35,11,17,12,30,10,27,50,40,21,46,33
1806;51;19,36,9,2,6,32,29,38,5,4,22,17,3,20,44,28,7,13,23,26,45,47,51,49,21,46,48,42,18,16,15,10,43,8,41,1,53,24,31,27,11,37,34,30,35,12,39,14,57,33,40
1807;51;38,33,12,44,28,7,19,9,2,6,32,29,36,31,45,47,51,49,26,37,41,1,53,43,8,3,20,40,21,46,48,42,18,16,13,23,10,27,24,50,14,22,17,57,35,4,39,15,5,30,11
1808;50;34,23,26,45,47,51,49,29,38,5,4,22,36,9,2,6,32,27,24,19,41,1,53,43,8,3,20,44,28,7,13,12,18,16,15,42,50,14,31,35,11,17,48,57,33,40,21,46,37,10
1809;52;39,2,6,32,29,38,5,4,22,36,9,14,24,19,41,1,53,43,8,3,20,44,28,7,13,23,26,45,47,51,49,21,46,48,42,18,16,15,10,27,11,17,57,35,34,30,33,12,31,40,37,50
1810;51;3,1,53,43,8,41,4,22,36,9,2,6,32,29,38,5,49,19,35,23,26,45,47,51,15,42,18,16,13,12,44,28,7,39,14,24,48,57,34,11,17,20,40,21,46,33,10,27,50,31,30
1811;50;48,36,9,2,6,32,29,38,5,4,22,17,3,20,44,28,7,19,41,1,53,43,8,45,47,51,49,26,37,34,15,42,18,16,13,23,10,27,24,31,35,11,46,14,21,30,57,33,12,39
1812;50;22,57,35,38,5,4,28,7,19,9,2,6,32,29,36,31,45,47,51,49,26,37,41,1,53,43,8,3,20,44,14,24,48,42,18,16,13,23,10,27,11,15,40,21,46,33,12,30,17,34
1813;45;43,45,47,51,49,29,38,5,4,22,36,9,2,6,32,27,24,19,41,1,53,42,3,20,44,28,7,13,23,26,37,34,15,10,16,14,31,35,11,8,46,48,57,18,39
1814;50;8,28,7,19,9,2,6,32,29,38,5,4,22,36,31,45,47,51,49,26,37,41,1,53,43,35,23,18,3,20,44,14,24,48,42,50,13,12,30,10,16,15,40,21,46,33,11,17,57,34
1815;50;47,49,29,38,5,4,22,36,9,2,6,32,27,24,19,41,1,53,43,8,3,20,44,28,7,13,23,26,45,42,18,16,15,10,14,31,35,11,17,48,57,34,30,51,37,21,46,33,12,39
1816;47;49,39,14,24,19,9,2,6,32,29,38,5,4,22,36,31,45,47,51,15,42,3,20,44,28,7,13,23,26,37,41,1,53,43,8,34,11,17,48,57,35,10,16,46,33,12,18
1817;51;24,7,19,9,2,6,32,29,38,5,4,22,36,31,45,47,51,49,26,37,41,1,53,43,8,3,20,44,28,16,13,23,18,11,15,42,50,14,21,46,48,57,35,10,27,17,34,30,33,12,39
1818;51;47,57,35,38,5,4,22,36,9,2,6,32,29,27,24,19,41,1,53,43,8,3,20,44,28,7,13,23,26,45,42,49,21,51,15,10,16,14,31,40,46,48,34,11,17,18,37,30,33,12,39
1819;50;49,20,44,28,7,19,9,2,6,32,29,38,5,4,22,36,31,45,47,51,15,42,3,24,48,23,26,37,41,1,53,43,8,34,11,17,57,35,10,16,13,12,18,46,14,21,30,33,40,39
1820;51;39,53,43,8,41,1,9,2,6,32,29,38,5,4,22,36,31,45,47,51,49,19,35,23,26,37,34,15,42,3,20,44,28,7,13,12,18,16,14,24,48,57,11,17,10,27,50,40,21,46,33
1821;49;41,46,48,44,28,7,19,9,2,6,32,29,38,5,4,22,36,31,45,47,51,49,26,37,34,15,42,3,20,12,18,16,13,23,10,43,8,35,11,17,53,21,1,40,30,57,24,50,14
1822;51;37,19,9,2,6,32,29,38,5,4,22,36,31,45,47,51,49,26,8,41,1,53,43,35,23,18,3,20,44,28,7,13,12,30,10,16,15,42,50,14,24,48,57,34,11,17,21,46,33,40,39
1823;52;18,8,41,1,53,43,35,38,5,4,22,36,9,2,6,32,29,27,24,19,3,20,44,28,7,13,23,26,45,47,51,49,21,46,48,42,50,14,31,10,16,15,40,30,11,17,57,34,12,39,37,33
1824;47;22,13,32,2,6,31,45,47,51,49,29,38,5,4,28,7,19,9,14,24,48,44,10,43,8,41,1,53,42,3,20,12,18,16,15,40,21,46,23,26,37,34,11,17,57,35,39
1825;50;57,4,22,36,9,2,6,32,29,38,5,43,8,41,1,53,42,49,19,35,23,26,45,47,51,15,10,16,13,12,44,28,7,39,14,24,48,31,3,20,40,21,46,33,18,11,17,34,30,50
1826;50;45,5,4,22,36,9,2,6,32,29,38,57,35,23,26,37,41,1,53,43,8,3,20,44,28,7,19,27,24,48,42,49,21,51,15,10,47,17,34,11,46,14,31,40,30,18,16,13,12,39
1827;50;13,20,44,28,7,19,9,2,6,32,29,38,5,4,22,36,31,45,47,51,49,26,37,41,1,53,43,8,3,24,48,42,18,16,15,10,27,23,50,14,21,46,33,12,30,11,17,57,35,34
1828;51;3,44,28,7,19,9,2,6,32,29,38,5,4,22,36,31,45,47,51,49,26,37,41,1,53,43,8,34,15,42,18,16,13,23,10,27,24,48,57,35,11,17,20,12,30,14,21,46,33,40,39
1829;51;3,57,35,38,5,4,22,36,9,2,6,32,29,27,24,19,41,1,53,43,8,45,47,51,49,26,37,34,15,42,18,16,13,23,10,14,31,20,44,28,7,39,48,11,17,12,30,33,40,21,46
1830;48;4,45,47,51,49,29,38,5,43,8,41,1,53,42,3,20,44,28,7,19,9,2,6,32,27,24,48,23,26,37,34,15,10,16,13,12,18,11,17,57,35,22,36,31,40,21,46,14
1831;51;9,11,8,41,1,53,43,35,38,5,4,22,36,31,45,47,51,49,29,27,24,19,6,32,2,40,21,46,48,44,28,7,13,23,26,37,34,15,42,3,20,12,18,16,14,57,33,39,10,50,17
1832;50;40,24,19,9,2,6,32,29,38,5,4,22,36,31,45,47,51,49,26,37,41,1,53,43,8,3,20,44,28,7,13,23,18,16,15,42,50,14,21,46,48,57,35,11,17,34,30,10,27,39
1833;50;7,11,8,41,1,53,43,35,38,5,4,22,36,9,2,6,32,29,27,24,19,3,20,44,28,16,13,23,26,45,47,51,49,21,46,48,42,18,15,10,14,31,40,30,57,34,12,39,37,17
1834;52;1,2,6,32,29,38,5,4,22,36,9,14,24,19,41,50,13,23,26,45,47,51,49,21,46,48,44,28,7,43,8,3,20,12,18,16,15,42,11,17,53,31,27,34,30,10,57,35,37,33,40,39
1835;48;22,23,26,45,47,51,49,29,38,5,4,28,7,19,9,2,6,32,27,24,48,44,14,31,3,20,12,18,16,13,40,21,46,53,43,8,41,1,15,42,50,57,35,11,17,34,30,10
1836;52;6,15,42,49,29,38,5,4,22,36,9,2,19,41,1,53,43,8,3,20,44,28,7,13,32,47,51,24,48,23,26,45,14,31,27,18,16,46,33,12,30,10,57,35,11,17,34,21,39,37,50,40
1837;50;48,7,19,9,2,6,32,29,38,5,4,22,36,31,45,47,51,49,26,37,41,1,53,43,8,3,20,44,28,16,13,23,18,11,15,42,50,14,24,10,27,17,57,35,34,30,33,12,39,46
1838;52;18,49,29,38,5,4,22,36,9,2,6,32,47,51,15,42,3,20,44,28,7,19,41,1,53,43,8,45,23,26,37,34,11,17,48,57,35,10,16,13,12,30,14,24,31,27,39,46,33,40,21,50
1839;51;32,51,49,29,38,5,4,22,36,9,2,6,31,45,47,17,3,20,44,28,7,19,41,1,53,43,8,34,15,42,18,16,13,23,26,37,48,57,35,11,10,27,24,50,14,21,46,33,12,30,39
1840;51;9,43,8,41,1,53,42,49,29,38,5,4,22,36,31,45,47,51,15,10,16,13,32,2,6,48,44,28,7,19,35,23,26,37,34,11,17,3,20,12,18,46,14,24,50,57,33,40,21,30,39
1841;48;46,12,44,28,7,19,9,2,6,32,29,38,5,4,22,36,31,45,47,51,49,26,37,41,1,53,43,8,3,20,40,21,30,10,16,13,23,18,11,15,42,50,14,24,48,57,35,34
1842;51;24,37,41,1,53,43,8,3,20,44,28,7,19,9,2,6,32,29,38,5,4,22,36,31,45,47,51,49,26,27,18,16,13,23,10,14,21,46,48,42,50,57,35,11,15,40,30,17,34,12,39
1843;52;53,12,44,28,7,19,9,2,6,32,29,38,5,4,22,36,31,45,47,51,49,26,37,41,1,16,13,23,18,3,20,43,8,34,15,42,50,14,24,48,57,35,11,17,10,27,39,46,33,40,21,30
1844;47;47,41,1,53,43,8,3,20,44,28,7,19,9,2,6,32,29,38,5,4,22,36,31,45,23,26,37,34,15,42,49,21,51,24,48,57,35,11,17,18,16,13,12,30,10,27,14
1845;52;19,10,43,8,41,1,53,42,49,29,38,5,4,22,36,9,2,6,32,47,51,15,7,13,23,26,45,3,20,44,28,16,14,24,48,57,35,11,17,34,30,18,46,33,12,39,37,21,31,27,50,40
1846;52;40,42,49,29,38,5,4,22,36,9,2,6,32,47,51,15,10,43,8,41,1,53,18,3,20,44,28,7,19,35,23,26,45,48,57,13,12,30,11,17,34,21,46,14,24,31,27,39,37,16,50,33
1847;50;28,46,48,44,14,24,19,9,2,6,32,29,38,5,4,22,36,31,45,47,51,49,26,37,41,1,53,43,8,3,20,12,18,16,13,23,10,27,11,15,42,50,57,35,7,39,34,30,17,21
1848;51;39,41,1,53,43,8,3,20,44,28,7,19,9,2,6,32,29,38,5,4,22,36,31,45,47,51,49,26,37,34,15,42,18,16,13,23,10,27,24,48,57,35,11,17,12,30,14,21,46,33,40
1849;47;39,19,9,2,6,32,29,38,5,4,22,36,31,45,47,51,49,26,37,41,1,53,43,8,3,20,44,28,7,13,23,18,16,15,42,50,14,24,48,57,35,11,17,34,30,10,27
1850;51;3,2,6,32,29,38,5,4,22,36,9,14,24,19,41,1,53,43,8,45,47,51,49,26,37,34,15,42,18,16,13,23,10,27,11,17,48,44,28,7,39,46,33,12,30,35,20,40,21,31,57
1851;51;29,39,14,24,19,9,2,6,32,47,51,49,26,45,23,18,3,20,44,28,7,13,38,5,4,22,36,31,42,50,57,35,11,8,41,1,53,43,34,15,10,16,46,48,27,17,12,30,33,40,21
1852;50;49,13,32,2,6,31,45,47,51,15,42,3,20,44,28,7,19,9,14,24,48,38,5,4,22,36,23,26,37,41,1,53,43,8,34,29,27,18,16,46,33,12,30,10,57,35,11,17,21,39
1853;51;34,42,49,29,38,5,4,22,36,9,2,6,32,47,51,15,10,43,8,41,1,53,18,3,20,44,28,7,19,35,23,26,45,48,57,13,12,30,11,17,16,14,24,31,27,39,46,33,40,21,50
1854;50;33,24,19,9,2,6,32,29,38,5,4,22,36,31,45,47,51,49,26,37,41,1,53,43,8,3,20,44,28,7,13,23,18,16,15,42,50,14,21,46,48,57,35,11,17,34,30,10,27,39
1855;50;41,23,26,45,47,51,49,29,38,5,4,22,36,9,2,6,32,27,24,19,35,11,8,3,20,44,28,7,13,12,18,16,15,42,50,14,31,10,43,34,1,53,21,46,48,57,33,40,30,17
1856;51;36,26,45,47,51,49,29,38,5,4,22,17,3,20,44,28,7,19,9,2,6,32,27,24,48,42,18,16,13,23,10,43,8,41,1,53,21,46,14,31,35,11,15,40,30,57,34,12,39,37,33
1857;48;14,13,32,2,6,31,45,47,51,49,29,38,5,4,22,36,9,42,3,20,44,28,7,19,41,1,53,43,8,34,15,10,16,46,48,23,26,37,21,30,11,17,57,35,24,50,18,39
1858;50;42,36,9,2,6,32,29,38,5,4,22,17,3,20,44,28,7,19,41,1,53,43,8,45,47,51,49,26,37,34,15,10,16,13,23,18,11,46,48,57,35,24,31,27,14,21,30,33,12,39
1859;51;3,10,43,8,41,1,53,42,49,29,38,5,4,22,36,9,2,6,32,47,51,15,7,19,35,23,26,45,48,44,28,16,13,12,18,11,17,57,34,20,40,21,46,14,24,31,27,39,37,30,33
1860;52;12,29,38,5,4,22,36,9,2,6,32,47,51,49,19,41,1,53,43,8,3,20,44,28,7,13,23,26,45,42,18,16,15,10,27,24,48,57,35,11,17,34,30,14,31,40,21,46,33,39,37,50
1861;50;5,46,48,44,28,7,19,9,2,6,32,29,38,57,35,4,22,36,31,45,47,51,49,26,37,41,1,53,43,8,3,20,12,18,16,13,23,10,27,24,50,14,21,30,11,15,42,33,40,34
1862;51;9,44,28,7,19,6,32,2,40,21,51,49,29,38,5,4,22,36,31,45,47,17,3,20,12,18,16,13,23,26,37,41,1,53,43,8,34,15,42,50,14,24,48,57,35,11,10,27,39,46,33
1863;50;2,38,5,4,22,36,9,14,24,19,6,32,29,27,1,53,43,8,41,50,13,23,26,45,47,51,49,21,46,48,44,28,7,39,37,34,15,42,3,20,12,18,16,40,30,10,57,35,11,17
1864;52;17,9,2,6,32,29,38,5,4,22,36,31,45,47,51,49,19,41,1,53,43,8,3,20,44,28,7,13,23,26,37,34,15,42,18,16,14,24,48,57,35,11,10,27,39,46,33,12,30,50,40,21
1865;47;1,17,3,20,44,28,7,19,9,2,6,32,29,38,5,4,22,36,31,45,47,51,49,26,37,41,50,14,24,48,42,18,16,13,23,10,43,8,34,15,40,21,46,53,12,30,11
1866;49;9,57,35,38,5,4,22,36,31,45,47,51,49,29,27,24,19,6,32,2,40,21,46,48,44,28,7,13,23,26,37,41,1,53,43,8,3,20,12,18,16,15,42,50,14,17,34,11,10
1867;51;36,14,24,19,9,2,6,32,29,38,5,4,22,17,3,20,44,28,7,13,23,26,45,47,51,49,21,46,48,42,18,16,15,10,43,8,41,1,53,31,27,11,37,34,30,35,12,39,57,33,40
1868;51;38,39,14,24,19,9,2,6,32,29,36,31,45,47,51,49,26,37,41,1,53,43,8,3,20,44,28,7,13,23,18,16,15,42,50,57,35,4,22,17,48,34,5,30,10,27,11,46,33,12,21
1869;49;12,48,44,28,7,19,9,2,6,32,29,38,5,4,22,36,31,45,47,51,49,26,37,41,1,53,43,8,3,20,40,21,46,14,24,10,16,13,23,18,11,15,42,50,57,35,34,30,17
1870;52;6,23,26,45,47,51,49,29,38,5,4,22,36,9,2,19,41,1,53,43,8,3,20,44,28,7,13,32,27,24,48,42,18,16,15,10,14,31,35,11,17,57,34,30,33,12,39,46,37,21,50,40
1871;49;36,38,5,4,22,17,3,20,44,28,7,19,9,2,6,32,29,27,24,48,42,49,26,45,47,51,15,10,43,8,41,1,53,18,16,13,23,31,35,11,46,14,37,34,30,57,33,12,39
1872;51;20,37,41,1,53,43,8,3,24,19,9,2,6,32,29,38,5,4,22,36,31,45,47,51,49,26,27,18,16,13,23,10,14,21,46,48,44,28,7,39,15,42,50,57,35,11,17,34,30,33,12
1873;51;11,2,6,32,29,38,5,4,22,36,9,14,24,19,41,1,53,43,8,3,20,44,28,7,13,23,26,45,47,51,49,21,46,48,42,18,16,15,10,27,17,57,35,34,30,33,12,39,37,31,40
1874;52;39,26,45,47,51,49,29,38,5,4,22,36,9,2,6,32,27,24,19,41,1,53,43,8,3,20,44,28,7,13,23,18,16,15,42,50,14,31,35,11,17,48,57,34,30,10,12,21,46,33,40,37
1875;47;43,32,2,6,31,45,47,51,49,29,38,5,4,22,36,9,14,24,19,41,1,53,42,3,20,44,28,7,13,23,26,37,34,15,10,16,46,48,57,35,11,8,40,21,30,18,39
1876;46;1,23,26,45,47,51,49,29,38,5,4,22,36,9,2,6,32,27,24,19,41,50,14,31,3,20,44,28,7,13,12,18,16,15,42,21,46,48,57,35,11,8,34,30,53,43
1877;52;13,8,41,1,53,43,35,38,5,4,22,36,9,2,6,32,29,27,24,19,3,20,44,28,7,51,49,26,45,47,17,48,42,18,16,15,10,14,31,40,21,46,23,50,57,34,11,37,30,33,12,39
1878;51;3,37,41,1,53,43,8,45,47,51,49,29,38,5,4,22,36,9,2,6,32,27,24,19,35,23,26,10,16,13,12,44,28,7,39,14,31,20,40,21,46,48,42,18,11,15,17,57,34,30,33
1879;51;11,13,32,2,6,31,45,47,51,49,29,38,5,4,22,36,9,14,24,19,41,1,53,43,8,3,20,44,28,7,26,37,34,15,42,18,16,46,48,23,10,27,17,57,35,12,30,33,40,21,39
1880;51;20,30,53,43,8,41,1,9,2,6,32,29,38,5,4,22,36,31,45,47,51,49,19,35,23,26,37,34,15,42,3,24,48,44,28,7,13,12,18,16,14,21,46,33,40,57,11,17,10,27,39
1881;48;4,13,32,2,6,31,45,47,51,49,29,38,5,43,8,41,1,53,42,3,20,44,28,7,19,9,14,24,48,23,26,37,34,15,10,16,46,33,12,18,11,17,57,35,22,36,27,39
1882;52;2,16,13,32,29,38,5,4,22,36,9,14,24,19,6,31,45,47,51,49,26,37,41,1,53,43,8,3,20,44,28,7,39,48,42,18,11,15,10,27,23,50,57,35,34,30,17,12,21,46,33,40
1883;52;43,18,2,6,32,29,38,5,4,22,36,9,14,24,19,41,1,53,42,49,26,45,47,51,15,10,16,13,23,20,44,28,7,8,3,11,17,48,57,35,34,30,33,12,39,46,37,21,31,27,50,40
1884;52;12,19,9,2,6,32,29,38,5,4,22,36,31,45,47,51,49,26,37,41,1,53,43,8,3,20,44,28,7,13,23,18,16,15,42,50,14,24,48,57,35,11,17,34,30,10,27,39,46,33,40,21
1885;51;15,19,9,2,6,32,29,38,5,4,22,36,31,45,47,51,49,26,37,41,1,53,43,8,3,20,44,28,7,13,23,18,16,14,24,48,42,50,57,35,11,17,34,30,10,27,39,46,33,12,21
1886;52;14,43,8,41,1,53,42,49,29,38,5,4,22,36,9,2,6,32,47,51,15,10,16,13,23,26,45,3,20,44,28,7,19,35,11,17,48,57,18,46,24,31,27,34,30,33,12,39,37,21,50,40
1887;47;41,49,29,38,5,4,22,36,9,2,6,32,47,51,15,42,3,20,44,28,7,19,35,23,26,45,48,57,18,16,13,12,30,53,43,8,34,1,40,21,46,14,24,10,27,11,17
1888;52;40,18,2,6,32,29,38,5,4,22,36,9,14,24,19,41,1,53,43,8,3,20,44,28,7,13,23,26,45,47,51,49,21,46,48,42,50,57,35,11,15,10,16,27,17,34,30,33,12,39,37,31
1889;52;53,11,8,41,1,9,2,6,32,29,38,5,4,22,36,31,45,47,51,49,19,35,23,26,37,34,15,42,3,20,44,28,7,13,12,18,16,14,24,48,57,33,43,46,10,27,17,21,30,50,40,39
1890;52;6,35,38,5,4,22,36,9,2,19,41,1,53,43,8,3,20,44,28,7,13,32,29,27,24,48,42,49,26,45,47,51,15,10,16,14,31,40,21,46,23,18,11,17,57,34,30,33,12,39,37,50
1891;50;32,38,5,4,22,36,9,2,6,31,45,47,51,49,29,27,24,19,41,1,53,43,8,3,20,44,28,7,13,23,26,37,34,15,42,18,16,14,21,46,48,57,35,11,17,12,30,10,40,39
1892;50;34,28,7,19,9,2,6,32,29,38,5,4,22,36,31,45,47,51,49,26,37,41,1,53,43,8,3,20,44,14,24,48,42,18,16,13,23,10,27,11,15,40,21,46,33,12,30,35,17,57
1893;52;7,53,43,8,41,1,9,2,6,32,29,38,5,4,22,36,31,45,47,51,49,19,35,23,26,37,34,15,42,3,20,44,28,16,13,12,18,11,17,48,57,24,10,27,14,21,46,33,40,30,50,39
1894;47;32,49,29,38,5,4,22,36,9,2,6,31,45,47,51,15,42,3,20,44,28,7,19,41,1,53,43,8,34,11,17,48,23,26,37,16,13,12,18,46,14,24,10,27,39,57,35
1895;50;6,47,51,49,29,38,5,4,22,36,9,2,19,41,1,53,43,8,3,20,44,28,7,13,32,27,24,48,42,18,16,15,10,14,31,45,23,26,37,34,11,17,57,35,12,30,33,40,21,46
1896;49;38,53,43,8,41,1,9,2,6,32,29,36,31,45,47,51,49,19,35,4,22,17,3,20,44,28,7,13,23,26,37,34,15,42,18,16,14,24,48,57,5,30,10,27,11,46,33,12,39
1897;51;22,43,8,41,1,53,42,49,29,38,5,4,28,7,19,9,2,6,32,47,51,15,10,16,13,23,26,45,3,20,44,14,24,48,57,35,11,17,34,30,18,46,33,12,39,37,21,31,27,50,40
1898;51;3,49,29,38,5,4,22,36,9,2,6,32,47,51,15,42,18,16,13,23,26,45,48,44,28,7,19,41,1,53,43,8,34,11,17,57,35,10,27,24,31,20,12,30,14,37,21,46,33,40,39
1899;51;29,26,45,47,51,49,19,9,2,6,32,27,24,48,44,28,7,13,38,5,4,22,36,31,3,20,12,18,16,15,42,50,14,37,41,1,53,43,8,34,11,17,57,35,23,10,40,21,46,33,39
1900;51;31,46,48,44,28,7,19,9,2,6,32,29,38,5,4,22,36,23,26,45,47,51,49,21,20,12,18,3,24,1,53,43,8,41,50,14,37,34,15,42,11,17,57,35,10,16,13,40,30,33,39
1901;46;44,22,36,9,2,6,32,29,38,5,4,28,7,19,41,1,53,43,8,3,20,12,18,16,13,23,26,45,47,51,49,21,46,48,42,50,14,24,10,27,11,15,40,30,35,34
1902;52;44,32,2,6,31,45,47,51,49,29,38,5,4,22,36,9,14,24,19,41,1,53,43,8,3,20,12,18,16,13,23,26,37,34,15,42,50,57,35,11,17,48,28,7,39,46,33,40,21,30,10,27
1903;49;12,5,4,22,36,9,2,6,32,29,38,57,35,23,26,45,47,51,49,19,41,1,53,43,8,3,20,44,28,7,13,40,21,46,48,42,18,16,15,10,27,24,31,17,34,11,37,30,14
1904;51;19,22,36,9,2,6,32,29,38,5,4,28,7,13,23,26,45,47,51,49,21,46,48,44,14,24,1,53,43,8,41,50,57,35,11,15,42,3,20,12,18,16,27,17,34,30,10,40,39,37,31
1905;51;37,7,19,9,2,6,32,29,38,5,4,22,36,31,45,47,51,49,26,8,41,1,53,43,35,23,18,3,20,44,28,16,13,12,30,10,27,24,48,42,50,14,21,46,33,40,34,15,17,57,11
1906;51;19,29,38,5,4,22,36,9,2,6,32,47,51,49,26,45,23,18,3,20,44,28,7,13,12,30,53,43,8,41,1,16,15,42,50,14,24,48,57,35,11,17,34,21,46,33,40,39,37,10,27
1907;52;35,26,45,47,51,49,29,38,5,4,22,36,9,2,6,32,27,24,19,41,1,53,43,8,3,20,44,28,7,13,23,18,16,15,42,50,14,31,10,12,30,11,17,48,57,34,21,46,33,40,39,37
1908;49;41,11,8,3,20,44,28,7,19,9,2,6,32,29,38,5,4,22,36,31,45,47,51,49,26,37,34,15,42,18,16,13,23,10,43,35,24,48,57,33,12,30,53,21,46,14,1,40,17
1909;49;10,38,5,4,22,36,9,2,6,32,29,27,24,19,41,1,53,43,8,3,20,44,28,7,13,23,26,45,47,51,49,21,46,48,42,18,16,15,40,30,11,17,57,35,34,12,39,14,31
1910;51;5,13,32,2,6,31,45,47,51,49,29,38,57,35,4,22,36,9,14,24,19,41,1,53,43,8,3,20,44,28,7,26,37,34,15,42,18,16,46,48,23,10,27,11,17,12,30,33,40,21,39
1911;49;50,32,2,6,31,45,47,51,49,29,38,5,4,22,36,9,14,24,19,41,1,53,43,8,3,20,44,28,7,13,23,26,37,34,15,42,18,16,46,48,57,35,11,17,12,30,10,27,39
1912;48;43,13,32,2,6,31,45,47,51,49,29,38,5,4,22,36,9,14,24,19,41,1,53,42,3,20,44,28,7,8,34,15,10,16,46,48,23,26,37,21,30,11,17,57,35,12,18,39
1913;47;22,37,41,1,53,43,8,3,20,44,28,7,19,9,2,6,32,29,38,5,4,33,12,18,16,13,23,26,45,47,51,49,21,46,48,42,50,14,24,10,27,11,15,40,30,35,34
1914;52;41,34,9,2,6,32,29,38,5,4,22,36,31,45,47,51,49,19,35,23,26,37,48,44,28,7,13,12,18,3,20,43,8,46,14,24,1,53,42,50,57,15,10,16,27,11,17,21,30,33,40,39
1915;51;28,24,19,9,2,6,32,29,38,5,4,22,36,31,45,47,51,49,26,37,41,1,53,43,8,3,20,44,14,21,46,48,42,18,16,13,23,10,27,11,15,7,39,57,35,34,30,17,12,50,40
1916;50;28,50,14,24,19,9,2,6,32,29,38,5,4,22,36,31,45,47,51,49,26,37,41,1,53,43,8,3,20,44,10,16,13,23,18,11,15,42,21,46,48,57,35,7,39,34,30,17,12,27
1917;51;26,51,49,29,38,5,4,22,36,9,2,6,32,47,17,3,20,44,28,7,19,41,1,53,43,8,45,23,18,16,13,12,30,10,27,24,48,42,50,14,31,35,11,15,40,21,46,33,39,37,34
1918;50;37,38,5,4,22,36,9,2,6,32,29,27,24,19,41,1,53,43,8,3,20,44,28,7,13,23,26,45,47,51,49,21,46,48,42,18,16,15,10,14,31,35,11,17,57,34,30,33,12,39
1919;49;19,11,8,41,1,53,43,35,38,5,4,22,36,9,2,6,32,29,27,24,48,44,28,7,13,23,26,45,47,51,49,21,46,14,31,3,20,12,18,16,15,42,50,57,34,30,10,40,17
1920;52;19,45,47,51,49,29,38,5,4,22,36,9,2,6,32,27,24,48,44,28,7,13,23,26,37,41,1,53,43,8,3,20,12,18,16,15,42,50,14,31,35,11,17,57,34,30,10,40,21,46,33,39
1921;52;44,29,38,5,4,22,36,9,2,6,32,47,51,49,19,41,1,53,43,8,3,20,12,18,16,13,23,26,45,42,50,14,24,48,57,35,11,15,10,27,17,34,30,33,40,21,46,37,7,39,28,31
1922;48;22,53,43,8,41,1,9,2,6,32,29,38,5,4,28,7,19,35,23,26,45,47,51,49,21,46,48,44,14,24,10,16,13,12,18,3,20,36,31,42,50,57,34,15,40,30,11,17
1923;52;20,2,6,32,29,38,5,4,22,36,9,14,24,19,41,1,53,43,8,3,11,15,42,49,26,45,47,51,16,13,23,18,44,28,7,39,48,57,35,10,27,17,34,30,33,12,31,40,21,46,37,50
1924;46;44,30,53,43,8,41,1,9,2,6,32,29,38,5,4,22,36,31,45,47,51,49,19,35,23,26,37,34,15,42,3,20,12,18,16,13,40,21,46,48,57,24,10,27,11,17
1925;51;35,2,6,32,29,38,5,4,22,36,9,14,24,19,41,1,53,43,8,3,20,44,28,7,13,23,26,45,47,51,49,21,46,48,42,18,16,15,10,27,11,17,57,34,30,33,12,39,37,31,40
1926;52;28,42,49,29,38,5,4,22,36,9,2,6,32,47,51,15,10,43,8,41,1,53,18,3,20,44,14,24,19,35,23,26,45,48,57,13,12,30,11,17,34,21,46,33,40,7,39,37,16,50,31,27
1927;52;32,18,2,6,31,45,47,51,49,29,38,5,4,22,36,9,14,24,19,41,1,53,43,8,3,20,44,28,7,13,23,26,37,34,15,42,50,57,35,11,17,48,27,39,46,33,12,30,10,16,40,21
1928;48;36,46,48,44,28,7,19,9,2,6,32,29,38,5,4,22,17,3,20,12,18,16,13,23,26,45,47,51,49,21,1,53,43,8,41,50,14,24,10,27,11,15,42,33,40,30,35,34
1929;52;5,19,9,2,6,32,29,38,57,35,4,22,36,31,45,47,51,49,26,37,41,1,53,43,8,3,20,44,28,7,13,23,18,16,15,42,50,14,24,48,34,11,17,12,30,10,27,39,46,33,40,21
1930;50;7,14,24,19,9,2,6,32,29,38,5,4,22,36,31,45,47,51,49,26,37,41,1,53,43,8,3,20,44,28,16,13,23,18,11,15,42,50,57,35,10,27,17,48,34,30,33,12,39,46
1931;49;24,26,45,47,51,49,29,38,5,4,22,36,9,2,6,32,27,1,53,43,8,41,50,14,31,3,20,44,28,7,19,35,23,18,16,13,12,30,10,42,21,46,48,57,34,15,40,11,17
1932;48;50,5,4,22,36,9,2,6,32,29,38,57,35,23,26,45,47,51,49,19,41,1,53,43,8,3,20,44,28,7,13,12,18,16,15,42,21,46,48,31,27,24,10,14,37,34,11,17
1933;50;48,4,22,36,9,2,6,32,29,38,5,43,8,41,1,53,42,49,19,35,23,26,45,47,51,15,10,16,13,12,44,28,7,39,14,24,31,3,20,40,21,46,33,18,11,17,57,34,30,50
1934;52;14,5,4,22,36,9,2,6,32,29,38,57,35,23,26,45,47,51,49,19,41,1,53,43,8,3,20,44,28,7,13,12,18,16,15,42,50,31,27,24,48,34,11,17,10,40,21,46,33,39,37,30
1935;52;44,13,32,2,6,31,45,47,51,49,29,38,5,4,22,36,9,14,24,19,41,1,53,43,8,3,20,12,18,16,15,42,50,57,35,23,26,37,34,11,17,48,28,7,39,46,33,40,21,30,10,27
1936;51;34,26,45,47,51,49,29,38,5,4,22,36,9,2,6,32,27,24,19,41,1,53,43,8,3,20,44,28,7,13,23,18,16,15,42,50,14,31,35,11,17,48,57,33,12,30,10,40,21,46,37
1937;51;46,38,5,4,22,36,9,2,6,32,29,27,24,19,41,1,53,43,8,3,20,44,28,7,13,23,26,45,47,51,49,21,30,10,16,15,42,18,11,17,48,57,35,34,12,39,14,31,40,37,33
1938;51;28,53,43,8,41,1,9,2,6,32,29,38,5,4,22,36,31,45,47,51,49,19,35,23,26,37,34,15,42,3,20,44,14,24,48,57,18,16,13,12,30,10,27,11,17,21,46,33,40,7,39
1939;49;33,41,1,53,43,8,3,20,44,28,7,19,9,2,6,32,29,38,5,4,22,36,31,45,47,51,49,26,37,34,15,42,18,16,13,23,10,27,24,48,57,35,11,17,12,30,14,21,46
1940;52;30,42,49,29,38,5,4,22,36,9,2,6,32,47,51,15,10,43,8,41,1,53,18,3,20,44,28,7,19,35,23,26,45,48,57,13,12,39,14,24,31,27,11,17,34,21,46,33,40,37,16,50
1941;52;49,46,48,44,28,7,19,9,2,6,32,29,38,5,4,22,36,31,45,47,51,15,42,3,20,12,18,16,13,23,26,37,41,1,53,43,8,34,11,17,57,35,10,27,24,50,14,21,30,33,40,39
1942;47;22,24,19,9,2,6,32,29,38,5,4,28,7,13,23,26,45,47,51,49,21,46,48,44,14,31,3,20,12,18,16,15,42,50,57,35,11,8,41,1,53,43,34,30,10,27,17
1943;46;41,44,28,7,19,9,2,6,32,29,38,5,4,22,36,31,45,47,51,49,26,37,34,15,42,3,20,12,18,16,13,23,10,43,8,35,11,17,48,57,24,1,53,21,46,14
1944;48;40,49,29,38,5,4,22,36,9,2,6,32,47,51,15,42,3,20,44,28,7,19,41,1,53,43,8,45,23,26,37,34,11,17,48,57,35,10,16,13,12,18,46,14,24,31,27,39
1945;50;3,27,24,19,9,2,6,32,29,38,5,4,22,36,31,45,47,51,49,26,37,41,1,53,43,8,34,15,42,18,16,13,23,10,14,21,46,48,44,28,7,39,11,17,57,35,12,30,33,40
1946;52;33,29,38,5,4,22,36,9,2,6,32,47,51,49,19,41,1,53,43,8,3,20,44,28,7,13,23,26,45,42,18,16,15,10,27,24,48,57,35,11,17,34,30,14,31,40,21,46,12,39,37,50
1947;51;47,1,53,43,8,41,4,22,36,9,2,6,32,29,38,5,49,19,35,23,26,45,42,3,20,44,28,7,13,12,18,16,15,10,27,24,48,57,34,11,17,51,31,40,21,46,14,37,30,33,39
1948;50;4,36,9,2,6,32,29,38,5,43,8,41,1,53,42,49,19,35,23,26,45,47,51,15,10,16,13,12,44,28,7,22,17,3,20,40,21,46,48,57,18,11,37,34,30,14,24,31,27,39
1949;51;6,49,29,38,5,4,22,36,9,2,19,41,1,53,43,8,3,20,44,28,7,13,32,47,51,15,42,18,16,14,24,48,23,26,45,17,57,35,11,10,27,34,30,33,12,39,46,37,21,31,40
1950;51;18,26,45,47,51,49,29,38,5,4,22,36,9,2,6,32,27,24,19,41,1,53,43,8,3,20,44,28,7,13,23,10,16,15,42,50,14,31,35,11,17,48,57,34,30,33,12,39,46,37,21
1951;48;46,19,9,2,6,32,29,38,5,4,22,36,31,45,47,51,49,26,37,41,1,53,43,8,3,20,44,28,7,13,23,18,16,15,42,50,14,24,48,57,35,11,17,34,30,10,27,39
1952;49;5,12,44,28,7,19,9,2,6,32,29,38,57,35,4,22,36,31,45,47,51,49,26,37,41,1,53,43,8,3,20,40,21,46,48,42,18,16,13,23,10,27,24,50,14,15,17,34,11
1953;48;41,17,3,20,44,28,7,19,9,2,6,32,29,38,5,4,22,36,31,45,47,51,49,26,37,34,15,42,18,16,13,23,10,43,8,35,11,46,48,57,24,1,53,21,30,14,12,39
1954;50;11,51,49,29,38,5,4,22,36,9,2,6,32,47,17,3,20,44,28,7,19,41,1,53,43,8,45,23,26,37,34,15,42,18,16,13,12,30,10,27,24,48,57,35,46,14,31,40,21,39
1955;52;24,16,13,32,2,6,31,45,47,51,49,29,38,5,4,22,36,9,14,37,41,1,53,43,8,3,20,44,28,7,19,35,23,26,27,18,11,15,42,50,57,34,30,10,12,39,48,40,21,46,33,17
1956;50;30,1,53,43,8,41,4,22,36,9,2,6,32,29,38,5,49,19,35,23,26,45,47,51,15,42,3,20,44,28,7,13,12,18,16,14,24,48,57,34,11,17,10,27,39,46,33,40,21,31
1957;50;31,47,51,49,29,38,5,4,22,36,9,2,6,32,27,24,19,41,1,53,43,8,3,20,44,28,7,13,23,26,45,42,18,16,15,10,14,37,34,11,17,48,57,35,12,30,33,40,21,46
1958;48;41,18,2,6,32,29,38,5,4,22,36,9,14,24,19,35,23,26,45,47,51,49,21,46,48,44,28,7,13,12,30,53,43,8,3,20,40,34,15,42,50,57,11,17,16,27,1,10
1959;50;42,38,5,4,22,36,9,2,6,32,29,27,24,19,41,1,53,43,8,3,20,44,28,7,13,23,26,45,47,51,49,21,46,48,57,35,11,15,10,16,14,31,40,30,18,34,12,39,37,17
1960;52;49,44,28,7,19,9,2,6,32,29,38,5,4,22,36,31,45,47,51,15,42,3,20,12,18,16,13,23,26,37,41,1,53,43,8,34,11,17,48,57,35,10,27,24,50,14,21,46,33,40,30,39
1961;51;9,31,45,47,51,49,29,38,5,4,22,36,23,26,2,6,32,27,24,19,41,1,53,43,8,3,20,44,28,7,13,12,18,16,15,42,50,14,37,34,11,17,48,57,35,10,40,21,46,33,39
1962;50;28,26,45,47,51,49,29,38,5,4,22,36,9,2,6,32,27,24,19,41,1,53,43,8,3,20,44,14,31,42,18,16,13,23,10,12,30,11,15,7,39,48,57,35,34,21,46,33,40,17
1963;50;5,34,9,2,6,32,29,38,57,35,4,22,36,31,45,47,51,49,19,41,1,53,43,8,3,20,44,28,7,13,23,26,37,48,42,18,16,15,10,27,24,50,14,21,46,33,12,30,11,17
1964;50;36,3,20,44,28,7,19,9,2,6,32,29,38,5,4,22,17,48,42,49,26,45,47,51,15,10,43,8,41,1,53,18,16,13,23,31,27,24,50,14,37,34,11,46,33,12,30,35,39,57
1965;52;22,15,42,49,29,38,5,4,28,7,19,9,2,6,32,47,51,24,48,44,14,31,45,23,26,37,41,1,53,43,8,3,20,12,18,16,13,40,21,46,33,11,17,57,35,10,27,34,30,36,50,39
1966;52;50,26,45,47,51,49,29,38,5,4,22,36,9,2,6,32,27,24,19,41,1,53,43,8,3,20,44,28,7,13,23,18,16,15,42,21,46,48,57,35,11,17,34,30,10,14,31,40,39,37,33,12
1967;51;34,6,32,2,19,9,14,24,48,44,28,7,13,38,5,4,22,36,31,45,47,51,49,29,27,1,53,43,8,41,50,57,35,23,26,37,16,15,42,3,20,12,18,11,17,10,40,21,46,33,39
1968;51;4,17,3,20,44,28,7,19,9,2,6,32,29,38,5,43,8,41,1,53,42,49,26,45,47,51,15,10,16,13,23,18,11,46,48,57,35,24,31,27,34,30,14,22,36,12,39,37,21,50,40
1969;52;2,29,38,5,4,22,36,9,14,24,19,6,32,47,51,49,26,45,23,18,3,20,44,28,7,13,12,30,53,43,8,41,1,16,15,42,50,57,35,11,17,48,31,27,34,21,46,33,40,39,37,10
1970;52;15,4,22,36,9,2,6,32,29,38,5,43,8,41,1,53,42,49,19,35,23,26,45,47,51,24,48,44,28,7,13,12,18,3,20,40,21,46,14,31,27,11,17,57,34,30,10,16,50,39,37,33
1971;50;23,29,38,5,4,22,36,9,2,6,32,47,51,49,19,41,1,53,43,8,3,20,44,28,7,13,12,18,16,15,42,50,14,24,48,57,35,11,17,34,30,10,27,39,46,33,40,21,31,45
1972;51;31,34,9,2,6,32,29,38,5,4,22,36,23,26,45,47,51,49,19,41,1,53,43,8,3,20,44,28,7,13,12,18,16,15,42,50,14,24,48,57,35,11,17,10,27,39,46,33,40,21,30
1973;52;50,19,9,2,6,32,29,38,5,4,22,36,31,45,47,51,49,26,37,41,1,53,43,8,3,20,44,28,7,13,23,18,16,15,42,21,46,48,57,35,11,17,34,30,10,27,24,39,14,12,33,40
1974;51;13,47,51,49,29,38,5,4,22,36,9,2,6,32,27,24,19,41,1,53,43,8,3,20,44,28,7,26,45,23,18,16,15,42,50,14,31,35,11,17,48,57,34,30,10,12,39,46,33,40,21
1975;48;19,28,7,13,32,2,6,31,45,47,51,49,29,38,5,4,22,36,9,14,24,48,44,10,43,8,41,1,53,42,3,20,12,18,16,15,40,21,46,23,26,37,34,11,17,57,35,39
1976;52;10,4,22,36,9,2,6,32,29,38,5,43,8,41,1,53,42,49,19,35,23,26,45,47,51,15,7,13,12,44,28,16,14,24,48,57,18,3,20,40,21,46,33,11,17,34,30,50,31,27,39,37
1977;50;50,1,53,43,8,41,4,22,36,9,2,6,32,29,38,5,49,19,35,23,26,45,47,51,15,42,3,20,44,28,7,13,12,18,16,14,24,48,57,34,11,17,10,27,39,46,33,40,21,30
1978;47;51,19,9,2,6,32,29,38,5,4,22,36,31,45,47,17,3,20,44,28,7,13,23,26,37,41,1,53,43,8,34,15,42,49,21,46,48,57,35,11,10,16,14,24,50,18,39
1979;52;21,43,8,41,1,53,42,49,29,38,5,4,22,36,9,2,6,32,47,51,15,10,16,13,23,26,45,3,20,44,28,7,19,35,11,17,48,57,18,46,14,24,31,27,34,30,33,12,39,37,50,40
1980;51;6,41,1,53,43,8,3,20,44,28,7,19,9,2,40,21,51,49,29,38,5,4,22,36,31,45,47,17,48,42,18,16,13,32,27,24,10,14,37,34,15,12,30,11,23,26,46,33,39,57,35
1981;50;47,29,38,5,4,22,36,9,2,6,32,27,24,19,41,1,53,43,8,3,20,44,28,7,13,23,26,45,42,49,21,51,15,10,16,14,31,35,11,17,48,57,18,46,33,12,30,50,40,34
1982;52;32,42,49,29,38,5,4,22,36,9,2,6,31,45,47,51,15,10,43,8,41,1,53,18,3,20,44,28,7,19,35,23,26,37,34,11,17,48,57,13,12,30,14,24,50,40,21,46,33,16,27,39
1983;48;46,15,42,49,29,38,5,4,22,36,9,2,6,32,47,51,24,19,41,1,53,43,8,3,20,44,28,7,13,23,26,45,48,57,35,11,17,34,30,10,16,14,31,27,18,37,21,39
1984;51;4,1,53,43,8,41,50,14,24,19,9,2,6,32,29,38,5,49,26,45,47,51,15,42,3,20,44,28,7,13,23,18,16,46,48,57,35,11,17,34,30,10,27,39,37,21,31,40,12,22,36
1985;51;50,34,9,2,6,32,29,38,5,4,22,36,31,45,47,51,49,19,41,1,53,43,8,3,20,44,28,7,13,23,26,37,48,42,18,16,15,10,27,24,17,57,35,11,46,14,21,30,33,12,39
1986;52;29,35,38,5,4,22,36,9,2,6,32,47,51,49,19,41,1,53,43,8,3,20,44,28,7,13,23,26,45,42,18,16,15,10,27,24,48,57,34,11,17,12,30,14,31,40,21,46,33,39,37,50
1987;50;14,3,20,44,28,7,19,9,2,6,32,29,38,5,4,22,36,31,45,47,51,49,26,37,41,1,53,43,8,34,15,42,18,16,13,23,10,27,24,48,57,35,11,17,12,30,33,40,21,46
1988;52;20,57,35,38,5,4,22,36,9,2,6,32,29,27,24,19,41,1,53,43,8,3,11,15,42,49,26,45,47,51,16,13,23,18,44,28,7,39,14,31,10,12,30,17,48,34,21,46,33,40,37,50
1989;50;49,7,19,9,2,6,32,29,38,5,4,22,36,31,45,47,51,15,42,3,20,44,28,16,13,23,26,37,41,1,53,43,8,34,11,17,48,57,35,10,27,24,50,14,21,46,33,12,18,39
1990;48;1,11,8,41,4,22,36,9,2,6,32,29,38,5,43,35,23,26,45,47,51,49,19,27,24,48,44,28,7,13,12,18,3,20,40,21,46,14,31,42,50,57,34,15,10,16,30,53
1991;51;31,43,8,41,1,53,42,49,29,38,5,4,22,36,9,2,6,32,47,51,15,10,16,13,23,26,45,3,20,44,28,7,19,35,11,17,48,57,18,46,14,24,50,40,21,30,33,12,39,37,34
1992;50;26,32,2,6,31,45,47,51,49,29,38,5,4,22,36,9,14,24,19,41,1,53,43,8,3,20,44,28,7,13,23,18,16,15,42,50,57,35,11,17,48,34,30,10,27,39,46,33,12,21
1993;52;33,53,43,8,41,1,9,2,6,32,29,38,5,4,22,36,31,45,47,51,49,19,35,23,26,37,34,15,42,3,20,44,28,7,13,12,18,16,14,24,48,57,11,17,10,27,39,46,30,50,40,21
1994;50;9,38,5,4,22,36,31,45,47,51,49,29,27,24,19,6,32,2,40,21,46,48,44,28,7,13,23,26,37,41,1,53,43,8,3,20,12,18,16,15,42,50,14,35,11,17,57,34,30,10
1995;51;14,51,49,29,38,5,4,22,36,9,2,6,32,47,17,3,20,44,28,7,19,41,1,53,43,8,45,23,26,37,34,15,42,18,16,13,12,30,10,27,24,48,57,35,11,46,33,40,21,39,31
1996;51;36,41,1,53,43,8,3,20,44,28,7,19,9,2,6,32,29,38,5,4,22,17,48,42,49,26,45,47,51,15,10,16,13,23,18,11,46,14,24,31,27,34,30,35,12,39,37,21,57,33,40
1997;51;14,47,51,49,29,38,5,4,22,36,9,2,6,32,27,24,19,41,1,53,43,8,3,20,44,28,7,13,23,26,45,42,18,16,15,10,12,30,11,17,48,57,35,34,21,46,33,40,39,37,31
1998;51;29,7,19,9,2,6,32,47,51,49,26,45,23,18,3,20,44,28,16,13,38,5,4,22,36,31,42,50,14,24,48,57,35,11,8,41,1,53,43,34,15,10,27,17,12,30,33,40,21,46,37
1999;52;41,26,45,47,51,49,29,38,5,4,22,36,9,2,6,32,27,24,19,35,23,18,3,20,44,28,7,13,12,30,53,43,8,34,15,42,50,14,31,10,16,46,48,57,11,17,21,1,40,39,37,33
2000;52;37,32,2,6,31,45,47,51,49,29,38,5,4,22,36,9,14,24,19,41,1,53,43,8,3,20,44,28,7,13,23,26,27,18,16,15,42,50,57,35,11,17,48,34,30,10,12,39,46,33,40,21
2001;50;6,9,2,19,41,1,53,43,8,3,20,44,28,7,13,32,29,38,5,4,22,36,31,45,47,51,49,26,37,34,15,42,18,16,14,24,48,23,10,27,11,17,57,35,12,30,33,40,21,46
2002;52;57,7,19,9,2,6,32,29,38,5,4,22,36,31,45,47,51,49,26,37,41,1,53,43,8,3,20,44,28,16,13,23,18,11,15,42,50,14,24,48,34,30,10,27,17,12,39,46,33,40,21,35
2003;51;36,1,53,43,8,41,4,22,17,3,20,44,28,7,19,9,2,6,32,29,38,5,49,26,45,47,51,15,42,18,16,13,23,10,27,24,48,57,35,11,46,14,31,40,21,30,33,12,39,37,34
2004;52;40,14,24,19,9,2,6,32,29,38,5,4,22,36,31,45,47,51,49,26,37,41,1,53,43,8,3,20,44,28,7,13,23,18,16,15,42,50,57,35,11,17,48,34,30,10,27,39,46,33,12,21
2005;52;21,10,43,8,41,1,53,42,49,29,38,5,4,22,36,9,2,6,32,47,51,15,7,19,35,23,26,45,3,20,44,28,16,13,12,18,11,17,48,57,34,30,14,24,31,27,39,46,33,40,37,50
2006;51;33,45,47,51,49,29,38,5,4,22,36,9,2,6,32,27,24,19,41,1,53,43,8,3,20,44,28,7,13,23,26,37,34,15,42,18,16,14,31,35,11,17,48,57,46,12,30,10,40,21,39
2007;47;8,21,51,49,29,38,5,4,22,36,9,2,6,32,47,17,3,20,44,28,7,19,41,1,53,43,35,23,26,45,42,18,16,13,12,30,10,27,24,48,57,34,15,40,46,14,31
2008;50;45,27,24,19,9,2,6,32,29,38,5,4,22,36,31,3,20,44,28,7,13,23,26,37,41,1,53,43,8,47,51,49,21,46,48,42,18,16,15,10,14,35,11,17,57,34,30,33,12,39
2009;52;42,26,45,47,51,49,29,38,5,4,22,36,9,2,6,32,27,24,19,41,1,53,43,8,3,20,44,28,7,13,23,18,16,15,10,14,31,35,11,17,48,57,34,30,33,12,39,46,37,21,50,40
2010;52;23,43,8,41,1,53,42,49,29,38,5,4,22,36,9,2,6,32,47,51,15,10,16,13,12,44,28,7,19,35,11,17,3,20,40,21,46,48,57,18,26,45,14,24,31,27,34,30,33,39,37,50
2011;52;43,48,44,28,7,19,9,2,6,32,29,38,5,4,22,36,31,45,47,51,49,26,37,41,1,53,42,3,20,12,18,16,13,23,10,27,24,50,14,21,46,33,40,30,11,8,34,15,17,57,35,39
2012;51;33,26,45,47,51,49,29,38,5,4,22,36,9,2,6,32,27,24,19,41,1,53,43,8,3,20,44,28,7,13,23,18,16,15,42,50,14,31,35,11,17,48,57,34,30,10,12,39,46,37,21
2013;52;49,8,41,1,53,43,35,38,5,4,22,36,9,2,6,32,29,27,24,19,3,20,44,28,7,13,23,26,45,47,51,15,42,18,16,14,31,10,12,30,11,17,48,57,34,21,46,33,40,39,37,50
2014;45;1,26,45,47,51,49,29,38,5,4,22,36,9,2,6,32,27,24,19,41,50,14,31,3,20,44,28,7,13,23,18,16,15,42,21,46,48,57,35,11,8,34,30,53,43
2015;52;42,6,32,2,19,9,14,24,48,44,28,7,13,38,5,4,22,36,31,45,47,51,49,29,27,1,53,43,8,41,50,57,35,23,26,37,34,15,10,16,20,12,18,3,11,17,21,46,33,40,30,39
2016;52;44,51,49,29,38,5,4,22,36,9,2,6,32,47,17,3,20,12,18,16,13,23,26,45,42,50,14,24,19,41,1,53,43,8,34,15,10,27,11,46,48,57,35,7,39,28,21,30,33,40,37,31
2017;51;26,21,51,49,29,38,5,4,22,36,9,2,6,32,47,17,3,20,44,28,7,19,41,1,53,43,8,45,23,18,16,13,12,30,10,27,24,48,42,50,14,31,35,11,15,40,46,33,39,37,34
2018;50;23,37,41,1,53,43,8,3,20,44,28,7,19,9,2,6,32,29,38,5,4,22,36,31,45,47,51,49,26,27,24,48,42,18,16,13,12,30,10,14,21,46,33,40,34,15,17,57,35,11
2019;51;10,53,43,8,41,1,9,2,6,32,29,38,5,4,22,36,31,45,47,51,49,19,35,23,26,37,34,15,42,3,20,44,28,7,13,12,18,16,14,24,48,57,11,17,21,46,33,40,30,50,39
2020;50;53,34,9,2,6,32,29,38,5,4,22,36,31,45,47,51,49,19,41,1,7,13,23,26,37,48,44,28,16,15,42,3,20,12,18,11,8,35,10,43,46,14,24,50,57,33,40,21,30,17
2021;52;30,8,41,1,53,43,35,38,5,4,22,36,9,2,6,32,29,27,24,19,3,20,44,28,7,13,23,26,45,47,51,49,21,46,48,42,18,16,15,10,14,31,40,34,11,17,57,33,12,39,37,50
2022;52;8,4,22,36,9,2,6,32,29,38,5,43,35,23,26,45,47,51,49,19,41,1,53,42,3,20,44,28,7,13,12,18,16,15,10,27,24,48,57,34,11,17,21,46,14,31,40,30,33,39,37,50
2023;52;3,29,38,5,4,22,36,9,2,6,32,47,51,49,19,41,1,53,43,8,45,23,26,37,34,15,42,18,16,13,12,44,28,7,39,14,24,48,57,35,11,17,20,40,21,46,33,10,27,50,31,30
2024;48;12,4,22,36,9,2,6,32,29,38,5,43,8,41,1,53,42,49,19,35,23,26,45,47,51,15,10,16,13,40,21,46,48,44,28,7,39,14,24,31,3,20,37,34,11,17,57,18
2025;52;29,22,36,9,2,6,32,47,51,49,19,41,1,53,43,8,3,20,44,28,7,13,38,5,4,33,12,18,16,15,42,50,14,24,48,23,26,45,17,57,35,11,10,27,34,30,39,46,37,21,31,40
2026;52;16,45,47,51,49,29,38,5,4,22,36,9,2,6,32,27,24,19,41,1,53,43,8,3,20,44,28,7,13,23,26,37,34,15,42,18,11,17,48,57,35,10,14,31,40,21,46,33,12,30,50,39
2027;52;46,32,2,6,31,45,47,51,49,29,38,5,4,22,36,9,14,24,19,41,1,53,43,8,3,20,44,28,7,13,23,26,37,34,15,42,18,16,50,57,35,11,17,48,27,39,10,12,30,33,40,21
2028;49;45,24,19,9,2,6,32,29,38,5,4,22,36,31,3,20,44,28,7,13,23,26,37,41,1,53,43,8,47,51,49,21,46,48,42,18,16,15,10,27,11,17,57,35,34,30,14,12,39
2029;52;20,5,4,22,36,9,2,6,32,29,38,57,35,23,26,45,47,51,49,19,41,1,53,43,8,3,24,48,44,28,7,13,12,18,16,15,42,50,14,31,27,11,17,34,30,10,40,21,46,33,39,37
2030;51;36,8,41,1,53,43,35,38,5,4,22,17,3,20,44,28,7,19,9,2,6,32,29,27,24,48,42,49,26,45,47,51,15,10,16,13,23,18,11,46,14,31,40,21,30,57,34,12,39,37,33
2031;49;13,18,2,6,32,29,38,5,4,22,36,9,14,24,19,41,1,53,43,8,3,20,44,28,7,51,49,26,45,47,17,48,42,50,57,35,23,10,16,15,40,21,46,33,12,30,11,37,34
2032;51;2,44,28,7,19,9,14,24,48,42,49,29,38,5,4,22,36,31,45,47,51,15,10,43,8,41,1,53,18,3,20,12,30,6,32,27,23,26,37,34,11,17,57,35,16,13,40,21,46,33,39
2033;52;30,43,8,41,1,53,42,49,29,38,5,4,22,36,9,2,6,32,47,51,15,10,16,13,23,26,45,3,20,44,28,7,19,35,11,17,48,57,18,46,14,24,31,27,34,21,39,37,33,12,50,40
2034;51;17,13,32,2,6,31,45,47,51,49,29,38,5,4,22,36,9,14,24,19,41,1,53,43,8,3,20,44,28,7,26,37,34,15,42,18,16,46,48,23,10,27,11,21,30,35,12,39,57,33,40
2035;52;29,21,51,49,19,9,2,6,32,47,17,3,20,44,28,7,13,38,5,4,22,36,31,45,23,26,37,41,1,53,43,8,34,15,42,18,16,14,24,48,57,35,11,10,27,39,46,33,12,30,50,40
2036;51;42,16,13,32,2,6,31,45,47,51,49,29,38,5,4,22,36,9,14,24,19,41,1,53,43,8,3,20,44,28,7,26,37,34,15,10,27,18,11,17,48,23,50,57,35,12,30,33,40,21,46
2037;50;20,9,2,6,32,29,38,5,4,22,36,31,45,47,51,49,19,41,1,53,43,8,3,24,48,44,28,7,13,23,26,37,34,15,42,18,16,14,21,46,33,12,30,10,27,11,17,57,35,39
2038;51;6,45,47,51,49,29,38,5,4,22,36,9,2,19,41,1,53,43,8,3,20,44,28,7,13,32,27,24,48,42,18,16,15,10,14,31,35,23,26,37,34,11,17,57,33,12,30,50,40,21,46
2039;51;14,29,38,5,4,22,36,9,2,6,32,47,51,49,19,41,1,53,43,8,3,20,44,28,7,13,23,26,45,42,18,16,15,10,27,24,48,57,35,11,17,34,30,33,12,39,46,37,21,31,40
2040;51;8,53,43,35,38,5,4,22,36,9,2,6,32,29,27,24,19,41,1,7,13,23,26,45,47,51,49,21,46,48,44,28,16,15,42,3,20,12,18,11,17,57,34,30,10,14,31,40,39,37,33
2041;50;48,1,53,43,8,41,4,22,36,9,2,6,32,29,38,5,49,19,35,23,26,45,47,51,15,42,3,20,44,28,7,13,12,18,16,14,24,10,27,11,17,57,34,30,33,40,21,46,37,31
2042;52;22,2,6,32,29,38,5,4,28,7,19,9,14,24,48,44,10,43,8,41,1,53,42,49,26,45,47,51,15,3,20,12,18,16,13,23,31,27,11,17,57,35,34,30,36,46,33,40,21,39,37,50
2043;47;5,11,8,41,1,53,43,35,38,57,18,2,6,32,29,36,9,14,24,19,27,23,26,45,47,51,49,21,46,48,44,28,7,13,12,30,10,16,15,42,3,20,40,34,4,22,17
2044;52;16,5,4,22,36,9,2,6,32,29,38,57,35,23,26,45,47,51,49,19,41,1,53,43,8,3,20,44,28,7,13,12,18,11,15,42,50,14,24,48,31,27,17,34,30,10,40,21,46,33,39,37
2045;52;32,33,12,44,28,7,19,9,2,6,31,45,47,51,49,29,38,5,4,22,36,23,26,37,41,1,53,43,8,3,20,40,21,46,48,42,18,16,13,27,24,10,14,35,11,15,17,57,34,30,50,39
2046;49;24,9,2,6,32,29,38,5,4,22,36,31,45,47,51,49,19,41,1,53,43,8,3,20,44,28,7,13,23,26,37,34,15,42,18,16,14,21,46,48,57,35,11,17,12,30,10,27,39
2047;52;34,44,28,7,19,9,2,6,32,29,38,5,4,22,36,31,45,47,51,49,26,37,41,1,53,43,8,3,20,12,18,16,13,23,10,27,24,48,42,50,14,21,46,33,40,30,11,15,17,57,35,39
2048;51;49,38,5,4,22,36,9,2,6,32,29,27,24,19,41,1,53,43,8,3,20,44,28,7,13,23,26,45,47,51,15,42,18,16,14,31,35,11,17,48,57,34,30,10,12,39,46,33,40,21,50
2049;51;29,57,35,38,5,4,22,36,9,2,6,32,47,51,49,19,41,1,53,43,8,3,20,44,28,7,13,23,26,45,42,18,16,15,10,27,24,48,31,40,21,46,14,37,34,11,17,12,30,33,39
2050;47;9,46,48,44,28,7,19,6,32,2,40,21,51,49,29,38,5,4,22,36,31,45,47,17,3,20,12,18,16,13,23,26,37,41,1,53,43,8,34,15,42,50,14,24,10,27,11
2051;50;12,24,19,9,2,6,32,29,38,5,4,22,36,31,45,47,51,49,26,37,41,1,53,43,8,3,20,44,28,7,13,23,18,16,15,42,50,14,21,46,48,57,35,11,17,34,30,10,27,39
2052;52;30,29,38,5,4,22,36,9,2,6,32,47,51,49,19,41,1,53,43,8,3,20,44,28,7,13,23,26,45,42,18,16,15,10,27,24,48,57,35,11,17,34,21,46,14,31,40,39,37,33,12,50
2053;51;3,38,5,4,22,36,9,2,6,32,29,27,24,19,41,1,53,43,8,45,47,51,49,26,37,34,15,42,18,16,13,23,10,14,31,20,44,28,7,39,48,57,35,11,17,12,30,33,40,21,46
2054;49;37,43,8,41,1,53,42,49,29,38,5,4,22,36,9,2,6,32,47,51,15,10,16,13,23,26,45,3,20,44,28,7,19,35,11,17,48,57,18,46,14,24,31,27,34,30,33,12,39
2055;50;51,1,53,43,8,41,4,22,36,9,2,6,32,29,38,5,49,19,35,23,26,45,47,17,3,20,44,28,7,13,12,18,16,15,42,50,14,24,48,57,34,11,10,27,39,46,33,40,21,30
2056;52;28,37,41,1,53,43,8,3,20,44,14,24,19,9,2,6,32,29,38,5,4,22,36,31,45,47,51,49,26,27,18,16,13,23,10,42,50,57,35,11,15,7,39,48,34,30,17,12,21,46,33,40
2057;47;1,18,2,6,32,29,38,5,4,22,36,9,14,24,19,41,50,13,23,26,45,47,51,49,21,46,48,44,28,7,43,8,3,20,12,30,53,42,11,15,10,16,27,17,57,35,34
2058;51;14,26,45,47,51,49,29,38,5,4,22,36,9,2,6,32,27,24,19,41,1,53,43,8,3,20,44,28,7,13,23,18,16,15,42,50,57,35,11,17,48,31,10,12,30,33,40,21,46,37,34
2059;51;42,8,41,1,53,43,35,38,5,4,22,36,9,2,6,32,29,27,24,19,3,20,44,28,7,13,23,26,45,47,51,49,21,46,48,57,18,16,15,10,14,31,40,30,11,17,34,12,39,37,33
2060;51;33,23,26,45,47,51,49,29,38,5,4,22,36,9,2,6,32,27,24,19,41,1,53,43,8,3,20,44,28,7,13,12,18,16,15,42,50,14,31,35,11,17,48,57,34,30,10,40,21,46,37
2061;52;34,38,5,4,22,36,9,2,6,32,29,27,24,19,41,1,53,43,8,3,20,44,28,7,13,23,26,45,47,51,49,21,46,48,42,18,16,15,10,14,31,35,11,17,57,33,12,30,50,40,39,37
2062;50;8,20,44,28,7,19,9,2,6,32,29,38,5,4,22,36,31,45,47,51,49,26,37,41,1,53,43,35,23,18,3,24,48,42,50,14,21,46,33,12,30,10,16,13,40,34,15,17,57,11
2063;51;34,46,48,44,28,7,19,9,2,6,32,29,38,5,4,22,36,31,45,47,51,49,26,37,41,1,53,43,8,3,20,12,18,16,13,23,10,27,24,50,14,21,30,11,15,42,33,40,57,35,17
2064;45;5,8,41,1,53,43,35,38,57,18,2,6,32,29,36,9,14,24,19,27,23,26,45,47,51,49,21,46,48,44,28,7,13,12,30,10,16,15,42,3,20,40,34,11,17
2065;52;19,53,43,8,41,1,9,2,6,32,29,38,5,4,22,36,31,45,47,51,49,26,37,34,15,42,3,20,44,28,7,13,23,18,16,14,24,48,57,35,11,17,12,30,10,27,39,46,33,40,21,50
2066;44;53,57,35,38,5,4,22,36,9,2,6,32,29,27,24,19,41,1,7,13,23,26,45,47,51,49,21,46,48,44,28,16,15,42,3,20,12,18,11,8,34,30,10,43
2067;52;48,53,43,8,41,1,9,2,6,32,29,38,5,4,22,36,31,45,47,51,49,19,35,23,26,37,34,15,42,3,20,44,28,7,13,12,18,16,14,24,10,27,11,17,57,33,40,21,46,30,50,39
2068;52;5,22,36,9,2,6,32,29,38,57,35,4,28,7,19,41,1,53,43,8,3,20,44,14,24,48,42,49,26,45,47,51,15,10,16,13,23,18,11,17,34,30,33,12,39,46,37,21,31,27,50,40
2069;51;10,13,32,2,6,31,45,47,51,49,29,38,5,4,22,36,9,14,24,19,41,1,53,43,8,3,20,44,28,7,26,37,34,15,42,18,16,46,48,23,50,57,35,11,17,12,30,33,40,21,39
2070;52;12,9,2,6,32,29,38,5,4,22,36,31,45,47,51,49,19,41,1,53,43,8,3,20,44,28,7,13,23,26,37,34,15,42,18,16,14,24,48,57,35,11,17,10,27,39,46,33,40,21,30,50
2071;51;32,10,43,8,41,1,53,42,49,29,38,5,4,22,36,9,2,6,31,45,47,51,15,7,19,35,23,26,37,34,11,17,3,20,44,28,16,13,12,18,46,48,57,24,50,14,21,30,33,40,39
2072;48;7,20,44,28,16,13,32,2,6,31,45,47,51,49,29,38,5,4,22,36,9,14,24,19,41,1,53,43,8,3,11,15,42,18,46,48,23,26,37,34,30,10,27,17,57,35,12,39
2073;51;39,45,47,51,49,29,38,5,4,22,36,9,2,6,32,27,24,19,41,1,53,43,8,3,20,44,28,7,13,23,26,37,34,15,42,18,16,14,31,35,11,17,48,57,33,12,30,10,40,21,46
2074;50;29,11,8,41,1,53,43,35,38,5,4,22,36,9,2,6,32,47,51,49,19,27,24,48,44,28,7,13,23,26,45,42,3,20,12,18,16,15,10,14,31,40,21,46,33,39,37,34,30,57
2075;52;27,42,49,29,38,5,4,22,36,9,2,6,32,47,51,15,10,43,8,41,1,53,18,3,20,44,28,7,19,35,23,26,45,48,57,13,12,30,11,17,34,21,46,14,24,31,40,39,37,16,50,33
2076;52;33,35,38,5,4,22,36,9,2,6,32,29,27,24,19,41,1,53,43,8,3,20,44,28,7,13,23,26,45,47,51,49,21,46,48,42,18,16,15,10,14,31,40,30,11,17,57,34,12,39,37,50
2077;48;27,38,5,4,22,36,9,2,6,32,29,53,43,8,41,1,7,19,35,23,26,45,47,51,49,21,46,48,44,28,16,13,12,18,3,20,40,30,10,14,24,31,42,50,57,34,15,17
2078;48;51,10,43,8,41,1,53,42,49,29,38,5,4,22,36,9,2,6,32,47,17,3,20,44,28,7,19,35,23,26,45,48,57,18,16,13,12,30,11,15,40,21,46,14,24,31,27,34
2079;52;28,57,35,38,5,4,22,36,9,2,6,32,29,27,24,19,41,1,53,43,8,3,20,44,14,31,45,47,51,49,26,37,34,15,42,18,16,13,23,10,12,30,11,17,48,7,39,46,33,40,21,50
2080;52;20,4,22,36,9,2,6,32,29,38,5,43,8,41,1,53,42,49,19,35,23,26,45,47,51,15,10,16,13,12,44,28,7,39,14,24,48,57,18,3,11,17,34,30,33,40,21,46,37,27,50,31
2081;51;18,9,2,6,32,29,38,5,4,22,36,31,45,47,51,49,19,41,1,53,43,8,3,20,44,28,7,13,23,26,37,34,15,42,50,14,24,48,57,35,11,17,12,30,10,16,46,33,40,21,39
2082;51;49,28,7,19,9,2,6,32,29,38,5,4,22,36,31,45,47,51,15,42,3,20,44,14,24,48,23,26,37,41,1,53,43,8,34,11,17,57,35,10,16,13,12,18,46,33,40,21,30,50,39
2083;51;50,11,8,41,1,53,43,35,38,5,4,22,36,9,2,6,32,29,27,24,19,3,20,44,28,7,13,23,26,45,47,51,49,21,46,48,42,18,16,15,10,14,31,40,30,57,34,12,39,37,17
2084;50;2,48,44,28,7,19,9,14,24,1,53,43,8,41,4,22,36,31,45,47,51,49,29,38,5,3,20,12,18,16,13,32,27,23,26,37,34,15,42,50,57,35,11,6,10,40,21,46,33,39
2085;50;20,53,43,8,41,1,9,2,6,32,29,38,5,4,22,36,31,45,47,51,49,19,35,23,26,37,34,15,42,3,24,48,44,28,7,13,12,18,16,14,21,46,33,40,30,10,27,11,17,57
2086;50;22,11,8,41,1,53,43,35,38,5,4,28,7,19,9,2,6,32,29,36,31,45,47,51,49,26,37,34,15,42,3,20,44,14,24,48,23,18,16,13,12,30,10,27,17,57,33,40,21,46
2087;51;37,45,47,51,49,29,38,5,4,22,36,9,2,6,32,27,24,19,41,1,53,43,8,3,20,44,28,7,13,23,26,10,16,15,42,18,11,17,48,57,35,34,30,14,31,40,21,46,33,12,39
2088;51;22,34,9,2,6,32,29,38,5,4,28,7,19,41,1,53,43,8,3,20,44,14,24,48,42,49,26,45,47,51,15,10,16,13,23,18,11,17,57,35,12,30,36,31,27,39,46,33,40,21,50
2089;52;14,2,6,32,29,38,5,4,22,36,9,42,49,19,41,1,53,43,8,3,20,44,28,7,13,23,26,45,47,51,15,10,16,46,48,57,35,11,17,34,30,18,24,31,27,39,37,21,50,40,12,33
2090;48;9,32,2,6,31,45,47,51,49,29,38,5,4,22,36,23,26,37,41,1,53,43,8,3,20,44,28,7,19,35,11,15,42,18,16,13,12,30,10,27,24,48,57,34,21,46,14,17
2091;51;36,40,21,51,49,29,38,5,4,22,17,3,20,44,28,7,19,9,2,6,32,47,34,15,42,18,16,13,23,26,45,48,57,35,11,8,41,1,53,43,46,14,24,10,27,39,37,30,33,12,31
2092;51;51,38,5,4,22,36,9,2,6,32,29,27,24,19,41,1,53,43,8,3,20,44,28,7,13,23,26,45,47,17,48,42,49,21,46,14,31,35,11,15,10,16,50,57,18,34,30,33,12,39,37
2093;47;24,49,29,38,5,4,22,36,9,2,6,32,47,51,15,42,3,20,44,28,7,19,41,1,53,43,8,45,23,26,37,34,11,17,48,57,35,10,16,13,12,18,46,14,31,27,39
2094;50;32,8,41,1,53,43,35,38,5,4,22,36,9,2,6,31,45,47,51,49,29,27,24,19,3,20,44,28,7,13,23,26,37,34,15,42,18,16,14,21,46,48,57,11,17,12,30,10,40,39
2095;49;9,33,12,44,28,7,19,6,32,2,40,21,51,49,29,38,5,4,22,36,31,45,47,17,3,20,43,8,41,1,53,42,18,16,13,23,26,37,34,15,10,27,24,48,57,35,11,46,14
2096;47;1,38,5,4,22,36,9,2,6,32,29,27,24,19,41,50,14,31,45,47,51,49,26,37,34,15,42,3,20,44,28,7,13,23,18,16,46,48,57,35,11,8,40,21,30,53,43
2097;48;30,13,32,2,6,31,45,47,51,49,29,38,5,4,22,36,9,14,24,19,41,1,53,43,8,3,20,44,28,7,26,37,34,15,42,18,16,46,48,23,10,27,11,17,57,35,12,39
2098;48;12,57,35,38,5,4,22,36,9,2,6,32,29,27,24,19,41,1,53,43,8,3,20,44,28,7,13,23,26,45,47,51,49,21,46,48,42,18,16,15,10,14,31,40,30,11,17,34
2099;52;50,35,38,5,4,22,36,9,2,6,32,29,27,24,19,41,1,53,43,8,3,20,44,28,7,13,23,26,45,47,51,49,21,46,48,42,18,16,15,10,14,31,40,30,11,17,57,34,12,39,37,33
2100;45;1,22,36,9,2,6,32,29,38,5,4,28,7,19,41,50,14,24,48,44,10,43,8,3,20,12,18,16,13,23,26,45,47,51,49,21,46,53,42,11,15,40,30,35,34
2101;49;37,9,2,6,32,29,38,5,4,22,36,31,45,47,51,49,19,41,1,53,43,8,3,20,44,28,7,13,23,26,27,24,48,42,18,16,15,10,14,21,46,33,12,30,11,17,57,35,34
2102;50;23,32,2,6,31,45,47,51,49,29,38,5,4,22,36,9,14,24,19,41,1,53,43,8,3,20,44,28,7,13,12,18,16,15,42,50,57,35,11,17,48,34,30,10,27,39,46,33,40,21
2103;50;26,24,19,9,2,6,32,29,38,5,4,22,36,31,45,47,51,49,21,46,48,44,28,7,13,23,18,3,20,12,30,53,43,8,41,1,16,15,42,50,14,37,34,11,17,57,35,10,27,39
2104;51;14,42,49,29,38,5,4,22,36,9,2,6,32,47,51,15,10,43,8,41,1,53,18,3,20,44,28,7,19,35,23,26,45,48,57,13,12,30,11,17,34,21,46,24,31,27,39,37,16,50,40
2105;46;36,35,38,5,4,22,17,3,20,44,28,7,19,9,2,6,32,29,27,24,48,42,49,26,45,47,51,15,10,43,8,41,1,53,18,16,13,23,31,40,21,46,14,37,34,11
2106;49;37,47,51,49,29,38,5,4,22,36,9,2,6,32,27,24,19,41,1,53,43,8,3,20,44,28,7,13,23,26,45,42,18,16,15,10,14,31,35,11,17,48,57,34,30,33,12,39,46
2107;52;4,31,45,47,51,49,29,38,5,43,8,41,1,53,42,3,20,44,28,7,19,9,2,6,32,27,24,48,23,26,37,34,15,10,16,13,12,18,11,17,57,35,22,36,14,21,46,33,40,30,50,39
2108;51;29,10,43,8,41,1,53,42,49,19,9,2,6,32,47,51,15,7,13,38,5,4,22,36,31,45,23,26,37,34,11,17,3,20,44,28,16,14,24,48,57,35,12,18,46,33,40,21,30,50,39
2109;51;29,18,2,6,32,47,51,49,19,9,14,24,48,44,28,7,13,38,5,4,22,36,31,45,23,26,37,41,1,53,43,8,3,20,12,30,10,16,15,42,50,57,35,11,17,34,21,46,33,40,39
2110;49;35,42,49,29,38,5,4,22,36,9,2,6,32,47,51,15,10,43,8,41,1,53,18,3,20,44,28,7,19,27,24,48,23,26,45,14,31,40,21,46,33,12,30,11,17,57,13,37,34
2111;52;51,20,44,28,7,19,9,2,6,32,29,38,5,4,22,36,31,45,47,17,3,24,48,42,49,26,37,41,1,53,43,8,34,15,10,16,13,23,18,11,46,14,21,30,35,12,39,57,33,40,27,50
2112;51;44,46,48,42,49,29,38,5,4,22,36,9,2,6,32,47,51,15,10,43,8,41,1,53,18,3,20,12,30,11,17,57,35,23,26,45,14,24,19,27,34,13,40,21,39,28,7,33,16,50,31
2113;46;44,38,5,4,22,36,9,2,6,32,29,27,24,19,41,1,53,43,8,3,20,12,18,16,13,23,26,45,47,51,49,21,46,48,42,50,14,31,35,11,15,10,57,34,30,17
2114;50;34,32,2,6,31,45,47,51,49,29,38,5,4,22,36,9,14,24,19,41,1,53,43,8,3,20,44,28,7,13,23,26,37,48,42,18,16,15,10,27,11,17,57,35,12,30,33,40,21,46
2115;49;43,19,9,2,6,32,29,38,5,4,22,36,31,45,47,51,49,26,37,41,1,53,42,3,20,44,28,7,13,23,18,16,15,10,27,24,48,57,35,11,8,34,30,14,21,46,33,12,39
2116;51;16,9,2,6,32,29,38,5,4,22,36,31,45,47,51,49,19,41,1,53,43,8,3,20,44,28,7,13,23,26,37,34,15,42,18,11,17,48,57,35,10,27,24,50,14,21,46,33,12,30,39
2117;50;31,29,38,5,4,22,36,9,2,6,32,47,51,49,19,41,1,53,43,8,3,20,44,28,7,13,23,26,45,42,18,16,15,10,27,24,48,57,35,11,17,34,30,14,37,21,46,33,12,39
2118;52;48,47,51,49,29,38,5,4,22,36,9,2,6,32,27,24,19,41,1,53,43,8,3,20,44,28,7,13,23,26,45,42,18,16,15,10,14,31,35,11,17,57,34,30,33,12,39,46,37,21,50,40
2119;52;30,15,42,49,29,38,5,4,22,36,9,2,6,32,47,51,24,19,41,1,53,43,8,3,20,44,28,7,13,23,26,45,48,57,35,11,17,34,21,46,14,31,27,18,16,50,40,39,37,10,12,33
2120;52;33,1,53,43,8,41,4,22,36,9,2,6,32,29,38,5,49,19,35,23,26,45,47,51,15,42,3,20,44,28,7,13,12,18,16,14,24,48,57,34,11,17,10,27,39,46,37,21,30,50,31,40
2121;51;8,31,45,47,51,49,29,38,5,4,22,36,9,2,6,32,27,24,19,41,1,53,43,35,23,26,37,34,15,42,3,20,44,28,7,13,12,18,16,14,21,46,48,57,11,17,10,40,30,33,39
2122;52;49,2,6,32,29,38,5,4,22,36,9,14,24,19,41,1,53,43,8,3,20,44,28,7,13,23,26,45,47,51,15,42,18,16,46,48,57,35,11,17,34,30,10,27,39,37,21,31,40,12,50,33
2123;51;44,21,51,49,29,38,5,4,22,36,9,2,6,32,47,17,3,20,12,18,16,13,23,26,45,42,50,14,24,19,41,1,53,43,8,34,15,10,27,11,46,48,57,35,7,39,28,31,40,30,33
2124;52;48,18,2,6,32,29,38,5,4,22,36,9,14,24,19,41,1,53,43,8,3,20,44,28,7,13,23,26,45,47,51,49,21,46,42,50,57,35,11,15,10,16,27,17,34,30,33,12,39,37,31,40
2125;51;34,45,47,51,49,29,38,5,4,22,36,9,2,6,32,27,24,19,41,1,53,43,8,3,20,44,28,7,13,23,26,37,48,42,18,16,15,10,14,31,35,11,17,57,33,12,30,50,40,21,46
2126;49;9,30,53,43,8,41,1,7,19,6,32,2,40,21,51,49,29,38,5,4,22,36,31,45,47,17,3,20,44,28,16,13,23,26,37,34,15,42,18,11,10,27,24,48,57,35,12,39,14
2127;50;19,16,13,32,2,6,31,45,47,51,49,29,38,5,4,22,36,9,14,24,48,44,28,7,43,8,41,1,53,42,3,20,12,18,11,15,10,27,23,26,37,34,30,35,17,57,33,40,21,46
2128;51;26,4,22,36,9,2,6,32,29,38,5,43,8,41,1,53,42,49,19,35,23,18,3,20,44,28,7,13,12,30,10,47,51,15,40,21,46,48,57,34,11,17,16,14,24,31,45,27,39,37,33
2129;52;19,47,51,49,29,38,5,4,22,36,9,2,6,32,27,24,48,44,28,7,13,23,26,45,42,3,20,12,18,16,15,10,43,8,41,1,53,21,46,14,31,35,11,17,57,34,30,33,40,39,37,50
2130;52;40,53,43,8,41,1,9,2,6,32,29,38,5,4,22,36,31,45,47,51,49,19,35,23,26,37,34,15,42,3,20,44,28,7,13,12,18,16,14,24,48,57,11,17,10,27,39,46,33,21,30,50
2131;47;12,3,20,44,28,7,19,9,2,6,32,29,38,5,4,22,36,31,45,47,51,49,26,37,41,1,53,43,8,34,15,42,18,16,13,23,10,27,24,48,57,35,11,17,21,46,14
2132;48;49,50,14,24,19,9,2,6,32,29,38,5,4,22,36,31,45,47,51,15,42,3,20,44,28,7,13,23,26,37,41,1,53,43,8,34,11,17,48,57,35,10,16,46,33,12,18,39
2133;51;7,47,51,49,29,38,5,4,22,36,9,2,6,32,27,24,19,41,1,53,43,8,3,20,44,28,16,13,23,26,45,42,18,11,15,10,14,31,35,34,30,57,33,12,39,48,40,21,46,37,17
2134;50;8,37,41,1,53,43,35,38,5,4,22,36,9,2,6,32,29,27,24,19,3,20,44,28,7,13,23,26,45,47,51,49,21,46,48,42,18,16,15,10,14,31,40,30,11,17,57,34,12,39
2135;50;7,46,48,44,28,16,13,32,2,6,31,45,47,51,49,29,38,5,4,22,36,9,14,24,19,41,1,53,43,8,3,20,12,18,11,15,42,50,57,35,23,26,37,34,30,10,27,17,21,39
2136;48;48,22,36,9,2,6,32,29,38,5,4,28,7,19,41,1,53,43,8,3,20,44,14,24,10,47,51,49,26,45,23,18,16,13,12,30,11,15,42,50,57,35,34,21,46,33,40,17
2137;52;20,26,45,47,51,49,29,38,5,4,22,36,9,2,6,32,27,24,19,41,1,53,43,8,3,11,15,42,18,16,13,23,10,14,31,44,28,7,39,48,57,35,34,30,17,12,21,46,33,40,37,50
2138;49;35,49,29,38,5,4,22,36,9,2,6,32,47,51,15,42,3,20,44,28,7,19,41,1,53,43,8,45,23,26,37,34,11,17,48,57,18,16,13,12,30,10,27,24,31,40,21,46,14
2139;51;44,47,51,49,29,38,5,4,22,36,9,2,6,32,27,24,19,41,1,53,43,8,3,20,12,18,16,13,23,26,45,42,50,14,31,35,11,15,10,57,34,30,17,48,28,7,39,46,33,40,21
2140;50;50,7,19,9,2,6,32,29,38,5,4,22,36,31,45,47,51,49,26,37,41,1,53,43,8,3,20,44,28,16,13,23,18,11,15,42,21,46,48,57,35,10,27,24,17,34,30,14,12,39
2141;50;36,28,7,19,9,2,6,32,29,38,5,4,22,17,3,20,44,14,24,48,42,49,26,45,47,51,15,10,43,8,41,1,53,18,16,13,23,31,27,11,46,33,12,30,35,34,21,39,37,57
2142;46;10,22,36,9,2,6,32,29,38,5,4,28,7,19,41,1,53,43,8,3,20,44,14,24,48,42,49,26,45,47,51,15,40,21,46,23,18,16,13,12,30,11,17,57,35,34
2143;44;41,14,24,19,9,2,6,32,29,38,5,4,22,36,31,45,47,51,49,26,37,34,15,42,3,20,44,28,7,13,23,18,16,46,48,57,35,11,8,40,21,1,53,43
2144;52;6,13,32,2,19,9,14,24,48,44,28,7,51,49,29,38,5,4,22,36,31,45,47,17,3,20,12,18,16,15,42,50,57,35,23,26,37,41,1,53,43,8,34,11,10,27,39,46,33,40,21,30
2145;51;15,44,28,7,19,9,2,6,32,29,38,5,4,22,36,31,45,47,51,49,26,37,41,1,53,43,8,3,20,12,18,16,13,23,10,27,24,48,42,50,14,21,46,33,40,30,11,17,57,35,34
2146;51;47,4,22,36,9,2,6,32,29,38,5,43,8,41,1,53,42,49,19,35,23,26,45,3,20,44,28,7,13,12,18,16,15,10,27,24,48,57,34,11,17,51,31,40,21,46,14,37,30,33,39
2147;51;44,33,12,18,2,6,32,29,38,5,4,22,36,9,14,24,19,41,1,53,43,8,3,20,40,21,51,49,26,45,47,17,48,42,50,13,23,10,16,15,7,39,28,46,37,34,11,31,27,57,35
2148;51;7,6,32,2,19,9,14,24,48,44,28,16,13,38,5,4,22,36,31,45,47,51,49,29,27,1,53,43,8,41,50,57,35,23,26,37,34,15,42,3,20,12,18,11,17,10,40,21,46,33,39
2149;48;31,19,9,2,6,32,29,38,5,4,22,36,23,26,45,47,51,49,21,46,48,44,28,7,13,12,18,3,20,43,8,41,1,53,42,50,14,24,10,16,15,40,30,11,17,57,35,34
2150;50;6,33,12,44,28,7,19,9,2,40,21,51,49,29,38,5,4,22,36,31,45,47,17,3,20,32,27,24,48,42,18,16,13,23,26,37,41,1,53,43,8,34,15,10,14,35,11,46,30,57
2151;52;17,26,45,47,51,49,29,38,5,4,22,36,9,2,6,32,27,24,19,41,1,53,43,8,3,20,44,28,7,13,23,18,16,15,42,50,14,31,35,11,10,12,30,57,34,21,46,48,40,39,37,33
2152;50;4,24,19,9,2,6,32,29,38,5,43,8,41,1,53,42,49,26,45,47,51,15,10,16,13,23,18,3,20,44,28,7,22,36,31,27,11,17,48,57,35,34,30,14,37,21,46,33,12,39
2153;51;20,46,48,44,28,7,19,9,2,6,32,29,38,5,4,22,36,31,45,47,51,49,26,37,41,1,53,43,8,3,24,10,16,13,23,18,11,15,42,50,14,21,30,35,34,12,39,57,33,40,17
2154;50;4,6,32,2,19,9,14,24,48,44,28,7,13,38,5,43,8,41,1,53,42,49,29,36,31,45,47,51,15,10,16,20,12,18,3,11,17,57,35,23,26,37,34,30,33,40,21,46,27,39
2155;51;33,36,9,2,6,32,29,38,5,4,22,17,3,20,44,28,7,19,41,1,53,43,8,45,47,51,49,26,37,34,15,42,18,16,13,23,10,27,24,48,57,35,11,46,14,31,40,21,30,50,39
2156;49;21,6,32,2,19,9,14,24,48,44,28,7,13,38,5,4,22,36,31,45,47,51,49,29,27,1,53,43,8,41,50,57,35,23,26,37,34,15,42,3,20,12,18,16,46,33,40,30,10
2157;50;4,27,24,19,9,2,6,32,29,38,5,43,8,41,1,53,42,49,26,45,47,51,15,10,16,13,23,18,3,20,44,28,7,22,36,31,35,11,17,48,57,34,30,14,37,21,46,33,12,39
2158;47;6,27,24,19,9,2,40,21,51,49,29,38,5,4,22,36,31,45,47,17,3,20,44,28,7,13,32,14,37,41,1,53,43,8,34,15,42,18,16,46,48,23,26,10,12,30,11
2159;51;53,49,29,38,5,4,22,36,9,2,6,32,47,51,15,42,3,20,44,28,7,19,41,1,16,13,23,26,45,48,57,35,11,8,34,30,10,43,18,46,14,24,31,27,17,12,39,37,21,50,40
2160;50;1,28,7,19,9,2,6,32,29,38,5,4,22,36,31,45,47,51,49,26,37,41,50,14,24,48,44,10,43,8,3,20,12,18,16,13,23,30,53,42,21,46,33,40,34,15,17,57,35,11
2161;51;22,31,45,47,51,49,29,38,5,4,28,7,19,9,2,6,32,27,24,48,44,14,37,41,1,53,43,8,3,20,12,18,16,13,23,26,10,42,50,57,35,11,15,40,21,46,33,39,34,30,17
2162;49;15,37,41,1,53,43,8,3,20,44,28,7,19,9,2,6,32,29,38,5,4,22,36,31,45,47,51,49,26,27,24,48,42,18,16,13,23,10,14,21,46,33,12,30,11,17,57,35,34
2163;50;32,48,44,28,7,19,9,2,6,31,45,47,51,49,29,38,5,4,22,36,23,26,37,41,1,53,43,8,3,20,12,18,16,13,40,21,46,14,24,10,27,11,15,42,50,57,35,34,30,17
2164;51;21,4,22,36,9,2,6,32,29,38,5,43,8,41,1,53,42,49,19,35,23,26,45,47,51,15,10,16,13,12,44,28,7,39,14,24,48,57,18,3,20,40,46,33,11,17,34,30,50,31,27
2165;52;12,43,8,41,1,53,42,49,29,38,5,4,22,36,9,2,6,32,47,51,15,10,16,13,23,26,45,3,20,44,28,7,19,35,11,17,48,57,18,46,14,24,31,27,34,30,33,40,21,39,37,50
2166;49;47,16,13,32,2,6,31,45,23,26,37,41,1,53,43,8,3,20,44,28,7,19,9,14,24,48,42,49,29,38,5,4,22,36,57,35,11,15,10,27,18,46,51,12,30,17,34,21,39
2167;50;21,48,44,28,7,19,9,2,6,32,29,38,5,4,22,36,31,45,47,51,49,26,37,41,1,53,43,8,3,20,12,18,16,13,23,10,27,24,50,14,35,11,15,42,33,40,46,30,57,34
2168;52;40,47,51,49,29,38,5,4,22,36,9,2,6,32,27,24,19,41,1,53,43,8,3,20,44,28,7,13,23,26,45,42,18,16,15,10,14,31,35,11,17,48,57,34,30,33,12,39,46,37,21,50
2169;50;13,41,1,53,43,8,3,20,44,28,7,19,9,2,6,32,29,38,5,4,22,36,31,45,47,51,49,26,37,34,15,42,18,16,14,24,48,23,10,27,11,17,57,35,12,30,33,40,21,46
2170;51;11,4,22,36,9,2,6,32,29,38,5,43,8,41,1,53,42,49,19,35,23,26,45,47,51,15,10,16,13,12,44,28,7,39,14,24,48,57,18,3,20,40,21,46,33,27,17,34,30,50,31
2171;50;42,41,1,53,43,8,3,20,44,28,7,19,9,2,6,32,29,38,5,4,22,36,31,45,47,51,49,26,37,34,15,10,16,13,23,18,11,17,48,57,35,24,50,14,21,46,33,12,30,39
2172;51;10,9,2,6,32,29,38,5,4,22,36,31,45,47,51,49,19,41,1,53,43,8,3,20,44,28,7,13,23,26,37,34,15,42,18,16,14,24,48,57,35,11,17,12,30,33,40,21,46,27,39
2173;51;14,19,9,2,6,32,29,38,5,4,22,36,31,45,47,51,49,26,37,41,1,53,43,8,3,20,44,28,7,13,23,18,16,15,42,50,57,35,11,17,48,34,30,10,27,24,21,46,33,12,39
2174;51;11,20,44,28,7,19,9,2,6,32,29,38,5,4,22,36,31,45,47,51,49,26,37,41,1,53,43,8,3,24,48,42,18,16,13,23,10,27,17,57,35,34,15,40,21,46,14,12,30,33,39
2175;52;46,29,38,5,4,22,36,9,2,6,32,47,51,49,19,41,1,53,43,8,3,20,44,28,7,13,23,26,45,42,18,16,15,10,27,24,48,57,35,11,17,34,30,14,31,40,21,39,37,33,12,50
2176;52;23,19,9,2,6,32,29,38,5,4,22,36,31,45,47,51,49,26,37,41,1,53,43,8,3,20,44,28,7,13,12,18,16,15,42,50,14,24,48,57,35,11,17,34,30,10,27,39,46,33,40,21
2177;50;32,35,38,5,4,22,36,9,2,6,31,45,47,51,49,29,27,24,19,41,1,53,43,8,3,20,44,28,7,13,23,26,37,34,15,42,18,16,14,21,46,48,57,11,17,12,30,10,40,39
2178;47;12,11,8,41,1,53,43,35,38,5,4,22,36,9,2,6,32,29,27,24,19,3,20,44,28,7,13,23,26,45,47,51,49,21,46,48,42,18,16,15,10,14,31,40,30,57,34
2179;51;35,15,42,49,29,38,5,4,22,36,9,2,6,32,47,51,24,19,41,1,53,43,8,3,20,44,28,7,13,23,26,45,48,57,18,16,14,31,27,11,17,34,30,10,12,39,46,33,40,21,50
2180;52;49,48,44,28,7,19,9,2,6,32,29,38,5,4,22,36,31,45,47,51,15,42,3,20,12,18,16,13,23,26,37,41,1,53,43,8,34,11,17,57,35,10,27,24,50,14,21,46,33,40,30,39
2181;50;49,37,41,1,53,43,8,3,20,44,28,7,19,9,2,6,32,29,38,5,4,22,36,31,45,47,51,15,42,18,16,13,23,26,27,24,48,57,35,11,17,34,30,10,14,21,46,33,12,39
2182;51;27,9,2,6,32,29,38,5,4,22,36,31,45,47,51,49,19,41,1,53,43,8,3,20,44,28,7,13,23,26,37,34,15,42,18,16,14,24,48,57,35,11,17,12,30,10,40,21,46,33,39
2183;52;23,16,13,32,2,6,31,45,47,51,49,29,38,5,4,22,36,9,14,24,19,41,1,53,43,8,3,20,44,28,7,26,37,34,15,42,18,11,17,48,57,35,10,27,39,46,33,12,30,50,40,21
2184;51;45,32,2,6,31,3,20,44,28,7,19,9,14,24,48,42,49,29,38,5,4,22,36,23,26,37,41,1,53,43,8,47,51,15,10,16,13,12,18,11,17,57,35,34,30,33,40,21,46,27,39
2185;49;16,49,29,38,5,4,22,36,9,2,6,32,47,51,15,42,3,20,44,28,7,19,41,1,53,43,8,45,23,26,37,34,11,17,48,57,35,10,27,24,31,40,21,46,14,13,12,18,39
2186;52;15,2,6,32,29,38,5,4,22,36,9,14,24,19,41,1,53,43,8,3,20,44,28,7,13,23,26,45,47,51,49,21,46,48,42,18,16,50,57,35,11,17,34,30,10,27,39,37,31,40,12,33
2187;50;38,8,41,1,53,43,35,4,22,36,9,2,6,32,29,27,24,19,3,20,44,28,7,13,23,26,45,47,51,49,21,46,48,42,18,16,15,10,14,31,40,30,11,17,57,5,12,39,37,34
2188;50;26,6,32,2,19,9,14,24,48,44,28,7,13,38,5,4,22,36,31,45,47,51,49,29,27,1,53,43,8,41,50,57,35,23,18,3,20,12,30,10,16,15,42,21,46,33,40,34,11,17
2189;52;32,19,9,2,6,31,45,47,51,49,29,38,5,4,22,36,23,26,37,41,1,53,43,8,3,20,44,28,7,13,12,18,16,15,42,50,14,24,48,57,35,11,17,34,30,10,27,39,46,33,40,21
2190;51;4,50,14,24,19,9,2,6,32,29,38,5,43,8,41,1,53,42,49,26,45,47,51,15,10,16,13,23,18,3,20,44,28,7,22,36,31,27,11,17,48,57,35,34,30,33,12,39,46,37,21
2191;51;11,16,13,32,2,6,31,45,47,51,49,29,38,5,4,22,36,9,14,24,19,41,1,53,43,8,3,20,44,28,7,26,37,34,15,42,18,46,48,23,10,27,17,57,35,12,30,33,40,21,39
2192;51;9,47,51,49,29,38,5,4,22,36,31,45,23,26,2,6,32,27,24,19,41,1,53,43,8,3,20,44,28,7,13,12,18,16,15,42,50,14,37,34,11,17,48,57,35,10,40,21,46,33,39
2193;52;44,42,49,29,38,5,4,22,36,9,2,6,32,47,51,15,10,43,8,41,1,53,18,3,20,12,30,11,17,48,23,26,45,14,24,19,35,7,13,40,21,46,33,16,50,57,34,28,31,27,39,37
2194;49;1,5,4,22,36,9,2,6,32,29,38,57,35,23,26,45,47,51,49,19,41,50,14,24,48,44,28,7,13,12,18,3,20,43,8,34,15,42,21,46,53,31,27,11,17,16,40,30,10
2195;50;13,45,47,51,49,29,38,5,4,22,36,9,2,6,32,27,24,19,41,1,53,43,8,3,20,44,28,7,26,37,34,15,42,18,16,14,31,35,23,10,12,30,11,17,48,57,33,40,21,46
2196;52;35,9,2,6,32,29,38,5,4,22,36,31,45,47,51,49,19,41,1,53,43,8,3,20,44,28,7,13,23,26,37,34,15,42,18,16,14,24,48,57,11,17,12,30,10,27,39,46,33,40,21,50
2197;52;18,35,38,5,4,22,36,9,2,6,32,29,27,24,19,41,1,53,43,8,3,20,44,28,7,13,23,26,45,47,51,49,21,46,48,42,50,14,31,10,16,15,40,30,11,17,57,34,12,39,37,33
2198;48;36,45,47,51,49,29,38,5,4,22,17,3,20,44,28,7,19,9,2,6,32,27,24,48,42,18,16,13,23,26,37,41,1,53,43,8,34,15,10,14,31,35,11,46,33,12,30,57
2199;50;57,45,47,51,49,29,38,5,4,22,36,9,2,6,32,27,24,19,41,1,53,43,8,3,20,44,28,7,13,23,26,37,34,15,42,18,16,14,31,35,11,17,48,10,12,30,33,40,21,46
2200;47;42,20,44,28,7,19,9,2,6,32,29,38,5,4,22,36,31,45,47,51,49,26,37,41,1,53,43,8,3,24,48,23,18,16,13,12,30,10,27,11,15,40,21,46,14,35,34
2201;51;10,45,47,51,49,29,38,5,4,22,36,9,2,6,32,27,24,19,41,1,53,43,8,3,20,44,28,7,13,23,26,37,34,15,42,18,16,14,31,35,11,17,48,57,33,12,30,50,40,21,46
2202;50;10,18,2,6,32,29,38,5,4,22,36,9,14,24,19,41,1,53,43,8,3,20,44,28,7,13,23,26,45,47,51,49,21,46,48,42,50,57,35,11,15,40,30,17,34,12,39,37,16,27
2203;48;33,20,44,28,7,19,9,2,6,32,29,38,5,4,22,36,31,45,47,51,49,26,37,41,1,53,43,8,3,24,48,42,18,16,13,23,10,27,11,15,40,21,46,14,35,34,30,57
2204;50;51,18,2,6,32,29,38,5,4,22,36,9,14,24,19,41,1,53,43,8,3,20,44,28,7,13,23,26,45,47,17,48,42,49,21,46,33,12,30,10,16,15,40,34,11,37,27,39,57,35
2205;52;40,19,9,2,6,32,29,38,5,4,22,36,31,45,47,51,49,26,37,41,1,53,43,8,3,20,44,28,7,13,23,18,16,15,42,50,14,24,48,57,35,11,17,34,30,10,27,39,46,33,12,21
2206;48;9,49,29,38,5,4,22,36,31,45,47,51,15,42,3,20,44,28,7,19,6,32,2,40,21,46,48,23,26,37,41,1,53,43,8,34,11,17,57,35,10,16,13,12,18,24,50,14
2207;50;36,2,6,32,29,38,5,4,22,17,3,20,44,28,7,19,9,14,24,48,42,49,26,45,47,51,15,10,43,8,41,1,53,18,16,13,23,31,27,11,46,33,12,30,35,34,21,39,37,57
2208;51;16,57,35,38,5,4,22,36,9,2,6,32,29,27,24,19,41,1,53,43,8,3,20,44,28,7,13,23,26,45,47,51,49,21,46,48,42,18,11,15,10,14,31,40,30,17,34,12,39,37,33
2209;50;16,8,41,1,53,43,35,38,5,4,22,36,9,2,6,32,29,27,24,19,3,20,44,28,7,13,23,26,45,47,51,49,21,46,48,42,18,11,15,10,14,31,40,30,57,34,12,39,37,17
2210;45;1,37,41,4,22,36,9,2,6,32,29,38,5,43,8,3,20,44,28,7,19,35,23,26,45,47,51,49,21,46,48,42,18,16,13,12,30,53,24,10,27,11,15,40,34
2211;52;4,44,28,7,19,9,2,6,32,29,38,5,43,8,41,1,53,42,49,26,45,47,51,15,10,16,13,23,18,3,20,12,30,11,17,48,57,35,24,31,27,34,21,46,14,22,36,50,40,39,37,33
2212;51;5,29,38,57,35,4,22,36,9,2,6,32,47,51,49,19,41,1,53,43,8,3,20,44,28,7,13,23,26,45,42,18,16,15,10,27,24,48,31,40,21,46,14,37,34,11,17,12,30,33,39
2213;52;53,15,42,49,29,38,5,4,22,36,9,2,6,32,47,51,24,19,41,1,7,13,23,26,45,3,20,44,28,16,14,31,27,43,8,34,11,17,48,57,35,10,12,18,46,33,40,21,30,50,39,37
2214;51;10,2,6,32,29,38,5,4,22,36,9,14,24,19,41,1,53,43,8,3,20,44,28,7,13,23,26,45,47,51,49,21,46,48,42,18,16,15,40,30,11,17,57,35,34,12,39,37,27,50,31
2215;49;33,48,44,28,7,19,9,2,6,32,29,38,5,4,22,36,31,45,47,51,49,26,37,41,1,53,43,8,3,20,12,18,16,13,23,10,27,24,50,14,21,46,42,11,15,40,30,35,34
2216;52;7,17,3,20,44,28,16,13,32,2,6,31,45,47,51,49,29,38,5,4,22,36,9,14,24,19,41,1,53,43,8,34,15,42,18,11,23,26,37,48,57,35,10,27,39,46,33,12,30,50,40,21
2217;52;45,15,42,49,29,38,5,4,22,36,9,2,6,32,47,51,24,19,41,1,53,43,8,3,20,44,28,7,13,23,26,37,34,11,17,48,57,35,10,16,14,31,27,18,46,33,12,30,50,40,21,39
2218;51;51,8,41,1,53,43,35,38,5,4,22,36,9,2,6,32,29,27,24,19,3,20,44,28,7,13,23,26,45,47,17,48,42,49,21,46,14,31,10,16,15,40,30,11,37,34,12,18,39,57,33
2219;51;14,48,44,28,7,19,9,2,6,32,29,38,5,4,22,36,31,45,47,51,49,26,37,41,1,53,43,8,3,20,12,18,16,13,23,10,27,24,50,57,35,11,15,42,21,46,33,40,30,17,34
2220;52;19,26,45,47,51,49,29,38,5,4,22,36,9,2,6,32,27,24,48,44,28,7,13,23,18,3,20,12,30,53,43,8,41,1,16,15,42,50,14,31,35,11,17,57,34,21,46,33,40,39,37,10
2221;49;24,44,28,7,19,9,2,6,32,29,38,5,4,22,36,31,45,47,51,49,26,37,41,1,53,43,8,3,20,12,18,16,13,23,10,27,11,15,42,50,14,21,46,48,57,35,34,30,17
2222;51;32,4,22,36,9,2,6,31,45,47,51,49,29,38,5,43,8,41,1,53,42,3,20,44,28,7,19,35,23,26,37,34,15,10,16,13,12,18,11,17,48,57,24,50,14,21,46,33,40,30,39
2223;48;32,15,42,49,29,38,5,4,22,36,9,2,6,31,45,47,51,24,19,41,1,53,43,8,3,20,44,28,7,13,23,26,37,34,11,17,48,57,35,10,16,14,21,46,33,12,18,39
2224;51;49,34,9,2,6,32,29,38,5,4,22,36,31,45,47,51,15,42,3,20,44,28,7,19,41,1,53,43,8,35,23,26,37,48,57,18,16,13,12,30,10,27,24,50,14,21,46,33,40,11,17
2225;50;28,6,32,2,19,9,14,24,48,44,10,43,8,41,1,53,42,49,29,38,5,4,22,36,31,45,47,51,15,7,13,23,26,37,34,11,17,3,20,12,18,16,46,33,40,21,30,35,39,57
2226;48;8,24,19,9,2,6,32,29,38,5,4,22,36,31,45,47,51,49,26,37,41,1,53,43,35,23,18,3,20,44,28,7,13,12,30,10,16,15,42,50,14,21,46,48,57,34,11,17
2227;50;28,23,26,45,47,51,49,29,38,5,4,22,36,9,2,6,32,27,24,19,41,1,53,43,8,3,20,44,14,31,42,18,16,13,12,30,10,57,35,11,15,7,39,48,34,21,46,33,40,17
2228;51;6,51,49,29,38,5,4,22,36,9,2,19,41,1,53,43,8,3,20,44,28,7,13,32,47,17,48,42,18,16,15,10,27,24,31,45,23,26,37,34,11,46,14,21,30,35,12,39,57,33,40
2229;52;50,6,32,2,19,9,14,24,48,44,28,7,13,38,5,4,22,36,31,45,47,51,49,29,27,1,53,43,8,41,12,18,3,20,40,21,46,23,26,37,34,15,42,11,17,57,35,10,16,30,33,39
2230;46;22,39,14,24,19,9,2,6,32,29,38,5,4,28,7,13,23,26,45,47,51,49,21,46,48,44,10,43,8,41,1,53,42,3,20,12,18,16,15,40,30,11,17,57,35,34
2231;52;8,10,43,35,38,5,4,22,36,9,2,6,32,29,27,24,19,41,1,53,42,49,26,45,47,51,15,7,13,23,18,3,20,44,28,16,14,31,40,21,46,48,57,34,11,17,12,30,33,39,37,50
2232;49;11,26,45,47,51,49,29,38,5,4,22,36,9,2,6,32,27,24,19,41,1,53,43,8,3,20,44,28,7,13,23,18,16,15,42,50,14,31,35,10,12,30,57,34,21,46,48,40,17
2233;50;1,6,32,2,19,9,14,24,48,44,28,7,13,38,5,4,22,36,31,45,47,51,49,29,27,43,8,41,50,57,35,23,26,37,34,15,42,3,20,12,18,16,46,53,21,30,10,40,11,17
2234;52;17,5,4,22,36,9,2,6,32,29,38,57,35,23,26,45,47,51,49,19,41,1,53,43,8,3,20,44,28,7,13,12,18,16,15,42,50,14,24,48,31,27,11,10,40,21,46,33,39,37,34,30
2235;47;14,49,29,38,5,4,22,36,9,2,6,32,47,51,15,42,3,20,44,28,7,19,41,1,53,43,8,45,23,26,37,34,11,17,48,57,35,10,16,13,12,18,46,24,31,27,39
2236;50;47,23,26,45,9,2,6,32,29,38,5,4,22,36,31,3,20,44,28,7,19,41,1,53,43,8,34,15,42,49,21,51,24,48,57,35,11,17,18,16,13,12,30,10,27,14,37,33,40,46
2237;51;57,8,41,1,53,43,35,38,5,4,22,36,9,2,6,32,29,27,24,19,3,20,44,28,7,13,23,26,45,47,51,49,21,46,48,42,18,16,15,10,14,31,40,30,11,17,34,12,39,37,33
2238;52;5,6,32,2,19,9,14,24,48,44,28,7,13,38,57,35,4,22,36,31,45,47,51,49,29,27,1,53,43,8,41,50,15,42,3,20,12,18,16,46,23,26,37,34,11,17,10,40,21,30,33,39
2239;51;33,14,24,19,9,2,6,32,29,38,5,4,22,36,31,45,47,51,49,26,37,41,1,53,43,8,3,20,44,28,7,13,23,18,16,15,42,50,57,35,11,17,48,34,30,10,27,39,46,12,21
2240;50;21,45,47,51,49,29,38,5,4,22,36,9,2,6,32,27,24,19,41,1,53,43,8,3,20,44,28,7,13,23,26,37,34,15,42,18,16,14,31,35,11,17,48,57,33,12,30,10,40,46
2241;51;18,31,45,47,51,49,29,38,5,4,22,36,9,2,6,32,27,24,19,41,1,53,43,8,3,20,44,28,7,13,23,26,37,34,15,42,50,14,21,46,48,57,35,11,17,12,30,10,16,40,39
2242;52;5,18,2,6,32,29,38,57,35,4,22,36,9,14,24,19,41,1,53,43,8,3,20,44,28,7,13,23,26,45,47,51,49,21,46,48,42,50,15,10,16,27,11,17,34,30,33,12,39,37,31,40
2243;48;41,31,45,47,51,49,29,38,5,4,22,36,9,2,6,32,27,24,19,35,23,26,37,34,15,42,3,20,44,28,7,13,12,18,16,14,53,43,8,46,48,57,11,17,10,40,21,1
2244;52;19,42,49,29,38,5,4,22,36,9,2,6,32,47,51,15,10,43,8,41,1,53,18,3,20,44,28,7,13,23,26,45,48,57,35,11,17,34,30,14,24,31,27,39,46,33,12,21,50,40,37,16
2245;52;3,7,19,9,2,6,32,29,38,5,4,22,36,31,45,47,51,49,26,37,41,1,53,43,8,34,15,42,18,16,13,23,10,27,24,48,44,28,21,46,14,35,11,17,57,33,12,30,50,20,40,39
2246;52;16,31,45,47,51,49,29,38,5,4,22,36,9,2,6,32,27,24,19,41,1,53,43,8,3,20,44,28,7,13,23,26,37,34,15,42,18,11,17,48,57,35,10,14,21,46,33,12,30,50,40,39
2247;51;45,38,5,4,22,36,9,2,6,32,29,27,24,19,41,1,53,43,8,3,20,44,28,7,13,23,26,37,34,15,42,49,21,51,16,14,31,35,11,17,48,57,18,47,30,10,12,39,46,33,40
2248;52;21,23,26,45,47,51,49,29,38,5,4,22,36,9,2,6,32,27,24,19,41,1,53,43,8,3,20,44,28,7,13,12,18,16,15,42,50,14,31,35,11,17,48,57,34,30,10,40,46,33,39,37
2249;51;23,12,44,28,7,19,9,2,6,32,29,38,5,4,22,36,31,45,47,51,49,26,37,41,1,53,43,8,3,20,40,21,46,48,42,18,16,13,27,24,10,14,35,11,15,17,57,34,30,33,39
2250;51;39,42,49,29,38,5,4,22,36,9,2,6,32,47,51,15,10,43,8,41,1,53,18,3,20,44,28,7,19,35,23,26,45,48,57,13,12,30,11,17,34,21,46,14,24,31,27,50,40,37,16
2251;52;36,43,8,41,1,53,42,49,29,38,5,4,22,17,3,20,44,28,7,19,9,2,6,32,47,51,15,10,16,13,23,26,45,48,57,35,11,46,14,24,31,27,18,34,30,33,12,39,37,21,50,40
2252;52;8,9,2,6,32,29,38,5,4,22,36,31,45,47,51,49,19,41,1,53,43,35,23,26,37,34,15,42,3,20,44,28,7,13,12,18,16,14,24,48,57,11,17,10,27,39,46,33,40,21,30,50
2253;49;41,16,13,32,2,6,31,45,47,51,49,29,38,5,4,22,36,9,14,24,19,35,23,26,37,34,15,42,3,20,44,28,7,43,8,46,48,57,18,11,17,53,21,1,40,30,10,27,39
2254;51;43,41,1,53,42,49,29,38,5,4,22,36,9,2,6,32,47,51,15,10,16,13,23,26,45,3,20,44,28,7,19,35,11,8,34,30,18,46,48,57,24,31,27,17,12,39,14,37,21,50,40
2255;52;21,22,36,9,2,6,32,29,38,5,4,28,7,19,41,1,53,43,8,3,20,44,14,24,48,42,49,26,45,47,51,15,10,16,13,23,18,11,17,57,35,34,30,33,12,39,46,37,27,50,31,40
2256;52;13,1,53,43,8,41,4,22,36,9,2,6,32,29,38,5,49,19,35,23,26,45,47,51,15,42,3,20,44,28,7,39,14,24,48,57,18,16,46,33,12,30,10,27,11,17,34,21,31,40,37,50
2257;51;11,36,9,2,6,32,29,38,5,4,22,17,3,20,44,28,7,19,41,1,53,43,8,45,47,51,49,26,37,34,15,42,18,16,13,23,10,27,24,48,57,35,12,30,14,31,40,21,46,33,39
2258;50;51,57,35,38,5,4,22,36,9,2,6,32,29,27,24,19,41,1,53,43,8,3,20,44,28,7,13,23,26,45,47,17,48,42,49,21,46,14,31,10,16,15,40,30,11,37,34,12,18,39
2259;47;21,41,1,53,43,8,3,20,44,28,7,19,9,2,6,32,29,38,5,4,22,36,31,45,47,51,49,26,37,34,15,42,18,16,13,23,10,27,24,48,57,35,11,17,12,30,14
2260;47;1,35,38,5,4,22,36,9,2,6,32,29,27,24,19,41,50,14,31,45,47,51,49,26,37,34,15,42,3,20,44,28,7,13,23,18,16,46,48,57,11,8,40,21,30,53,43
2261;52;40,44,28,7,19,9,2,6,32,29,38,5,4,22,36,31,45,47,51,49,26,37,41,1,53,43,8,3,20,12,18,16,13,23,10,27,24,48,42,50,14,21,46,33,11,15,17,57,35,34,30,39
2262;50;28,30,53,43,8,41,1,9,2,6,32,29,38,5,4,22,36,31,45,47,51,49,19,35,23,26,37,34,15,42,3,20,44,14,24,48,57,18,16,13,12,39,46,33,40,21,10,27,11,17
2263;52;26,16,13,32,2,6,31,45,47,51,49,29,38,5,4,22,36,9,14,24,19,41,1,53,43,8,3,20,44,28,7,39,48,42,18,11,15,10,27,23,50,57,35,34,30,17,12,21,46,33,40,37
2264;52;40,43,8,41,1,53,42,49,29,38,5,4,22,36,9,2,6,32,47,51,15,10,16,13,23,26,45,3,20,44,28,7,19,35,11,17,48,57,18,46,14,24,31,27,34,30,33,12,39,37,21,50
2265;48;5,39,14,24,19,9,2,6,32,29,38,57,35,4,22,36,31,45,47,51,49,26,37,41,1,53,43,8,3,20,44,28,7,13,23,18,16,15,42,50,48,34,11,17,12,30,10,27
2266;50;45,7,19,9,2,6,32,29,38,5,4,22,36,31,3,20,44,28,16,13,23,26,37,41,1,53,43,8,47,51,49,21,46,48,42,18,11,15,10,27,24,50,14,35,34,30,57,33,12,39
2267;50;26,44,28,7,19,9,2,6,32,29,38,5,4,22,36,31,45,47,51,49,21,46,48,42,3,20,12,18,16,13,23,10,43,8,41,1,53,24,50,14,37,34,15,40,30,11,17,57,35,39
2268;50;30,16,13,32,2,6,31,45,47,51,49,29,38,5,4,22,36,9,14,24,19,41,1,53,43,8,3,20,44,28,7,26,37,34,15,42,18,11,17,48,23,10,27,39,46,33,12,21,57,35
2269;49;1,20,44,28,7,19,9,2,6,32,29,38,5,4,22,36,31,45,47,51,49,26,37,41,50,14,24,48,42,3,11,8,34,15,10,43,35,23,18,16,13,12,30,53,21,46,33,40,57
2270;51;16,29,38,5,4,22,36,9,2,6,32,47,51,49,19,41,1,53,43,8,3,20,44,28,7,13,23,26,45,42,18,11,15,10,27,24,48,57,35,34,30,14,31,40,21,46,33,12,39,37,17
2271;51;31,5,4,22,36,9,2,6,32,29,38,57,35,23,26,45,47,51,49,19,41,1,53,43,8,3,20,44,28,7,13,12,18,16,15,42,50,14,24,48,34,11,17,10,27,39,46,33,40,21,30
2272;48;45,44,28,7,19,9,2,6,32,29,38,5,4,22,36,31,3,20,12,18,16,13,23,26,37,41,1,53,43,8,47,51,49,21,46,48,42,50,14,24,10,27,11,15,40,30,35,34
2273;52;35,13,32,2,6,31,45,47,51,49,29,38,5,4,22,36,9,14,24,19,41,1,53,43,8,3,20,44,28,7,26,37,34,15,42,18,16,46,48,23,10,27,11,17,57,33,12,30,50,40,21,39
2274;47;1,45,47,51,49,29,38,5,4,22,36,9,2,6,32,27,24,19,41,50,14,31,3,20,44,28,7,13,23,26,37,34,15,42,18,16,46,48,57,35,11,8,40,21,30,53,43
2275;51;44,6,32,2,19,9,14,24,48,42,49,29,38,5,4,22,36,31,45,47,51,15,10,43,8,41,1,53,18,3,20,12,30,11,17,57,35,23,26,37,34,13,40,21,46,33,16,50,39,28,7
2276;51;28,18,2,6,32,29,38,5,4,22,36,9,14,24,19,41,1,53,43,8,3,20,44,10,47,51,49,26,45,23,31,42,50,13,12,30,11,15,7,39,48,57,35,34,21,46,33,40,17,16,27
2277;43;6,18,2,19,9,14,24,48,44,28,7,13,32,29,38,5,4,22,36,31,45,47,51,49,26,37,41,1,53,43,8,3,20,12,30,10,16,15,42,50,57,35,23
2278;51;3,34,9,2,6,32,29,38,5,4,22,36,31,45,47,51,49,19,41,1,53,43,8,35,23,26,37,48,44,28,7,13,12,18,16,15,42,50,14,24,10,27,11,17,57,33,40,21,46,30,39
2279;51;2,13,32,29,38,5,4,22,36,9,14,24,19,6,31,45,47,51,49,26,37,41,1,53,43,8,3,20,44,28,7,39,48,42,18,16,15,10,27,23,50,57,35,11,17,34,30,33,12,21,46
2280;52;9,13,32,2,6,31,45,47,51,49,29,38,5,4,22,36,23,26,37,41,1,53,43,8,3,20,44,28,7,19,35,11,15,42,18,16,14,24,48,57,34,30,10,27,17,12,39,46,33,40,21,50
2281;49;4,37,41,1,53,43,8,3,20,44,28,7,19,9,2,6,32,29,38,5,49,26,45,47,51,15,42,18,16,13,23,10,27,24,48,57,35,11,17,34,30,14,31,40,21,46,33,12,39
2282;49;49,43,8,41,1,53,42,3,20,44,28,7,19,9,2,6,32,29,38,5,4,22,36,31,45,47,51,15,10,16,13,23,26,37,34,11,17,48,57,35,24,50,14,21,46,33,12,18,39
2283;52;33,47,51,49,29,38,5,4,22,36,9,2,6,32,27,24,19,41,1,53,43,8,3,20,44,28,7,13,23,26,45,42,18,16,15,10,14,31,35,11,17,48,57,34,30,50,40,21,46,12,39,37
2284;52;8,14,24,19,9,2,6,32,29,38,5,4,22,36,31,45,47,51,49,26,37,41,1,53,43,35,23,18,3,20,44,28,7,13,12,30,10,16,15,42,50,57,34,11,17,48,27,39,46,33,40,21
2285;52;26,15,42,49,29,38,5,4,22,36,9,2,6,32,47,51,24,19,41,1,53,43,8,3,20,44,28,7,13,23,18,16,14,31,45,48,57,35,11,17,34,30,10,27,39,46,33,12,21,50,40,37
2286;52;43,38,5,4,22,36,9,2,6,32,29,27,24,19,41,1,53,42,49,26,45,47,51,15,10,16,13,23,18,3,20,44,28,7,8,34,11,17,48,57,35,12,30,14,31,40,21,46,33,39,37,50
2287;52;28,45,47,51,49,29,38,5,4,22,36,9,2,6,32,27,24,19,41,1,53,43,8,3,20,44,14,31,42,18,16,13,23,26,37,34,15,10,12,30,11,17,48,57,35,7,39,46,33,40,21,50
2288;49;57,49,29,38,5,4,22,36,9,2,6,32,47,51,15,42,3,20,44,28,7,19,41,1,53,43,8,45,23,26,37,34,11,17,48,31,27,24,10,16,13,12,18,46,14,21,30,35,39
2289;51;24,11,8,41,1,53,43,35,38,5,4,22,36,9,2,6,32,29,27,18,3,20,44,28,7,19,17,48,42,49,26,45,47,51,15,10,16,13,23,31,40,21,46,14,37,34,30,57,33,12,39
2290;52;27,7,19,9,2,6,32,29,38,5,4,22,36,31,45,47,51,49,26,37,41,1,53,43,8,3,20,44,28,16,13,23,18,11,15,42,50,14,24,48,57,35,10,12,30,17,34,21,46,33,40,39
2291;50;3,43,8,41,1,53,42,49,29,38,5,4,22,36,9,2,6,32,47,51,15,10,16,13,23,26,45,48,44,28,7,19,35,11,17,57,18,46,14,24,31,20,12,30,33,40,21,39,37,34
2292;49;42,47,51,49,29,38,5,4,22,36,9,2,6,32,27,24,19,41,1,53,43,8,3,20,44,28,7,13,23,26,45,48,57,35,11,15,10,16,14,31,40,21,46,33,12,18,34,30,17
2293;52;3,48,44,28,7,19,9,2,6,32,29,38,5,4,22,36,31,45,47,51,49,26,37,41,1,53,43,8,34,15,42,18,16,13,23,10,27,24,50,14,21,46,33,12,30,11,17,57,35,20,40,39
2294;51;5,27,24,19,9,2,6,32,29,38,57,35,4,22,36,31,45,47,51,49,26,37,41,1,53,43,8,3,20,44,28,7,13,23,18,16,15,42,50,14,21,46,48,34,11,17,12,30,10,40,39
2295;51;41,20,44,28,7,19,9,2,6,32,29,38,5,4,22,36,31,45,47,51,49,26,37,34,15,42,3,24,48,23,18,16,13,12,30,53,43,8,35,11,17,57,33,40,21,46,14,1,10,27,39
2296;52;15,23,26,45,47,51,49,29,38,5,4,22,36,9,2,6,32,27,24,19,41,1,53,43,8,3,20,44,28,7,13,12,18,16,14,31,42,50,57,35,11,17,48,34,30,10,40,21,46,33,39,37
2297;50;32,24,19,9,2,6,31,45,47,51,49,29,38,5,4,22,36,23,26,37,41,1,53,43,8,3,20,44,28,7,13,12,18,16,15,42,50,14,21,46,48,57,35,11,17,34,30,10,27,39
2298;51;43,57,35,38,5,4,22,36,9,2,6,32,29,27,24,19,41,1,53,42,49,26,45,47,51,15,10,16,13,23,18,3,20,44,28,7,8,34,11,17,48,31,40,21,46,14,37,30,33,12,39
2299;51;9,41,1,53,43,8,3,20,44,28,7,19,6,32,2,40,21,51,49,29,38,5,4,22,36,31,45,47,17,48,42,18,16,13,23,26,37,34,15,10,27,24,50,14,35,11,46,33,12,30,57
2300;51;36,5,4,22,17,3,20,44,28,7,19,9,2,6,32,29,38,57,35,23,26,45,47,51,49,21,46,48,42,18,16,13,12,30,53,43,8,41,1,15,10,27,24,31,40,34,11,37,33,39,14
2301;48;22,32,2,6,31,45,47,51,49,29,38,5,4,28,7,19,9,14,24,48,44,10,43,8,41,1,53,42,3,20,12,18,16,13,23,26,37,34,15,40,21,46,33,11,17,57,35,39
2302;47;26,48,44,28,7,19,9,2,6,32,29,38,5,4,22,36,31,45,47,51,49,21,46,14,24,1,53,43,8,41,50,13,23,18,3,20,12,30,10,16,15,42,11,17,57,35,34
2303;49;19,38,5,4,22,36,9,2,6,32,29,27,24,48,44,28,7,13,23,26,45,47,51,49,21,46,14,31,3,20,12,18,16,15,42,50,57,35,11,8,41,1,53,43,34,30,10,40,17
2304;50;24,20,44,28,7,19,9,2,6,32,29,38,5,4,22,36,31,45,47,51,49,26,37,41,1,53,43,8,3,11,15,42,18,16,13,23,10,27,17,48,57,35,34,30,14,21,46,33,12,39
2305;50;14,4,22,36,9,2,6,32,29,38,5,43,8,41,1,53,42,49,19,35,23,26,45,47,51,15,10,16,13,12,44,28,7,39,48,57,18,3,20,40,21,46,24,31,27,11,17,34,30,33
2306;47;29,20,44,28,7,19,9,2,6,32,47,51,49,26,45,23,18,3,24,48,42,50,14,31,27,1,53,43,8,41,4,22,36,57,35,38,5,30,10,16,13,12,39,46,33,40,21
2307;51;10,49,29,38,5,4,22,36,9,2,6,32,47,51,15,42,3,20,44,28,7,19,41,1,53,43,8,45,23,26,37,34,11,17,48,57,35,24,31,27,18,16,13,12,30,14,21,46,33,40,39
2308;50;15,27,24,19,9,2,6,32,29,38,5,4,22,36,31,45,47,51,49,26,37,41,1,53,43,8,3,20,44,28,7,13,23,18,16,14,21,46,48,42,50,57,35,11,17,34,30,10,12,39
2309;49;15,21,51,49,29,38,5,4,22,36,9,2,6,32,47,17,3,20,44,28,7,19,41,1,53,43,8,45,23,26,37,34,11,10,16,13,12,18,46,48,42,50,14,24,31,27,39,57,35
2310;51;8,1,53,43,35,38,5,4,22,36,9,2,6,32,29,27,24,19,41,50,14,31,45,47,51,49,26,37,34,15,42,3,20,44,28,7,13,23,18,16,46,48,57,11,17,12,30,10,40,21,39
2311;52;8,33,12,44,28,7,19,9,2,6,32,29,38,5,4,22,36,31,45,47,51,49,26,37,41,1,53,43,35,23,18,3,20,40,21,46,48,42,50,14,24,10,16,13,27,11,15,17,57,34,30,39
2312;52;5,26,45,47,51,49,29,38,57,35,4,22,36,9,2,6,32,27,24,19,41,1,53,43,8,3,20,44,28,7,13,23,18,16,15,42,50,14,31,10,12,30,11,17,48,34,21,46,33,40,39,37
2313;51;40,41,1,53,43,8,3,20,44,28,7,19,9,2,6,32,29,38,5,4,22,36,31,45,47,51,49,26,37,34,15,42,18,16,13,23,10,27,24,48,57,35,11,17,12,30,14,21,46,33,39
2314;49;21,16,13,32,2,6,31,45,47,51,49,29,38,5,4,22,36,9,14,24,19,41,1,53,43,8,3,20,44,28,7,26,37,34,15,42,18,11,17,48,23,10,27,39,46,33,12,30,35
2315;51;50,45,47,51,49,29,38,5,4,22,36,9,2,6,32,27,24,19,41,1,53,43,8,3,20,44,28,7,13,23,26,37,34,15,42,18,16,14,31,35,11,17,48,57,33,12,30,10,40,21,46
2316;49;21,32,2,6,31,45,47,51,49,29,38,5,4,22,36,9,14,24,19,41,1,53,43,8,3,20,44,28,7,13,23,26,37,34,15,42,18,16,46,48,57,35,11,17,12,30,10,27,39
2317;50;20,14,24,19,9,2,6,32,29,38,5,4,22,36,31,45,47,51,49,26,37,41,1,53,43,8,3,11,15,42,18,16,13,23,10,27,17,48,44,28,7,39,46,33,12,30,35,34,21,57
2318;52;8,29,38,5,4,22,36,9,2,6,32,47,51,49,19,41,1,53,43,35,23,26,45,42,3,20,44,28,7,13,12,18,16,15,10,27,24,48,57,34,11,17,21,46,14,31,40,30,33,39,37,50
2319;51;22,26,45,47,51,49,29,38,5,4,28,7,19,9,2,6,32,27,24,48,44,14,31,3,20,12,18,16,13,23,10,43,8,41,1,53,42,50,57,35,11,15,40,21,46,33,39,37,34,30,17
2320;49;8,27,24,19,9,2,6,32,29,38,5,4,22,36,31,45,47,51,49,26,37,41,1,53,43,35,23,18,3,20,44,28,7,13,12,30,10,16,15,42,50,14,21,46,48,57,34,11,17
2321;51;39,32,2,6,31,45,47,51,49,29,38,5,4,22,36,9,14,24,19,41,1,53,43,8,3,20,44,28,7,13,23,26,37,34,15,42,18,16,46,48,57,35,11,17,12,30,10,27,50,40,21
2322;51;45,22,36,9,2,6,32,29,38,5,4,28,7,19,41,1,53,43,8,3,20,44,14,24,48,42,49,26,37,34,15,10,47,51,16,13,23,18,11,17,57,35,12,30,33,40,21,46,27,39,31
2323;51;15,38,5,4,22,36,9,2,6,32,29,27,24,19,41,1,53,43,8,3,20,44,28,7,13,23,26,45,47,51,49,21,46,48,42,18,16,14,31,35,11,17,57,34,30,10,12,39,37,33,40
2324;52;28,38,5,4,22,36,9,2,6,32,29,27,24,19,41,1,53,43,8,3,20,44,14,31,45,47,51,49,26,37,34,15,42,18,16,13,23,10,12,30,11,17,48,57,35,7,39,46,33,40,21,50
2325;52;4,46,48,44,28,7,19,9,2,6,32,29,38,5,43,8,41,1,53,42,49,26,45,47,51,15,10,16,13,23,18,3,20,12,30,11,17,57,35,24,31,27,34,21,39,14,22,36,50,40,37,33
2326;48;6,37,41,1,53,43,8,3,20,44,28,7,19,9,2,40,21,51,49,29,38,5,4,22,36,31,45,47,17,48,42,18,16,13,32,27,24,10,14,35,23,26,46,33,12,30,11,15
2327;52;24,38,5,4,22,36,9,2,6,32,29,27,1,53,43,8,41,50,14,31,45,47,51,49,19,35,23,26,37,34,15,42,3,20,44,28,7,13,12,18,16,46,48,57,11,17,10,40,21,30,33,39
2328;51;36,24,19,9,2,6,32,29,38,5,4,22,17,3,20,44,28,7,13,23,26,45,47,51,49,21,46,48,42,18,16,15,10,43,8,41,1,53,31,27,11,37,34,30,35,12,39,14,57,33,40
2329;52;15,43,8,41,1,53,42,49,29,38,5,4,22,36,9,2,6,32,47,51,24,19,35,23,26,45,3,20,44,28,7,13,12,18,16,14,31,27,11,17,48,57,34,30,10,40,21,46,33,39,37,50
2330;49;5,37,41,1,53,43,8,3,20,44,28,7,19,9,2,6,32,29,38,57,35,4,22,36,31,45,47,51,49,26,27,24,48,42,18,16,13,23,10,14,21,46,33,12,30,11,15,40,34
2331;48;38,41,1,53,43,8,3,20,44,28,7,19,9,2,6,32,29,36,31,45,47,51,49,26,37,34,15,42,18,16,13,23,10,27,24,48,57,35,4,22,17,12,30,11,46,14,21,39
2332;52;4,42,49,29,38,5,43,8,41,1,53,36,9,2,6,32,47,51,15,10,16,13,23,26,45,3,20,44,28,7,19,35,11,17,48,57,18,46,14,24,31,27,34,30,33,12,39,37,21,50,40,22
2333;47;27,20,44,28,7,19,9,2,6,32,29,38,5,4,22,36,31,45,47,51,49,26,37,41,1,53,43,8,3,24,48,42,18,16,13,23,10,14,21,46,33,12,30,11,15,40,34
2334;47;47,27,24,19,9,2,6,32,29,38,5,4,22,36,31,45,23,26,37,41,1,53,43,8,3,20,44,28,7,13,12,18,16,15,42,49,21,51,48,57,35,11,17,34,30,10,14
2335;48;22,38,5,4,28,7,19,9,2,6,32,29,36,31,45,47,51,49,26,37,41,1,53,43,8,3,20,44,14,24,48,42,18,16,13,23,10,27,11,15,40,21,46,33,12,30,35,34
2336;50;18,36,9,2,6,32,29,38,5,4,22,17,3,20,44,28,7,19,41,1,53,43,8,45,47,51,49,26,37,34,15,42,50,14,24,48,23,10,16,13,12,30,11,46,33,40,21,39,57,35
2337;52;3,32,2,6,31,45,47,51,49,29,38,5,4,22,36,9,14,24,19,41,1,53,43,8,34,15,42,18,16,13,23,26,37,48,44,28,7,39,46,33,12,30,10,27,11,17,57,35,20,40,21,50
2338;50;42,37,41,1,53,43,8,3,20,44,28,7,19,9,2,6,32,29,38,5,4,22,36,31,45,47,51,49,26,27,24,48,23,18,16,13,12,30,10,14,21,46,33,40,34,15,17,57,35,11
2339;51;30,38,5,4,22,36,9,2,6,32,29,27,24,19,41,1,53,43,8,3,20,44,28,7,13,23,26,45,47,51,49,21,46,48,42,18,16,15,10,14,31,35,11,17,57,34,12,39,37,33,40
2340;50;40,28,7,19,9,2,6,32,29,38,5,4,22,36,31,45,47,51,49,26,37,41,1,53,43,8,3,20,44,14,24,48,42,18,16,13,23,10,27,11,15,17,57,35,34,30,33,12,39,46
2341;52;6,57,35,38,5,4,22,36,9,2,19,41,1,53,43,8,3,20,44,28,7,13,32,29,27,24,48,42,49,26,45,47,51,15,10,16,14,31,40,21,46,23,18,11,17,34,30,33,12,39,37,50
2342;49;45,46,48,44,28,7,19,9,2,6,32,29,38,5,4,22,36,31,3,20,12,18,16,13,23,26,37,41,1,53,43,8,47,51,49,21,30,10,27,24,50,14,35,11,15,42,33,40,34
2343;51;29,45,47,51,49,19,9,2,6,32,27,24,48,44,28,7,13,38,5,4,22,36,31,3,20,12,18,16,15,42,50,14,37,41,1,53,43,8,34,11,17,57,35,23,26,10,40,21,46,33,39
2344;51;53,6,32,2,19,9,14,24,48,44,28,7,13,38,5,4,22,36,31,45,47,51,49,29,27,1,16,15,42,3,20,12,18,11,8,41,50,57,35,23,26,37,34,30,10,43,46,33,40,21,39
2345;48;4,30,53,43,8,41,1,9,2,6,32,29,38,5,49,19,35,23,26,45,47,51,15,42,3,20,44,28,7,13,12,18,16,14,24,48,57,34,11,17,10,27,39,46,33,40,21,31
2346;52;24,29,38,5,4,22,36,9,2,6,32,47,51,49,19,41,1,53,43,8,3,20,44,28,7,13,23,26,45,42,18,16,15,10,27,11,17,48,57,35,34,30,14,31,40,21,46,33,12,39,37,50
2347;50;41,27,24,19,9,2,6,32,29,38,5,4,22,36,31,45,47,51,49,26,37,34,15,42,3,20,44,28,7,13,23,18,16,14,53,43,8,35,11,17,48,57,33,12,30,10,40,21,46,1
2348;51;7,30,53,43,8,41,1,9,2,6,32,29,38,5,4,22,36,31,45,47,51,49,19,35,23,26,37,34,15,42,3,20,44,28,16,13,12,18,11,17,48,57,24,10,27,14,21,46,33,40,39
2349;50;5,32,2,6,31,45,47,51,49,29,38,57,35,4,22,36,9,14,24,19,41,1,53,43,8,3,20,44,28,7,13,23,26,37,34,15,42,18,16,46,48,27,11,17,12,30,10,40,21,39
2350;52;21,18,2,6,32,29,38,5,4,22,36,9,14,24,19,41,1,53,43,8,3,20,44,28,7,13,23,26,45,47,51,49,12,30,10,16,15,42,50,57,35,11,17,48,31,27,34,46,33,40,39,37
2351;50;35,45,47,51,49,29,38,5,4,22,36,9,2,6,32,27,24,19,41,1,53,43,8,3,20,44,28,7,13,23,26,37,34,15,42,18,16,14,31,10,12,30,11,17,48,57,33,40,21,46
2352;51;4,43,8,41,1,53,42,49,29,38,5,3,20,44,28,7,19,9,2,6,32,47,51,15,10,16,13,23,26,45,48,57,35,11,17,34,30,18,46,14,24,31,27,39,37,21,50,40,12,22,36
2353;49;53,14,24,19,9,2,6,32,29,38,5,4,22,36,31,45,47,51,49,26,37,41,1,7,13,23,18,3,20,44,28,16,15,42,50,57,35,11,8,34,30,10,43,46,48,27,17,12,39
2354;51;7,42,49,29,38,5,4,22,36,9,2,6,32,47,51,15,10,43,8,41,1,53,18,3,20,44,28,16,13,23,26,45,48,57,35,11,17,34,19,27,24,31,40,21,46,14,37,30,33,12,39
2355;50;5,33,12,44,28,7,19,9,2,6,32,29,38,57,35,4,22,36,31,45,47,51,49,26,37,41,1,53,43,8,3,20,40,21,46,48,42,18,16,13,23,10,27,24,50,14,15,17,34,11
2356;50;13,46,48,44,28,7,19,9,2,6,32,29,38,5,4,22,36,31,45,47,51,49,26,37,41,1,53,43,8,3,20,12,18,16,15,42,50,14,24,10,27,23,30,11,17,57,35,34,21,39
2357;52;28,32,2,6,31,45,47,51,49,29,38,5,4,22,36,9,14,24,19,41,1,53,43,8,3,20,44,10,16,13,23,26,37,34,15,42,18,11,17,48,57,35,7,39,46,33,12,30,50,40,21,27
2358;51;33,31,45,47,51,49,29,38,5,4,22,36,9,2,6,32,27,24,19,41,1,53,43,8,3,20,44,28,7,13,23,26,37,34,15,42,18,16,14,21,46,48,57,35,11,17,12,30,10,40,39
2359;51;43,28,7,19,9,2,6,32,29,38,5,4,22,36,31,45,47,51,49,26,37,41,1,53,42,3,20,44,14,24,48,23,18,16,13,12,30,10,27,11,8,34,15,40,21,46,33,39,57,35,17
2360;48;47,5,4,22,36,9,2,6,32,29,38,57,35,23,26,45,42,49,19,41,1,53,43,8,3,20,44,28,7,13,12,18,16,15,10,27,24,48,31,40,21,51,37,34,11,17,46,14
2361;50;35,51,49,29,38,5,4,22,36,9,2,6,32,47,17,3,20,44,28,7,19,41,1,53,43,8,45,23,26,37,34,15,42,18,16,13,12,30,10,27,24,48,57,11,46,14,31,40,21,39
2362;51;21,36,9,2,6,32,29,38,5,4,22,17,3,20,44,28,7,19,41,1,53,43,8,45,47,51,49,26,37,34,15,42,18,16,13,23,10,27,24,48,57,35,11,46,14,31,40,30,33,12,39
2363;51;11,44,28,7,19,9,2,6,32,29,38,5,4,22,36,31,45,47,51,49,26,37,41,1,53,43,8,3,20,12,18,16,13,23,10,27,24,48,42,50,14,21,46,33,40,30,35,34,15,17,57
2364;51;6,29,38,5,4,22,36,9,2,19,41,1,53,43,8,3,20,44,28,7,13,32,47,51,49,26,45,23,18,16,15,42,50,14,24,48,57,35,11,17,34,30,10,27,39,46,33,12,31,40,21
2365;51;7,12,44,28,16,13,32,2,6,31,45,47,51,49,29,38,5,4,22,36,9,14,24,19,41,1,53,43,8,3,20,40,21,46,48,42,18,11,15,10,27,23,26,37,34,30,35,17,57,33,39
2366;50;15,31,45,47,51,49,29,38,5,4,22,36,9,2,6,32,27,24,19,41,1,53,43,8,3,20,44,28,7,13,23,26,37,34,11,17,48,42,18,16,14,21,46,33,12,30,10,57,35,39
2367;52;23,8,41,1,53,43,35,38,5,4,22,36,9,2,6,32,29,27,24,19,3,20,44,28,7,13,12,18,16,15,42,49,26,45,47,51,48,57,34,11,17,10,14,31,40,21,46,33,39,37,30,50
2368;52;57,19,9,2,6,32,29,38,5,4,22,36,31,45,47,51,49,26,37,41,1,53,43,8,3,20,44,28,7,13,23,18,16,15,42,50,14,24,48,34,11,17,12,30,10,27,39,46,33,40,21,35
2369;52;15,13,32,2,6,31,45,47,51,49,29,38,5,4,22,36,9,14,24,19,41,1,53,43,8,3,20,44,28,7,26,37,34,11,17,48,42,18,16,46,23,10,27,39,57,35,12,30,33,40,21,50
2370;52;19,8,41,1,53,43,35,38,5,4,22,36,9,2,6,32,29,27,24,48,44,28,7,13,23,26,45,47,51,49,21,46,14,31,3,20,12,18,16,15,42,50,57,34,11,17,10,40,30,33,39,37
2371;49;7,10,43,8,41,1,53,42,49,29,38,5,4,22,36,9,2,6,32,47,51,15,3,20,44,28,16,13,23,26,45,48,57,35,11,17,34,19,27,24,31,40,21,46,14,37,30,18,39
2372;49;24,23,26,45,47,51,49,29,38,5,4,22,36,9,2,6,32,27,1,53,43,8,41,50,14,31,3,20,44,28,7,19,35,11,15,42,18,16,13,12,30,10,57,34,21,46,48,40,17
2373;49;46,3,20,44,28,7,19,9,2,6,32,29,38,5,4,22,36,31,45,47,51,49,26,37,41,1,53,43,8,34,15,42,18,16,13,23,10,27,24,48,57,35,11,17,12,30,14,21,39
2374;52;26,38,5,4,22,36,9,2,6,32,29,27,24,19,41,1,53,43,8,3,20,44,28,7,13,23,18,16,15,42,49,21,51,48,57,35,11,17,34,30,10,47,12,39,14,31,45,46,33,40,37,50
2375;51;3,47,51,49,29,38,5,4,22,36,9,2,6,32,27,24,19,41,1,53,43,8,45,23,26,37,34,15,42,18,16,13,12,44,28,7,39,14,31,20,40,21,46,48,57,35,11,17,10,50,33
2376;51;16,39,14,24,19,9,2,6,32,29,38,5,4,22,36,31,45,47,51,49,26,37,41,1,53,43,8,3,20,44,28,7,13,23,18,11,15,42,50,57,35,10,27,17,48,34,30,33,12,21,46
2377;48;42,22,36,9,2,6,32,29,38,5,4,28,7,19,41,1,53,43,8,3,20,44,14,24,48,23,26,45,47,51,49,21,46,33,12,18,16,13,40,30,10,27,11,15,17,57,35,34
2378;48;28,27,24,19,9,2,6,32,29,38,5,4,22,36,31,45,47,51,49,26,37,41,1,53,43,8,3,20,44,14,21,46,48,42,18,16,13,23,10,12,30,11,15,7,39,57,35,34
2379;51;12,28,7,19,9,2,6,32,29,38,5,4,22,36,31,45,47,51,49,26,37,41,1,53,43,8,3,20,44,14,24,48,42,18,16,13,23,10,27,11,15,40,21,46,33,39,57,35,34,30,17
2380;51;28,11,8,41,1,53,43,35,38,5,4,22,36,9,2,6,32,29,27,24,19,3,20,44,14,31,45,47,51,49,26,37,34,15,42,18,16,13,23,10,12,30,57,7,39,48,40,21,46,33,17
2381;50;16,22,36,9,2,6,32,29,38,5,4,28,7,19,41,1,53,43,8,3,20,44,14,24,48,42,49,26,45,47,51,15,10,27,18,11,17,57,35,23,31,40,21,46,33,12,30,13,37,34
2382;52;43,42,49,29,38,5,4,22,36,9,2,6,32,47,51,15,10,41,1,53,18,3,20,44,28,7,19,35,23,26,45,48,57,13,12,30,11,8,34,21,46,14,24,31,27,17,16,50,40,39,37,33
2383;47;45,53,43,8,41,1,9,2,6,32,29,38,5,4,22,36,31,3,20,44,28,7,19,35,23,26,37,34,15,42,49,21,51,24,48,57,18,16,13,12,30,10,47,17,46,14,11
2384;47;48,35,38,5,4,22,36,9,2,6,32,29,27,24,19,41,1,53,43,8,3,20,44,28,7,13,23,26,45,47,51,49,21,46,14,31,42,18,16,15,10,12,30,11,17,57,34
2385;52;16,53,43,8,41,1,9,2,6,32,29,38,5,4,22,36,31,45,47,51,49,19,35,23,26,37,34,15,42,3,20,44,28,7,13,12,18,11,17,48,57,24,10,27,14,21,46,33,40,30,50,39
2386;51;14,34,9,2,6,32,29,38,5,4,22,36,31,45,47,51,49,19,41,1,53,43,8,3,20,44,28,7,13,23,26,37,48,42,18,16,15,10,27,24,50,57,35,11,17,12,30,33,40,21,46
2387;48;49,23,26,45,47,51,15,42,3,20,44,28,7,19,9,2,6,32,29,38,5,4,22,36,31,27,24,48,57,35,11,8,41,1,53,43,34,30,10,16,13,12,18,46,14,37,21,39
2388;45;1,31,45,47,51,49,29,38,5,4,22,36,9,2,6,32,27,24,19,41,50,14,37,34,15,42,3,20,44,28,7,13,23,26,8,35,11,17,48,57,18,16,46,53,43
2389;51;6,36,9,2,19,41,1,53,43,8,3,20,44,28,7,13,32,29,38,5,4,22,17,48,42,49,26,45,47,51,15,10,16,14,24,31,27,18,11,23,50,57,35,34,30,33,12,39,46,37,21
2390;50;18,14,24,19,9,2,6,32,29,38,5,4,22,36,31,45,47,51,49,26,37,41,1,53,43,8,3,20,44,28,7,13,23,10,16,15,42,50,57,35,11,17,48,34,30,33,12,39,46,27
2391;52;47,43,8,41,1,53,42,49,29,38,5,4,22,36,9,2,6,32,27,24,19,35,23,26,45,3,20,44,28,7,13,12,18,16,15,10,14,31,40,21,51,48,57,34,11,17,46,33,39,37,30,50
2392;51;21,9,2,6,32,29,38,5,4,22,36,31,45,47,51,49,19,41,1,53,43,8,3,20,44,28,7,13,23,26,37,34,15,42,18,16,14,24,48,57,35,11,17,12,30,10,27,39,46,33,40
2393;48;17,44,28,7,19,9,2,6,32,29,38,5,4,22,36,31,45,47,51,49,26,37,41,1,53,43,8,3,20,12,18,16,13,23,10,27,24,48,42,50,14,21,46,33,40,30,11,15
2394;47;43,1,53,42,49,29,38,5,4,22,36,9,2,6,32,47,51,15,10,41,50,14,24,19,35,23,26,45,3,20,44,28,7,13,12,18,16,46,48,57,34,11,8,40,21,30,17
2395;46;50,46,48,44,28,7,19,9,2,6,32,29,38,5,4,22,36,31,45,47,51,49,26,37,41,1,53,43,8,3,20,12,18,16,13,23,10,27,24,42,21,30,11,15,40,34
2396;51;42,1,53,43,8,41,4,22,36,9,2,6,32,29,38,5,49,19,35,23,26,45,47,51,15,10,16,13,12,44,28,7,39,14,24,48,57,18,3,20,40,21,46,33,11,17,34,30,50,31,27
2397;51;49,4,22,36,9,2,6,32,29,38,5,43,8,41,1,53,42,3,20,44,28,7,19,35,23,26,45,47,51,15,10,16,13,12,18,11,17,48,57,34,30,14,24,31,27,39,46,33,40,21,50
2398;52;23,14,24,19,9,2,6,32,29,38,5,4,22,36,31,45,47,51,49,26,37,41,1,53,43,8,3,20,44,28,7,13,12,18,16,15,42,50,57,35,11,17,48,34,30,10,27,39,46,33,40,21
2399;52;45,11,8,41,1,53,43,35,38,5,4,22,36,9,2,6,32,29,27,24,19,3,20,44,28,7,13,23,26,37,34,15,42,49,21,51,16,14,31,10,47,17,48,57,18,46,33,12,30,50,40,39
2400;50;51,34,9,2,6,32,29,38,5,4,22,36,31,45,47,17,3,20,44,28,7,19,41,1,53,43,8,35,23,26,37,48,42,49,21,46,14,24,10,16,13,12,18,11,15,40,30,57,33,39
2401;51;20,45,47,51,49,29,38,5,4,22,36,9,2,6,32,27,24,19,41,1,53,43,8,3,11,15,42,18,16,13,23,26,37,34,30,10,14,31,44,28,7,39,48,57,35,17,12,21,46,33,40
2402;52;26,53,43,8,41,1,9,2,6,32,29,38,5,4,22,36,31,45,47,51,49,19,35,23,18,3,20,44,28,7,13,12,30,10,16,15,42,50,14,24,48,57,34,11,17,21,46,33,40,39,37,27
2403;49;18,45,47,51,49,29,38,5,4,22,36,9,2,6,32,27,24,19,41,1,53,43,8,3,20,44,28,7,13,23,26,37,34,15,42,50,14,31,35,11,17,48,57,33,12,30,10,16,46
2404;47;53,32,2,6,31,45,47,51,49,29,38,5,4,22,36,9,14,24,19,41,1,7,13,23,26,37,34,15,42,3,20,44,28,16,46,48,57,35,11,8,40,21,30,10,43,18,39
2405;50;41,3,20,44,28,7,19,9,2,6,32,29,38,5,4,22,36,31,45,47,51,49,26,37,34,15,42,18,16,13,23,10,43,8,35,11,17,48,57,24,1,53,21,46,14,12,30,33,40,39
2406;52;5,10,43,8,41,1,53,42,49,29,38,57,35,4,22,36,9,2,6,32,47,51,15,7,19,27,24,48,44,28,16,13,23,26,45,3,20,12,18,11,17,34,30,14,31,40,21,46,33,39,37,50
2407;52;7,23,26,45,47,51,49,29,38,5,4,22,36,9,2,6,32,27,24,19,41,1,53,43,8,3,20,44,28,16,13,12,18,11,15,42,50,14,31,35,10,57,34,30,17,48,40,21,46,33,39,37
2408;47;2,37,41,1,53,43,8,3,20,44,28,7,19,9,14,24,48,42,49,29,38,5,4,22,36,31,45,47,51,15,10,16,13,32,27,18,11,6,40,21,46,23,26,12,30,35,34
2409;48;3,21,51,49,29,38,5,4,22,36,9,2,6,32,47,17,48,44,28,7,19,41,1,53,43,8,45,23,26,37,34,15,42,18,16,13,12,30,10,27,24,31,20,40,46,14,35,11
2410;50;29,42,49,19,9,2,6,32,47,51,15,10,43,8,41,1,53,36,31,45,23,26,37,34,5,4,22,17,3,20,44,28,7,13,38,57,35,11,46,48,27,24,50,14,21,30,18,16,40,39
2411;49;51,13,32,2,6,31,45,47,17,3,20,44,28,7,19,9,14,24,48,42,49,29,38,5,4,22,36,23,26,37,41,1,53,43,8,34,15,10,16,46,33,12,18,11,21,30,35,39,57
2412;51;43,2,6,32,29,38,5,4,22,36,9,14,24,19,41,1,53,42,49,26,45,47,51,15,10,16,13,23,18,3,20,44,28,7,8,34,11,17,48,57,35,12,30,33,40,21,46,37,27,39,31
2413;50;2,46,48,44,28,7,19,9,14,24,1,53,43,8,41,4,22,36,31,45,47,51,49,29,38,5,3,20,12,18,16,13,32,27,23,26,37,34,15,42,50,57,35,11,6,10,40,21,30,17
2414;51;50,43,8,41,1,53,42,49,29,38,5,4,22,36,9,2,6,32,47,51,15,10,16,13,23,26,45,3,20,44,28,7,19,35,11,17,48,57,18,46,14,24,31,27,34,30,33,12,39,37,21
2415;52;29,1,53,43,8,41,4,22,36,9,2,6,32,47,51,49,19,35,38,5,3,20,44,28,7,13,23,26,45,42,18,16,15,10,27,24,48,57,34,11,17,12,30,14,31,40,21,46,33,39,37,50
2416;51;50,51,49,29,38,5,4,22,36,9,2,6,32,47,17,3,20,44,28,7,19,41,1,53,43,8,45,23,26,37,34,15,42,18,16,13,12,30,10,27,24,48,57,35,11,46,14,31,40,21,39
2417;50;16,36,9,2,6,32,29,38,5,4,22,17,3,20,44,28,7,19,41,1,53,43,8,45,47,51,49,26,37,34,15,42,18,11,23,10,27,24,48,57,35,12,30,14,31,40,21,46,33,39
2418;52;2,4,22,36,9,14,24,19,6,32,29,38,5,43,8,41,1,53,42,49,26,45,47,51,15,10,16,13,23,18,3,20,44,28,7,39,48,57,35,11,17,34,30,33,12,27,50,31,40,21,46,37
2419;50;16,34,9,2,6,32,29,38,5,4,22,36,31,45,47,51,49,19,41,1,53,43,8,3,20,44,28,7,13,23,26,37,48,42,18,11,15,10,27,24,50,14,21,46,33,12,30,35,17,57
2420;46;19,18,2,6,32,29,38,5,4,22,36,9,14,24,48,44,28,7,13,23,26,45,47,51,49,21,46,53,43,8,41,1,16,15,42,3,20,12,30,10,27,11,17,57,35,34
2421;50;5,28,7,19,9,2,6,32,29,38,57,35,4,22,36,31,45,47,51,49,26,37,41,1,53,43,8,3,20,44,14,24,48,42,18,16,13,23,10,27,11,15,40,21,46,33,12,30,17,34
2422;51;12,1,53,43,8,41,4,22,36,9,2,6,32,29,38,5,49,19,35,23,26,45,47,51,15,42,3,20,44,28,7,13,40,21,46,48,57,18,16,14,24,10,27,11,17,34,30,33,39,37,31
2423;52;28,3,20,44,14,24,19,9,2,6,32,29,38,5,4,22,36,31,45,47,51,49,26,37,41,1,53,43,8,34,15,42,18,16,13,23,10,27,11,17,48,57,35,7,39,46,33,12,30,50,40,21
2424;52;53,2,6,32,29,38,5,4,22,36,9,14,24,19,41,1,7,13,23,26,45,47,51,49,21,46,48,44,28,16,15,42,3,20,12,18,11,8,34,30,10,43,35,17,57,33,40,39,37,27,50,31
2425;51;35,3,20,44,28,7,19,9,2,6,32,29,38,5,4,22,36,31,45,47,51,49,26,37,41,1,53,43,8,34,15,42,18,16,13,23,10,27,24,48,57,11,17,12,30,14,21,46,33,40,39
2426;50;43,24,19,9,2,6,32,29,38,5,4,22,36,31,45,47,51,49,26,37,41,1,53,42,3,20,44,28,7,13,23,18,16,15,10,27,11,8,34,30,35,17,48,57,33,12,39,14,21,46
2427;51;43,51,49,29,38,5,4,22,36,9,2,6,32,47,17,3,20,44,28,7,19,41,1,53,42,18,16,13,23,26,45,48,57,35,11,8,34,15,10,27,24,31,40,21,46,14,37,30,33,12,39
2428;50;6,8,41,1,53,43,35,38,5,4,22,36,9,2,19,27,24,48,44,28,7,13,32,29,17,3,20,12,18,16,15,42,49,26,45,47,51,23,10,14,31,40,21,46,33,11,37,34,30,57
2429;52;26,40,21,51,49,29,38,5,4,22,36,9,2,6,32,47,17,3,20,44,28,7,19,41,1,53,43,8,45,23,18,16,13,12,30,10,27,24,48,42,50,14,31,35,11,15,37,34,46,33,39,57
2430;48;32,57,35,38,5,4,22,36,9,2,6,31,45,47,51,49,29,27,24,19,41,1,53,43,8,3,20,44,28,7,13,23,26,37,34,15,42,18,16,14,21,46,48,10,12,30,11,17
2431;48;6,24,19,9,2,40,21,51,49,29,38,5,4,22,36,31,45,47,17,3,20,44,28,7,13,32,27,1,53,43,8,41,50,14,37,34,15,42,18,16,46,48,23,26,10,12,30,11
2432;51;27,30,53,43,8,41,1,9,2,6,32,29,38,5,4,22,36,31,45,47,51,49,19,35,23,26,37,34,15,42,3,20,44,28,7,13,12,18,16,14,24,48,57,11,17,10,40,21,46,33,39
2433;50;47,38,5,4,22,36,9,2,6,32,29,27,24,19,41,1,53,43,8,3,20,44,28,7,13,23,26,45,42,49,21,51,15,10,16,14,31,35,11,17,48,57,18,46,33,12,30,50,40,34
2434;51;3,16,13,32,2,6,31,45,47,51,49,29,38,5,4,22,36,9,14,24,19,41,1,53,43,8,34,15,42,18,11,17,48,44,28,7,26,37,10,27,23,20,12,30,35,46,33,40,21,39,57
2435;47;44,23,26,45,47,51,49,29,38,5,4,22,36,9,2,6,32,27,24,19,41,1,53,43,8,3,20,12,18,16,13,40,21,46,48,42,50,14,31,35,11,15,10,57,34,30,17
2436;47;30,48,44,28,7,19,9,2,6,32,29,38,5,4,22,36,31,45,47,51,49,26,37,41,1,53,43,8,3,20,12,18,16,13,23,10,27,24,50,14,21,46,42,11,15,40,34
2437;51;26,31,45,47,51,49,29,38,5,4,22,36,9,2,6,32,27,24,19,41,1,53,43,8,3,20,44,28,7,13,23,18,16,15,42,50,14,37,34,11,17,48,57,35,10,12,30,33,40,21,46
2438;52;36,37,41,1,53,43,8,3,20,44,28,7,19,9,2,6,32,29,38,5,4,22,17,48,42,49,26,45,47,51,15,10,16,13,23,18,11,46,14,24,31,27,34,30,35,12,39,57,33,40,21,50
2439;52;12,42,49,29,38,5,4,22,36,9,2,6,32,47,51,15,10,43,8,41,1,53,18,3,20,44,28,7,19,35,23,26,45,48,57,13,40,21,46,14,24,31,27,11,17,34,30,33,16,50,39,37
2440;51;39,3,20,44,28,7,19,9,2,6,32,29,38,5,4,22,36,31,45,47,51,49,26,37,41,1,53,43,8,34,15,42,18,16,13,23,10,27,24,48,57,35,11,17,12,30,14,21,46,33,40
2441;50;44,36,9,2,6,32,29,38,5,4,22,17,3,20,12,18,16,13,23,26,45,47,51,49,19,41,1,53,43,8,34,15,42,50,14,24,48,57,35,11,10,27,39,28,7,21,46,33,40,30
2442;52;33,13,32,2,6,31,45,47,51,49,29,38,5,4,22,36,9,14,24,19,41,1,53,43,8,3,20,44,28,7,26,37,34,15,42,18,16,46,48,23,10,27,11,17,57,35,12,30,50,40,21,39
2443;47;20,48,44,28,7,19,9,2,6,32,29,38,5,4,22,36,31,45,47,51,49,26,37,41,1,53,43,8,3,24,10,16,13,23,18,11,15,42,50,14,21,46,33,12,30,35,34
2444;52;2,47,51,49,29,38,5,4,22,36,9,14,24,19,6,32,27,1,53,43,8,41,50,13,23,26,45,42,3,20,44,28,7,39,48,57,35,11,15,10,16,46,33,12,18,34,30,17,21,31,40,37
2445;51;31,38,5,4,22,36,9,2,6,32,29,27,24,19,41,1,53,43,8,3,20,44,28,7,13,23,26,45,47,51,49,21,46,48,42,18,16,15,10,14,37,34,11,17,57,35,12,30,33,40,39
2446;50;15,20,44,28,7,19,9,2,6,32,29,38,5,4,22,36,31,45,47,51,49,26,37,41,1,53,43,8,3,24,48,42,18,16,13,23,10,27,11,17,57,35,34,30,14,21,46,33,12,39
2447;50;35,53,43,8,41,1,9,2,6,32,29,38,5,4,22,36,31,45,47,51,49,19,27,24,48,44,28,7,13,23,26,37,34,15,42,3,20,12,18,16,14,21,46,33,40,30,10,57,11,17
2448;51;4,9,2,6,32,29,38,5,43,8,41,1,53,42,49,19,35,23,26,45,47,51,15,10,16,13,12,44,28,7,22,36,31,3,20,40,21,46,48,57,18,11,17,34,30,14,24,50,39,37,27
2449;52;21,38,5,4,22,36,9,2,6,32,29,27,24,19,41,1,53,43,8,3,20,44,28,7,13,23,26,45,47,51,49,12,18,16,15,42,50,14,31,35,11,17,48,57,34,30,10,40,46,33,39,37
2450;46;28,17,3,20,44,14,24,19,9,2,6,32,29,38,5,4,22,36,31,45,47,51,49,26,37,41,1,53,43,8,34,15,42,18,16,13,23,10,27,11,46,48,57,35,7,39
2451;50;3,23,26,45,47,51,49,29,38,5,4,22,36,9,2,6,32,27,24,19,41,1,53,43,8,34,15,42,18,16,13,12,44,28,7,39,14,31,20,40,21,46,48,57,35,11,17,10,50,33
2452;52;21,5,4,22,36,9,2,6,32,29,38,57,35,23,26,45,47,51,49,19,41,1,53,43,8,3,20,44,28,7,13,12,18,16,15,42,50,14,24,48,31,27,11,17,34,30,10,40,46,33,39,37
2453;44;53,41,1,9,2,6,32,29,38,5,4,22,36,31,45,47,51,49,19,35,23,26,37,34,15,42,3,20,44,28,7,13,12,18,16,14,24,48,57,11,8,46,33,43
2454;52;21,47,51,49,29,38,5,4,22,36,9,2,6,32,27,24,19,41,1,53,43,8,3,20,44,28,7,13,23,26,45,42,18,16,15,10,14,31,35,11,17,48,57,34,30,33,12,39,46,37,50,40
2455;48;8,39,14,24,19,9,2,6,32,29,38,5,4,22,36,31,45,47,51,49,26,37,41,1,53,43,35,23,18,3,20,44,28,7,13,12,30,10,16,15,42,50,57,34,11,17,48,27
2456;52;28,51,49,29,38,5,4,22,36,9,2,6,32,47,17,3,20,44,14,24,19,41,1,53,43,8,45,23,26,37,34,15,42,18,16,13,12,30,10,27,11,46,48,57,35,7,39,31,40,21,50,33
2457;45;53,9,2,6,32,29,38,5,4,22,36,31,45,47,51,49,19,41,1,7,13,23,26,37,34,15,42,3,20,44,28,16,14,24,48,57,35,11,8,46,33,12,18,39,43
2458;50;17,23,26,45,47,51,49,29,38,5,4,22,36,9,2,6,32,27,24,19,41,1,53,43,8,3,20,44,28,7,13,12,18,16,15,42,50,14,31,35,11,10,57,34,30,33,40,21,46,48
2459;51;30,3,20,44,28,7,19,9,2,6,32,29,38,5,4,22,36,31,45,47,51,49,26,37,41,1,53,43,8,34,15,42,18,16,13,23,10,27,24,48,57,35,11,17,12,39,14,21,46,33,40
2460;51;36,7,19,9,2,6,32,29,38,5,4,22,17,3,20,44,28,16,13,23,26,45,47,51,49,21,46,48,42,18,11,8,41,1,53,43,35,10,27,24,31,40,30,57,34,15,37,33,12,39,14
2461;51;39,23,26,45,47,51,49,29,38,5,4,22,36,9,2,6,32,27,24,19,41,1,53,43,8,3,20,44,28,7,13,12,18,16,15,42,50,14,31,35,11,17,48,57,34,30,10,40,21,46,33
2462;52;49,30,53,43,8,41,1,9,2,6,32,29,38,5,4,22,36,31,45,47,51,15,42,3,20,44,28,7,19,35,23,26,37,34,11,17,48,57,18,16,13,12,39,14,24,10,27,50,40,21,46,33
2463;51;16,4,22,36,9,2,6,32,29,38,5,43,8,41,1,53,42,49,19,35,23,26,45,47,51,15,10,27,24,48,44,28,7,13,12,18,3,20,40,21,46,14,31,17,57,34,11,37,30,33,39
2464;50;27,35,38,5,4,22,36,9,2,6,32,29,53,43,8,41,1,7,19,3,20,44,28,16,13,23,26,45,47,51,49,21,46,48,42,18,11,15,10,14,24,31,40,30,57,34,12,39,37,17
2465;51;31,49,29,38,5,4,22,36,9,2,6,32,47,51,15,42,3,20,44,28,7,19,41,1,53,43,8,45,23,26,37,34,11,17,48,57,35,10,16,13,12,18,46,14,24,50,40,21,30,33,39
2466;48;18,7,19,9,2,6,32,29,38,5,4,22,36,31,45,47,51,49,26,37,41,1,53,43,8,3,20,44,28,16,13,23,10,27,24,48,42,50,14,21,46,33,12,30,11,15,40,34
2467;47;31,7,19,9,2,6,32,29,38,5,4,22,36,23,26,45,47,51,49,21,46,48,44,28,16,13,12,18,3,20,43,8,41,1,53,42,50,14,24,10,27,11,15,40,30,35,34
2468;51;16,6,32,2,19,9,14,24,48,44,28,7,13,38,5,4,22,36,31,45,47,51,49,29,27,1,53,43,8,41,50,57,35,23,26,37,34,15,42,3,20,12,18,11,17,10,40,21,46,33,39
2469;49;4,53,43,8,41,1,9,2,6,32,29,38,5,49,19,35,23,26,45,47,51,15,42,3,20,44,28,7,13,12,18,16,14,24,48,57,34,11,17,10,27,39,46,33,40,21,30,36,31
2470;52;19,4,22,36,9,2,6,32,29,38,5,43,8,41,1,53,42,49,26,45,47,51,15,10,16,13,23,18,3,20,44,28,7,39,14,24,48,57,35,11,17,34,30,33,12,27,50,31,40,21,46,37
2471;50;34,24,19,9,2,6,32,29,38,5,4,22,36,31,45,47,51,49,26,37,41,1,53,43,8,3,20,44,28,7,13,23,18,16,15,42,50,14,21,46,48,57,35,11,17,12,30,10,27,39
2472;52;47,35,38,5,4,22,36,9,2,6,32,29,27,24,19,41,1,53,43,8,3,20,44,28,7,13,23,26,45,42,49,21,51,15,10,16,14,31,40,46,48,57,18,11,17,34,30,33,12,39,37,50
2473;52;53,47,51,49,29,38,5,4,22,36,9,2,6,32,27,24,19,41,1,7,13,23,26,45,42,3,20,44,28,16,15,10,43,8,34,11,17,48,57,35,12,18,46,14,31,40,21,30,33,39,37,50
2474;52;42,23,26,45,47,51,49,29,38,5,4,22,36,9,2,6,32,27,24,19,41,1,53,43,8,3,20,44,28,7,13,12,18,16,15,10,14,31,35,11,17,48,57,34,30,33,40,21,46,37,50,39
2475;52;57,23,26,45,47,51,49,29,38,5,4,22,36,9,2,6,32,27,24,19,41,1,53,43,8,3,20,44,28,7,13,12,18,16,15,42,50,14,31,35,11,17,48,34,30,10,40,21,46,33,39,37
2476;51;26,43,8,41,1,53,42,49,29,38,5,4,22,36,9,2,6,32,47,51,15,10,16,13,23,18,3,20,44,28,7,19,35,11,17,48,57,34,30,14,24,31,45,12,39,46,33,40,21,27,50
2477;47;47,24,19,9,2,6,32,29,38,5,4,22,36,31,45,23,26,37,41,1,53,43,8,3,20,44,28,7,13,12,18,16,15,42,49,21,51,48,57,35,11,17,34,30,10,27,14
2478;51;49,33,12,44,28,7,19,9,2,6,32,29,38,5,4,22,36,31,45,47,51,15,42,3,20,43,8,41,1,53,18,16,13,23,26,37,34,11,17,48,57,35,10,27,24,50,14,21,46,30,39
2479;51;26,47,51,49,29,38,5,4,22,36,9,2,6,32,27,24,19,41,1,53,43,8,3,20,44,28,7,13,23,18,16,15,42,50,14,31,45,48,57,35,11,17,34,30,10,12,39,46,33,40,21
2480;51;49,45,47,51,15,42,3,20,44,28,7,19,9,2,6,32,29,38,5,4,22,36,31,27,24,48,23,26,37,41,1,53,43,8,34,11,17,57,35,10,16,13,12,18,46,14,21,30,33,40,39
2481;52;33,15,42,49,29,38,5,4,22,36,9,2,6,32,47,51,24,19,41,1,53,43,8,3,20,44,28,7,13,23,26,45,48,57,35,11,17,34,30,10,16,14,31,27,18,46,12,39,37,21,50,40
2482;51;11,47,51,49,29,38,5,4,22,36,9,2,6,32,27,24,19,41,1,53,43,8,3,20,44,28,7,13,23,26,45,42,18,16,15,10,14,31,35,34,30,57,33,12,39,48,40,21,46,37,17
2483;49;16,7,19,9,2,6,32,29,38,5,4,22,36,31,45,47,51,49,26,37,41,1,53,43,8,3,20,44,28,21,46,48,42,18,11,15,10,27,24,50,14,35,23,30,57,13,12,39,34
2484;50;48,19,9,2,6,32,29,38,5,4,22,36,31,45,47,51,49,26,37,41,1,53,43,8,3,20,44,28,7,13,23,18,16,15,42,50,14,24,10,27,11,17,57,35,34,30,33,12,39,46
2485;50;38,40,21,51,49,29,36,9,2,6,32,47,17,3,20,44,28,7,19,41,1,53,43,8,45,23,26,37,34,15,42,18,16,13,12,30,10,27,24,48,57,35,4,22,50,14,31,46,33,11
2486;49;13,31,45,47,51,49,29,38,5,4,22,36,9,2,6,32,27,24,19,41,1,53,43,8,3,20,44,28,7,26,37,34,15,42,18,16,14,21,46,48,23,10,12,30,11,17,57,35,39
2487;52;14,28,7,19,9,2,6,32,29,38,5,4,22,36,31,45,47,51,49,26,37,41,1,53,43,8,3,20,44,10,16,13,23,18,11,15,42,50,57,35,24,48,34,30,17,12,39,46,33,40,21,27
2488;51;32,12,44,28,7,19,9,2,6,31,45,47,51,49,29,38,5,4,22,36,23,26,37,41,1,53,43,8,3,20,40,21,46,48,42,18,16,13,27,24,10,14,35,11,15,17,57,34,30,33,39
2489;51;45,30,53,43,8,41,1,9,2,6,32,29,38,5,4,22,36,31,3,20,44,28,7,19,35,23,26,37,34,15,42,49,21,51,24,48,57,18,16,13,12,39,14,47,17,10,27,11,46,33,40
2490;50;2,42,49,29,38,5,4,22,36,9,14,24,19,6,32,47,51,15,10,43,8,41,1,53,18,3,20,44,28,7,13,23,26,45,48,57,35,11,17,34,30,33,12,39,46,37,16,50,31,27
2491;50;20,18,2,6,32,29,38,5,4,22,36,9,14,24,19,41,1,53,43,8,3,11,15,42,49,26,45,47,51,16,13,23,10,27,17,48,44,28,7,39,46,33,12,30,35,34,21,31,40,57
2492;51;7,2,6,32,29,38,5,4,22,36,9,14,24,19,41,1,53,43,8,3,20,44,28,16,13,23,26,45,47,51,49,21,46,48,42,18,11,15,10,27,17,57,35,34,30,33,12,39,37,31,40
2493;52;40,4,22,36,9,2,6,32,29,38,5,43,8,41,1,53,42,49,19,35,23,26,45,47,51,15,10,16,13,12,44,28,7,39,14,24,48,57,18,3,20,37,34,11,17,21,46,33,27,50,31,30
2494;50;12,37,41,1,53,43,8,3,20,44,28,7,19,9,2,6,32,29,38,5,4,22,36,31,45,47,51,49,26,27,24,48,42,18,16,13,23,10,14,21,46,33,40,30,11,15,17,57,35,34
2495;51;1,49,29,38,5,4,22,36,9,2,6,32,47,51,15,42,3,20,44,28,7,19,41,50,14,24,48,23,26,45,17,53,43,8,34,11,10,16,13,12,18,46,33,40,21,30,35,37,27,39,57
2496;51;17,42,49,29,38,5,4,22,36,9,2,6,32,47,51,15,10,43,8,41,1,53,18,3,20,44,28,7,19,35,23,26,45,48,57,13,12,30,11,46,14,24,31,27,34,21,39,37,16,50,40
2497;52;45,2,6,32,29,38,5,4,22,36,9,14,24,19,41,1,53,43,8,3,20,44,28,7,13,23,26,37,34,15,42,49,21,51,16,46,48,57,35,11,17,18,47,30,10,27,39,31,40,12,50,33
2498;47;10,20,44,28,7,19,9,2,6,32,29,38,5,4,22,36,31,45,47,51,49,26,37,41,1,53,43,8,3,24,48,42,18,16,13,23,50,14,21,46,33,12,30,11,15,40,34
2499;49;57,41,1,53,43,8,3,20,44,28,7,19,9,2,6,32,29,38,5,4,22,36,31,45,47,51,49,26,37,34,15,42,18,16,13,23,10,27,24,48,11,17,12,30,35,46,14,21,39
2500;50;26,57,35,38,5,4,22,36,9,2,6,32,29,27,24,19,41,1,53,43,8,3,20,44,28,7,13,23,18,16,15,42,49,21,51,48,31,45,47,17,34,11,10,14,37,30,33,12,39,46
2501;51;33,34,9,2,6,32,29,38,5,4,22,36,31,45,47,51,49,19,41,1,53,43,8,3,20,44,28,7,13,23,26,37,48,42,18,16,15,10,27,24,50,14,21,46,12,30,11,17,57,35,39
2502;52;13,26,45,47,51,49,29,38,5,4,22,36,9,2,6,32,27,24,19,41,1,53,43,8,3,20,44,28,7,39,14,31,42,18,16,15,10,12,30,11,17,48,23,50,57,35,34,21,46,33,40,37
2503;45;41,29,38,5,4,22,36,9,2,6,32,47,51,49,19,35,23,26,45,42,3,20,44,28,7,13,12,18,16,15,10,43,8,34,1,53,21,46,48,57,24,31,27,11,17
2504;49;15,28,7,19,9,2,6,32,29,38,5,4,22,36,31,45,47,51,49,26,37,41,1,53,43,8,3,20,44,14,24,48,42,18,16,13,23,10,27,11,17,57,35,34,30,33,12,39,46
2505;48;20,28,7,19,9,2,6,32,29,38,5,4,22,36,31,45,47,51,49,26,37,41,1,53,43,8,3,24,48,44,14,21,46,23,18,16,13,12,30,10,27,11,15,42,50,57,35,34
2506;50;12,16,13,32,2,6,31,45,47,51,49,29,38,5,4,22,36,9,14,24,19,41,1,53,43,8,3,20,44,28,7,26,37,34,15,42,18,11,17,48,23,10,27,39,46,33,40,21,30,35
2507;2;36,23
2508;2;195,187
2509;2;39,14
2510;2;39,30
2511;2;39,47
2512;2;39,35
2513;3;39,49,14
2514;2;39,43
2515;2;39,6
2516;2;39,24
2517;2;36,15
2518;2;17,37
2519;2;39,38
2520;3;36,49,14
2521;2;17,50
2522;2;39,48
2523;2;36,18
2524;2;39,1
2525;2;36,13
2526;2;17,18
2527;2;39,9
2528;2;39,2
2529;2;39,19
2530;2;39,37
2531;2;39,26
2532;2;36,44
2533;2;39,13
2534;2;36,50
2535;2;39,4
2536;3;39,17,37
2537;2;39,29
2538;2;39,15
2539;2;36,16
2540;2;39,11
2541;2;36,40
2542;2;36,28
2543;2;39,22
2544;2;39,20
2545;3;36,39,14
2546;2;39,34
2547;2;39,40
2548;2;36,5
2549;2;39,32
2550;2;17,40
2551;3;39,39,14
2552;2;39,7
2553;2;39,50
2554;2;36,37
2555;2;39,3
2556;2;17,23
2557;2;39,18
2558;2;39,23
2559;2;39,21
2560;2;39,14
2561;2;39,30
2562;2;39,47
2563;2;39,35
2564;2;39,49
2565;2;39,43
2566;2;39,28
2567;2;39,6
2568;2;39,24
2569;2;39,38
2570;2;39,51
2571;2;39,48
2572;2;39,1
2573;2;39,46
2574;2;39,9
2575;2;39,2
2576;2;39,53
2577;2;39,41
2578;2;39,19
2579;2;39,37
2580;2;39,26
2581;2;39,13
2582;2;39,4
2583;2;39,12
2584;2;39,33
2585;2;39,8
2586;2;39,29
2587;2;39,15
2588;2;39,16
2589;2;39,45
2590;2;39,11
2591;2;39,10
2592;2;39,5
2593;2;39,22
2594;2;39,20
2595;2;39,57
2596;2;39,42
2597;2;39,34
2598;2;39,27
2599;2;39,40
2600;2;39,32
2601;2;39,31
2602;2;39,44
2603;2;39,7
2604;2;39,50
2605;2;39,3
2606;2;39,18
2607;2;39,23
2608;2;39,21
2609;2;31,11
2610;2;11,31
2611;3;16,11,31
2612;3;15,11,31
2613;2;31,11
2614;3;16,31,11
2615;3;15,31,11
2616;3;16,11,31
2617;3;15,11,31
2618;2;31,11
2619;3;16,31,11
2620;3;15,31,11
2621;3;7,41,27
2622;3;33,16,15
2623;3;35,41,27
2624;2;36,27
2625;3;37,41,27
2626;3;39,41,27
2627;2;42,27
2628;3;43,15,16
2629;3;48,41,27
2630;2;70,71
2631;2;85,86
2632;2;115,86
2633;2;119,79
2634;2;31,11
2635;3;36,15,16
2636;3;43,16,15
2637;2;48,27
2638;2;7,27
2639;2;35,27
2640;3;33,41,27
2641;3;36,41,27
2642;2;37,27
2643;3;36,16,15
2644;2;85,143
2645;3;42,41,27
2646;2;11,31
2647;2;33,27
2648;2;39,27
2649;2;115,143
2650;3;33,15,16
2651;2;31,11
2652;2;11,31
2653;2;31,11
2654;2;11,31
2655;3;33,11,31
2656;3;36,31,11
2657;3;39,11,31
2658;2;15,50
2659;2;16,50
2660;3;17,11,31
2661;3;16,11,31
2662;3;36,11,31
2663;2;15,18
2664;3;15,11,31
2665;2;15,37
2666;2;16,37
2667;3;16,31,11
2668;2;16,18
2669;3;33,31,11
2670;3;39,31,11
2671;3;15,31,11
2672;3;17,31,11
2673;2;31,11
2674;2;11,31
2675;3;16,11,31
2676;3;15,11,31
2677;2;31,11
2678;3;16,31,11
2679;3;15,31,11
2680;2;31,11
2681;2;11,31
2682;2;1,39
2683;2;2,17
2684;2;3,17
2685;2;4,36
2686;2;5,17
2687;2;6,36
2688;2;7,17
2689;2;8,36
2690;2;9,17
2691;2;10,39
2692;2;11,36
2693;2;12,17
2694;2;13,17
2695;2;14,39
2696;2;15,39
2697;2;16,36
2698;2;18,17
2699;2;19,17
2700;2;20,36
2701;2;21,17
2702;2;22,36
2703;2;23,17
2704;2;24,36
2705;2;26,39
2706;2;27,36
2707;2;28,36
2708;2;29,36
2709;2;30,17
2710;2;31,36
2711;2;32,36
2712;2;33,17
2713;2;34,36
2714;2;35,17
2715;2;37,36
2716;2;38,36
2717;2;40,17
2718;2;41,17
2719;2;42,17
2720;2;43,36
2721;2;44,39
2722;2;45,17
2723;2;46,39
2724;2;47,17
2725;2;48,39
2726;2;49,39
2727;2;50,36
2728;2;51,36
2729;2;53,17
2730;2;57,36
2731;6;1,17,40,36,23,39
2732;6;2,17,40,36,23,39
2733;6;3,17,40,36,23,39
2734;6;4,36,23,39,40,17
2735;6;5,17,40,36,23,39
2736;6;6,39,40,17,23,36
2737;6;7,39,40,17,23,36
2738;6;8,17,40,36,23,39
2739;6;9,36,23,39,40,17
2740;6;10,36,23,39,40,17
2741;6;11,17,40,36,23,39
2742;6;12,39,40,17,23,36
2743;6;13,17,40,36,23,39
2744;6;14,36,23,39,40,17
2745;6;15,39,40,17,23,36
2746;6;16,17,40,36,23,39
2747;6;19,39,40,17,23,36
2748;6;20,36,23,39,40,17
2749;6;21,17,40,36,23,39
2750;6;22,36,23,39,40,17
2751;6;24,36,23,39,40,17
2752;6;18,36,23,39,40,17
2753;6;26,39,40,17,23,36
2754;6;27,17,40,36,23,39
2755;6;28,36,23,39,40,17
2756;6;29,36,23,39,40,17
2757;6;30,17,40,36,23,39
2758;6;31,39,40,17,23,36
2759;6;32,39,40,17,23,36
2760;6;33,39,40,17,23,36
2761;6;34,39,40,17,23,36
2762;6;35,17,40,36,23,39
2763;6;37,17,40,36,23,39
2764;6;38,17,40,36,23,39
2765;6;41,39,40,17,23,36
2766;6;42,17,40,36,23,39
2767;6;43,17,40,36,23,39
2768;6;44,39,40,17,23,36
2769;6;45,39,40,17,23,36
2770;6;46,17,40,36,23,39
2771;6;47,17,40,36,23,39
2772;6;48,36,23,39,40,17
2773;6;49,17,40,36,23,39
2774;6;50,36,23,39,40,17
2775;6;51,17,40,36,23,39
2776;6;53,36,23,39,40,17
2777;2;54,56
2778;6;57,36,23,39,40,17
2779;2;64,56
2780;2;67,68
2781;2;74,75
2782;2;82,68
2783;2;102,175
2784;6;22,17,40,36,23,39
2785;6;26,17,40,36,23,39
2786;6;53,17,40,36,23,39
2787;6;29,17,40,36,23,39
2788;6;51,36,23,39,40,17
2789;6;15,36,23,39,40,17
2790;6;10,39,40,17,23,36
2791;6;47,39,40,17,23,36
2792;6;51,39,40,17,23,36
2793;2;67,99
2794;6;7,36,23,39,40,17
2795;6;15,17,40,36,23,39
2796;6;45,17,40,36,23,39
2797;2;67,75
2798;6;49,36,23,39,40,17
2799;6;19,36,23,39,40,17
2800;6;49,39,40,17,23,36
2801;2;74,99
2802;6;21,39,40,17,23,36
2803;6;2,36,23,39,40,17
2804;6;31,17,40,36,23,39
2805;6;2,39,40,17,23,36
2806;6;19,17,40,36,23,39
2807;6;29,39,40,17,23,36
2808;6;42,36,23,39,40,17
2809;6;27,36,23,39,40,17
2810;6;38,39,40,17,23,36
2811;6;50,39,40,17,23,36
2812;6;32,36,23,39,40,17
2813;6;57,17,40,36,23,39
2814;6;10,17,40,36,23,39
2815;2;82,99
2816;6;38,36,23,39,40,17
2817;6;32,17,40,36,23,39
2818;6;48,17,40,36,23,39
2819;6;34,36,23,39,40,17
2820;6;28,39,40,17,23,36
2821;6;41,17,40,36,23,39
2822;6;4,17,40,36,23,39
2823;6;27,39,40,17,23,36
2824;6;1,39,40,17,23,36
2825;6;30,36,23,39,40,17
2826;2;74,68
2827;6;44,17,40,36,23,39
2828;6;24,17,40,36,23,39
2829;6;20,39,40,17,23,36
2830;6;48,39,40,17,23,36
2831;6;45,36,23,39,40,17
2832;6;43,36,23,39,40,17
2833;5;36,40,17,23,39
2834;6;14,39,40,17,23,36
2835;6;3,36,23,39,40,17
2836;6;47,36,23,39,40,17
2837;6;4,39,40,17,23,36
2838;2;64,145
2839;6;8,36,23,39,40,17
2840;6;9,17,40,36,23,39
2841;6;33,36,23,39,40,17
2842;6;5,36,23,39,40,17
2843;6;26,36,23,39,40,17
2844;6;14,17,40,36,23,39
2845;6;11,39,40,17,23,36
2846;6;37,39,40,17,23,36
2847;6;7,17,40,36,23,39
2848;6;13,36,23,39,40,17
2849;6;9,39,40,17,23,36
2850;6;22,39,40,17,23,36
2851;6;35,36,23,39,40,17
2852;6;41,36,23,39,40,17
2853;2;82,75
2854;6;57,39,40,17,23,36
2855;6;20,17,40,36,23,39
2856;6;11,36,23,39,40,17
2857;4;40,39,23,36
2858;6;5,39,40,17,23,36
2859;6;53,39,40,17,23,36
2860;6;24,39,40,17,23,36
2861;6;37,36,23,39,40,17
2862;6;3,39,40,17,23,36
2863;6;6,17,40,36,23,39
2864;6;33,17,40,36,23,39
2865;6;31,36,23,39,40,17
2866;6;30,39,40,17,23,36
2867;6;1,36,23,39,40,17
2868;6;43,39,40,17,23,36
2869;6;35,39,40,17,23,36
2870;6;21,36,23,39,40,17
2871;6;16,39,40,17,23,36
2872;6;6,36,23,39,40,17
2873;6;12,36,23,39,40,17
2874;6;42,39,40,17,23,36
2875;6;46,39,40,17,23,36
2876;6;13,39,40,17,23,36
2877;6;16,36,23,39,40,17
2878;2;54,145
2879;6;18,39,40,17,23,36
2880;6;46,36,23,39,40,17
2881;6;44,36,23,39,40,17
2882;6;28,17,40,36,23,39
2883;6;34,17,40,36,23,39
2884;6;8,39,40,17,23,36
2885;6;12,17,40,36,23,39
2886;4;23,17,40,36
2887;6;18,17,40,36,23,39
2888;6;50,17,40,36,23,39
2889;4;1,17,39,36
2890;4;2,17,39,36
2891;4;3,17,39,36
2892;4;4,36,17,39
2893;4;5,17,39,36
2894;4;6,39,36,17
2895;4;7,39,36,17
2896;4;8,17,39,36
2897;4;9,36,17,39
2898;4;10,36,17,39
2899;4;11,17,39,36
2900;4;12,39,36,17
2901;4;13,17,39,36
2902;4;14,36,17,39
2903;4;15,39,36,17
2904;4;16,17,39,36
2905;4;18,36,17,39
2906;4;19,39,36,17
2907;4;20,36,17,39
2908;4;21,17,39,36
2909;4;22,36,17,39
2910;4;23,36,17,39
2911;4;24,36,17,39
2912;4;26,39,36,17
2913;4;27,17,39,36
2914;4;28,36,17,39
2915;4;29,36,17,39
2916;4;30,17,39,36
2917;4;31,39,36,17
2918;4;32,39,36,17
2919;4;33,39,36,17
2920;4;34,39,36,17
2921;4;35,17,39,36
2922;4;37,17,39,36
2923;4;38,17,39,36
2924;4;40,17,39,36
2925;4;41,39,36,17
2926;4;42,17,39,36
2927;4;43,17,39,36
2928;4;44,39,36,17
2929;4;45,39,36,17
2930;4;46,17,39,36
2931;4;47,17,39,36
2932;4;48,36,17,39
2933;4;49,17,39,36
2934;4;50,36,17,39
2935;4;51,17,39,36
2936;4;53,36,17,39
2937;4;57,36,17,39
2938;4;22,17,39,36
2939;4;36,36,17,39
2940;4;26,17,39,36
2941;4;53,17,39,36
2942;4;29,17,39,36
2943;4;51,36,17,39
2944;4;15,36,17,39
2945;4;10,39,36,17
2946;4;47,39,36,17
2947;4;51,39,36,17
2948;4;7,36,17,39
2949;4;15,17,39,36
2950;4;45,17,39,36
2951;3;17,36,39
2952;4;49,36,17,39
2953;4;19,36,17,39
2954;4;49,39,36,17
2955;4;21,39,36,17
2956;4;2,36,17,39
2957;4;31,17,39,36
2958;4;2,39,36,17
2959;4;19,17,39,36
2960;4;29,39,36,17
2961;4;42,36,17,39
2962;4;27,36,17,39
2963;4;38,39,36,17
2964;4;50,39,36,17
2965;4;32,36,17,39
2966;4;57,17,39,36
2967;4;10,17,39,36
2968;4;38,36,17,39
2969;4;32,17,39,36
2970;4;48,17,39,36
2971;4;34,36,17,39
2972;4;28,39,36,17
2973;4;41,17,39,36
2974;4;4,17,39,36
2975;4;27,39,36,17
2976;4;1,39,36,17
2977;3;39,17,36
2978;4;30,36,17,39
2979;4;44,17,39,36
2980;4;24,17,39,36
2981;4;20,39,36,17
2982;4;48,39,36,17
2983;4;45,36,17,39
2984;4;43,36,17,39
2985;4;17,17,39,36
2986;4;14,39,36,17
2987;4;3,36,17,39
2988;4;47,36,17,39
2989;4;4,39,36,17
2990;4;8,36,17,39
2991;4;9,17,39,36
2992;4;33,36,17,39
2993;4;5,36,17,39
2994;4;26,36,17,39
2995;4;14,17,39,36
2996;4;40,36,17,39
2997;4;11,39,36,17
2998;4;37,39,36,17
2999;4;7,17,39,36
3000;4;13,36,17,39
3001;4;9,39,36,17
3002;4;22,39,36,17
3003;4;35,36,17,39
3004;4;41,36,17,39
3005;4;57,39,36,17
3006;4;20,17,39,36
3007;4;11,36,17,39
3008;4;40,39,36,17
3009;4;5,39,36,17
3010;4;53,39,36,17
3011;4;24,39,36,17
3012;4;37,36,17,39
3013;4;3,39,36,17
3014;4;6,17,39,36
3015;4;33,17,39,36
3016;4;31,36,17,39
3017;4;30,39,36,17
3018;4;1,36,17,39
3019;4;43,39,36,17
3020;4;35,39,36,17
3021;4;21,36,17,39
3022;4;16,39,36,17
3023;4;6,36,17,39
3024;4;12,36,17,39
3025;4;42,39,36,17
3026;4;39,39,36,17
3027;4;46,39,36,17
3028;4;13,39,36,17
3029;4;16,36,17,39
3030;4;18,39,36,17
3031;4;46,36,17,39
3032;4;44,36,17,39
3033;4;28,17,39,36
3034;4;34,17,39,36
3035;4;8,39,36,17
3036;4;23,39,36,17
3037;4;12,17,39,36
3038;4;23,17,39,36
3039;4;18,17,39,36
3040;4;50,17,39,36
3041;4;1,53,57,2
3042;2;10,12
3043;4;11,53,57,2
3044;4;15,57,2,53
3045;4;16,2,57,53
3046;4;18,2,57,53
3047;4;23,53,57,2
3048;4;27,53,57,2
3049;2;31,12
3050;2;33,12
3051;4;35,2,57,53
3052;4;36,53,57,2
3053;4;37,53,57,2
3054;4;39,2,57,53
3055;4;40,57,2,53
3056;4;41,57,2,53
3057;4;42,53,57,2
3058;4;43,53,57,2
3059;2;45,12
3060;2;47,12
3061;4;50,57,2,53
3062;4;51,53,57,2
3063;2;1,12
3064;4;33,57,2,53
3065;4;50,53,57,2
3066;4;36,57,2,53
3067;4;37,2,57,53
3068;4;33,2,57,53
3069;2;11,12
3070;4;1,57,2,53
3071;4;47,57,2,53
3072;4;39,53,57,2
3073;2;43,12
3074;4;57,57,2,53
3075;4;11,2,57,53
3076;4;33,53,57,2
3077;4;18,57,2,53
3078;4;10,53,57,2
3079;4;42,57,2,53
3080;4;42,2,57,53
3081;4;51,2,57,53
3082;4;41,53,57,2
3083;4;50,2,57,53
3084;4;37,57,2,53
3085;4;40,53,57,2
3086;4;10,57,2,53
3087;4;31,57,2,53
3088;4;15,2,57,53
3089;4;36,2,57,53
3090;4;16,57,2,53
3091;4;45,57,2,53
3092;4;15,53,57,2
3093;4;39,57,2,53
3094;2;23,12
3095;4;51,57,2,53
3096;4;31,2,57,53
3097;2;40,12
3098;2;51,12
3099;4;43,57,2,53
3100;4;27,57,2,53
3101;4;23,57,2,53
3102;4;35,57,2,53
3103;4;45,53,57,2
3104;4;16,53,57,2
3105;4;43,2,57,53
3106;4;47,53,57,2
3107;3;53,2,57
3108;4;18,53,57,2
3109;4;35,53,57,2
3110;4;11,57,2,53
3111;4;45,2,57,53
3112;4;31,53,57,2
3113;2;36,42
3114;2;6,35
3115;2;40,35
3116;2;11,42
3117;2;15,42
3118;2;16,42
3119;2;23,42
3120;2;31,42
3121;2;15,35
3122;2;31,35
3123;2;40,42
3124;2;16,35
3125;2;23,35
3126;2;36,35
3127;2;6,42
3128;2;11,35
3129;2;3,49
3130;2;7,49
3131;2;10,49
3132;2;11,49
3133;2;12,49
3134;2;14,49
3135;2;15,49
3136;2;16,49
3137;2;143,49
3138;2;18,49
3139;2;20,49
3140;2;21,49
3141;2;22,49
3142;2;23,49
3143;2;26,49
3144;2;27,49
3145;2;31,49
3146;2;32,49
3147;2;33,49
3148;2;35,49
3149;2;37,49
3150;2;40,49
3151;2;41,49
3152;2;42,49
3153;2;43,49
3154;2;45,49
3155;2;48,49
3156;2;50,49
3157;2;51,49
3158;2;11,8
3159;2;31,8
3160;2;33,12
3161;2;10,6
3162;2;11,3
3163;2;31,3
3164;2;33,32
3165;2;11,12
3166;2;11,32
3167;2;31,12
3168;2;31,32
3169;2;37,43
3170;2;11,25
3171;2;15,33
3172;2;16,33
3173;2;18,43
3174;2;31,25
3175;2;15,51
3176;2;16,51
3177;2;16,45
3178;2;16,43
3179;2;15,45
3180;2;15,43
3181;2;18,45
3182;4;33,4,46,30
3183;4;11,4,46,30
3184;4;45,4,46,30
3185;4;15,4,46,30
3186;4;16,4,46,30
3187;4;31,4,46,30
3188;4;30,30,46,4
3189;4;46,46,4,30
3190;3;30,4,46
3191;4;4,4,46,30
3192;2;1,44
3193;2;3,44
3194;2;10,5
3195;2;11,5
3196;2;12,5
3197;2;13,5
3198;2;15,5
3199;2;16,28
3200;2;20,44
3201;2;21,5
3202;2;22,28
3203;2;23,5
3204;2;26,28
3205;2;27,28
3206;2;29,5
3207;2;31,44
3208;2;32,28
3209;2;33,5
3210;2;34,5
3211;2;35,28
3212;2;36,44
3213;2;40,5
3214;2;41,28
3215;2;42,44
3216;2;47,44
3217;2;51,44
3218;2;47,28
3219;2;6,6
3220;2;16,44
3221;2;10,44
3222;2;20,5
3223;2;16,5
3224;2;22,44
3225;2;22,5
3226;2;36,28
3227;2;1,28
3228;2;1,5
3229;2;40,44
3230;2;26,44
3231;2;36,5
3232;2;40,28
3233;2;23,28
3234;2;47,5
3235;2;10,28
3236;2;26,5
3237;2;33,44
3238;2;21,44
3239;2;20,28
3240;4;33,4,46,30
3241;4;11,46,4,30
3242;4;45,4,46,30
3243;4;15,30,46,4
3244;4;16,46,4,30
3245;4;31,46,4,30
3246;4;33,46,4,30
3247;4;15,46,4,30
3248;4;15,4,46,30
3249;3;30,4,46
3250;4;16,30,46,4
3251;4;33,30,46,4
3252;4;45,46,4,30
3253;4;16,4,46,30
3254;4;45,30,46,4
3255;2;51,33
3256;2;45,33
3257;2;45,33
3258;2;51,33
3259;2;45,33
3260;2;43,33
3261;2;51,33
3262;2;45,33
3263;2;43,33
3264;2;51,33
3265;2;45,33
3266;2;43,33
3267;2;51,33
3268;2;45,33
3269;2;43,33
3270;2;51,33
3271;2;45,33
3272;2;43,33
3273;2;51,33
3274;2;45,33
3275;2;43,33
3276;2;51,33
3277;2;45,33
3278;2;43,33
3279;2;51,33
3280;2;45,33
3281;2;43,33
3282;2;51,33
3283;2;45,33
3284;2;43,33
3285;5;13,51,33,43,45
3286;4;45,33,43,51
3287;4;45,43,51,33
3288;4;13,33,43,45
3289;4;13,43,45,33
3290;4;33,45,43,51
3291;5;13,45,33,43,51
3292;4;51,43,45,33
3293;2;43,33
3294;2;45,33
3295;2;51,33
3296;2;45,33
3297;2;43,33
3298;2;51,33
3299;2;45,33
3300;2;43,33
3301;2;43,33
3302;2;45,33
3303;2;51,33
3304;2;45,33
3305;2;43,33
3306;2;51,33
3307;2;45,33
3308;2;43,33
3309;2;51,33
3310;2;45,33
3311;2;43,33
3312;2;51,33
3313;2;45,33
3314;2;43,33
3315;2;51,33
3316;2;45,33
3317;2;43,33
3318;5;18,51,33,43,45
3319;5;20,43,45,33,51
3320;5;21,43,45,33,51
3321;5;22,51,33,43,45
3322;5;23,51,33,43,45
3323;5;26,45,33,43,51
3324;5;27,43,45,33,51
3325;5;31,51,33,43,45
3326;5;32,43,45,33,51
3327;5;35,43,45,33,51
3328;5;37,51,33,43,45
3329;5;40,45,33,43,51
3330;5;41,45,33,43,51
3331;5;42,43,45,33,51
3332;5;50,33,43,45,51
3333;5;42,45,33,43,51
3334;5;27,51,33,43,45
3335;5;41,33,43,45,51
3336;5;22,33,43,45,51
3337;4;45,43,33,51
3338;5;40,51,33,43,45
3339;5;42,51,33,43,45
3340;5;22,45,33,43,51
3341;4;51,45,33,43
3342;5;35,33,43,45,51
3343;5;22,43,45,33,51
3344;5;26,51,33,43,45
3345;5;41,43,45,33,51
3346;5;18,43,45,33,51
3347;4;33,45,51,43
3348;5;23,43,45,33,51
3349;5;32,33,43,45,51
3350;5;37,43,45,33,51
3351;5;37,45,33,43,51
3352;5;23,33,43,45,51
3353;5;42,33,43,45,51
3354;5;40,33,43,45,51
3355;5;26,33,43,45,51
3356;5;40,43,45,33,51
3357;5;20,51,33,43,45
3358;5;27,33,43,45,51
3359;5;50,45,33,43,51
3360;5;20,33,43,45,51
3361;5;35,45,33,43,51
3362;5;35,51,33,43,45
3363;5;32,45,33,43,51
3364;5;37,33,43,45,51
3365;5;20,45,33,43,51
3366;5;18,45,33,43,51
3367;5;50,43,45,33,51
3368;5;23,45,33,43,51
3369;5;27,45,33,43,51
3370;5;41,51,33,43,45
3371;5;18,33,43,45,51
3372;5;26,43,45,33,51
3373;2;51,33
3374;2;45,33
3375;2;43,33
3376;2;51,33
3377;2;45,33
3378;2;43,33
3379;2;51,33
3380;2;45,33
3381;2;43,33
3382;2;51,33
3383;2;45,33
3384;2;43,33
3385;2;36,9
3386;2;36,31
3387;2;36,42
3388;2;36,23
3389;2;36,47
3390;2;36,22
3391;2;36,53
3392;2;36,57
3393;2;36,27
3394;2;16,50
3395;2;36,29
3396;3;36,15,50
3397;2;36,12
3398;2;36,32
3399;2;36,49
3400;2;36,10
3401;2;36,18
3402;2;36,34
3403;2;36,13
3404;2;36,19
3405;2;36,11
3406;2;36,51
3407;2;36,30
3408;2;36,26
3409;2;36,14
3410;2;36,38
3411;2;15,18
3412;2;36,44
3413;2;36,46
3414;2;36,50
3415;2;36,3
3416;2;36,41
3417;2;36,1
3418;2;36,8
3419;3;36,16,50
3420;2;36,40
3421;2;36,35
3422;2;36,33
3423;2;36,4
3424;2;36,28
3425;2;15,37
3426;2;36,21
3427;2;36,45
3428;2;36,2
3429;2;16,37
3430;2;36,43
3431;2;16,18
3432;2;36,20
3433;2;36,5
3434;2;36,24
3435;2;36,48
3436;2;36,37
3437;2;36,7
3438;2;36,6
3439;2;131,59
3440;2;132,59
3441;2;137,59
3442;2;138,59
3443;2;139,59
3444;2;142,59
3445;2;144,59
3446;2;147,59
3447;2;148,59
3448;2;149,59
3449;2;150,59
3450;2;151,59
3451;2;152,59
3452;2;153,59
3453;2;154,59
3454;2;156,59
3455;2;157,59
3456;2;160,59
3457;2;161,59
3458;2;162,163
3459;2;168,59
3460;2;169,59
3461;2;170,59
3462;2;171,59
3463;2;58,59
3464;2;60,59
3465;2;62,59
3466;2;63,59
3467;2;69,59
3468;2;73,59
3469;2;76,59
3470;2;78,59
3471;2;83,59
3472;2;87,59
3473;2;88,59
3474;2;92,59
3475;2;93,59
3476;2;98,59
3477;2;106,59
3478;2;107,59
3479;2;111,59
3480;2;112,59
3481;2;116,59
3482;2;118,59
3483;2;120,59
3484;2;123,59
3485;2;125,59
3486;2;127,59
3487;2;67,102
3488;2;15,7
3489;2;16,48
3490;2;15,48
3491;2;16,7
3492;4;1,7,48,34
3493;4;2,7,48,34
3494;4;3,7,48,34
3495;4;4,7,48,34
3496;4;5,7,48,34
3497;5;6,48,34,7,21
3498;5;8,48,34,7,21
3499;5;9,48,34,7,21
3500;4;10,7,48,34
3501;4;11,7,48,34
3502;4;12,7,48,34
3503;5;13,48,34,7,21
3504;4;14,7,48,34
3505;4;15,7,48,34
3506;5;16,21,7,48,34
3507;5;17,48,34,7,21
3508;5;18,48,34,7,21
3509;5;19,48,34,7,21
3510;4;20,7,48,34
3511;5;22,48,34,7,21
3512;4;23,7,48,34
3513;5;24,48,34,7,21
3514;5;26,48,34,7,21
3515;5;27,48,34,7,21
3516;4;28,7,48,34
3517;5;29,48,34,7,21
3518;4;30,7,48,34
3519;5;31,48,34,7,21
3520;4;32,7,48,34
3521;4;33,7,48,34
3522;4;35,7,48,34
3523;5;36,34,7,48,21
3524;5;37,48,34,7,21
3525;4;38,7,48,34
3526;5;39,48,34,7,21
3527;5;40,48,34,7,21
3528;5;41,48,34,7,21
3529;5;42,48,34,7,21
3530;4;43,7,48,34
3531;5;44,48,34,7,21
3532;5;45,48,34,7,21
3533;5;46,48,34,7,21
3534;4;47,7,48,34
3535;4;49,7,48,34
3536;5;50,48,34,7,21
3537;4;51,7,48,34
3538;5;53,48,34,7,21
3539;5;57,48,34,7,21
3540;4;22,7,48,34
3541;5;5,48,34,7,21
3542;5;15,48,34,7,21
3543;5;16,48,34,7,21
3544;4;13,7,48,34
3545;5;51,48,34,7,21
3546;4;24,7,48,34
3547;3;48,7,21
3548;4;19,7,48,34
3549;5;12,48,34,7,21
3550;4;37,7,48,34
3551;4;8,7,48,34
3552;4;17,7,48,34
3553;4;40,7,48,34
3554;4;29,7,48,34
3555;4;57,7,48,34
3556;5;43,48,34,7,21
3557;4;41,7,48,34
3558;5;35,48,34,7,21
3559;4;46,7,48,34
3560;4;34,48,7,21
3561;5;1,48,34,7,21
3562;5;2,48,34,7,21
3563;4;42,7,48,34
3564;4;50,7,48,34
3565;5;32,48,34,7,21
3566;4;21,48,34,7
3567;4;7,34,48,21
3568;5;36,21,7,48,34
3569;5;49,48,34,7,21
3570;5;4,48,34,7,21
3571;5;11,48,34,7,21
3572;5;10,48,34,7,21
3573;5;33,48,34,7,21
3574;5;14,48,34,7,21
3575;5;38,48,34,7,21
3576;4;45,7,48,34
3577;5;39,34,7,48,21
3578;4;27,7,48,34
3579;5;3,48,34,7,21
3580;5;15,21,7,48,34
3581;4;53,7,48,34
3582;4;6,7,48,34
3583;5;36,48,34,7,21
3584;4;9,7,48,34
3585;5;15,34,7,48,21
3586;5;16,34,7,48,21
3587;4;44,7,48,34
3588;5;30,48,34,7,21
3589;5;23,48,34,7,21
3590;5;20,48,34,7,21
3591;5;28,48,34,7,21
3592;4;26,7,48,34
3593;4;36,7,48,34
3594;4;18,7,48,34
3595;4;31,7,48,34
3596;5;39,21,7,48,34
3597;4;16,7,48,34
3598;5;47,48,34,7,21
3599;2;1,25
3600;2;2,25
3601;2;3,25
3602;2;4,25
3603;2;5,25
3604;2;6,25
3605;2;7,25
3606;2;8,25
3607;2;9,25
3608;2;10,25
3609;2;12,25
3610;2;13,25
3611;2;14,25
3612;2;17,25
3613;2;18,25
3614;2;19,25
3615;2;20,25
3616;2;21,25
3617;2;22,25
3618;2;23,25
3619;2;24,25
3620;2;26,25
3621;2;27,25
3622;2;28,25
3623;2;29,25
3624;2;30,25
3625;2;32,25
3626;2;33,25
3627;2;133,89
3628;2;35,25
3629;3;36,31,25
3630;2;37,25
3631;2;38,25
3632;2;34,25
3633;2;40,25
3634;2;41,25
3635;2;42,25
3636;2;43,25
3637;2;44,25
3638;2;45,25
3639;2;46,25
3640;2;47,25
3641;2;48,25
3642;2;49,25
3643;2;50,25
3644;2;51,25
3645;2;53,25
3646;2;54,89
3647;2;57,25
3648;2;186,89
3649;2;190,89
3650;2;64,89
3651;2;39,25
3652;2;71,80
3653;2;79,80
3654;2;85,80
3655;2;102,103
3656;2;108,103
3657;2;115,80
3658;2;124,103
3659;2;36,25
3660;3;36,15,25
3661;2;11,25
3662;3;36,11,25
3663;2;36,16
3664;2;36,29
3665;3;37,13,29
3666;2;15,29
3667;3;16,13,29
3668;3;50,13,29
3669;3;18,13,29
3670;3;36,13,29
3671;2;16,29
3672;3;15,13,29
3673;2;36,47
3674;2;39,47
3675;2;17,47
3676;2;17,1
3677;2;36,10
3678;2;39,1
3679;2;36,1
3680;2;39,10
3681;2;17,10
3682;2;33,25
3683;2;36,31
3684;2;43,25
3685;2;15,11
3686;2;16,11
3687;2;36,11
3688;2;16,31
3689;2;15,31
3690;2;36,31
3691;2;36,11
3692;2;36,31
3693;2;36,11
3694;2;36,31
3695;2;15,11
3696;2;16,11
3697;2;36,25
3698;2;36,11
3699;2;16,31
3700;2;15,31
3701;2;15,61
3702;2;16,19
3703;2;15,77
3704;2;15,24
3705;2;15,19
3706;2;16,61
3707;2;16,77
3708;2;16,24
3709;2;11,6
3710;2;15,6
3711;2;16,6
3712;2;31,6
3713;2;130,59
3714;2;131,59
3715;2;132,59
3716;2;137,59
3717;2;139,59
3718;2;142,59
3719;2;146,59
3720;2;147,59
3721;2;149,59
3722;2;150,59
3723;2;153,59
3724;2;154,59
3725;2;160,59
3726;2;162,163
3727;2;167,59
3728;2;168,59
3729;2;169,59
3730;2;171,59
3731;2;172,59
3732;2;173,59
3733;2;177,59
3734;2;63,59
3735;2;69,59
3736;2;72,59
3737;2;73,59
3738;2;78,59
3739;2;83,59
3740;2;87,59
3741;2;88,59
3742;2;98,59
3743;2;107,59
3744;2;116,59
3745;2;120,59
3746;2;123,59
3747;2;126,59
3748;2;127,59
3749;3;11,15,16
3750;3;31,16,15
3751;3;11,16,15
3752;3;31,15,16
3753;3;36,15,16
3754;2;16,15
3755;3;36,16,15
3756;2;33,49
3757;2;36,49
3758;2;37,49
3759;2;7,49
3760;2;11,25
3761;2;14,49
3762;2;15,49
3763;2;16,49
3764;2;18,49
3765;2;48,49
3766;2;31,25
3767;2;15,6
3768;2;16,6
3769;2;36,6
3770;2;133,110
3771;2;102,110
3772;2;40,25
3773;2;15,39
3774;2;16,17
3775;2;23,36
3776;2;15,36
3777;2;15,17
3778;2;23,25
3779;2;40,36
3780;2;40,39
3781;2;16,39
3782;2;16,36
3783;2;23,17
3784;2;1,17
3785;2;33,39
3786;2;40,39
3787;2;10,36
3788;2;11,17
3789;2;43,17
3790;2;12,17
3791;2;47,17
3792;2;15,39
3793;2;16,17
3794;2;23,36
3795;2;31,39
3796;2;36,36
3797;2;15,36
3798;2;10,39
3799;2;47,39
3800;2;15,17
3801;2;31,17
3802;2;10,17
3803;2;1,39
3804;2;17,17
3805;2;47,36
3806;2;11,39
3807;2;11,36
3808;2;31,36
3809;2;1,36
3810;2;16,39
3811;2;39,39
3812;2;16,36
3813;2;23,39
3814;2;23,17
3815;3;36,42,35
3816;3;7,42,35
3817;3;48,42,35
3818;3;27,42,35
3819;3;36,35,42
3820;3;48,35,42
3821;3;27,35,42
3822;3;7,35,42
3823;2;36,42
3824;2;36,27
3825;2;36,41
3826;2;36,35
3827;3;27,42,35
3828;3;36,42,35
3829;3;36,35,42
3830;3;27,35,42
3831;2;36,42
3832;2;133,134
3833;2;36,27
3834;2;36,41
3835;2;36,35
3836;2;36,23
3837;2;36,40
3838;2;36,23
3839;2;36,40
3840;2;36,23
3841;2;36,40
3842;2;36,23
3843;2;36,40
3844;2;36,23
3845;2;36,40
3846;2;36,23
3847;2;36,40
3848;2;36,23
3849;2;102,54
3850;2;108,64
3851;2;124,54
3852;2;36,10
3853;2;36,40
3854;2;108,54
3855;3;6,11,25
3856;3;41,11,25
3857;3;15,11,25
3858;3;16,11,25
3859;3;27,11,25
3860;3;27,31,25
3861;3;41,31,25
3862;3;16,31,25
3863;3;15,31,25
3864;2;67,68
3865;2;67,75
3866;2;17,39
3867;2;36,39
3868;2;26,21
3869;2;20,21
3870;2;22,21
3871;2;36,47
3872;2;36,10
3873;2;36,1
3874;2;28,5
3875;2;44,5
3876;2;51,33
3877;2;43,33
3878;2;33,13
3879;2;37,13
3880;2;45,13
3881;2;15,13
3882;2;18,13
3883;2;50,13
3884;2;51,13
3885;2;119,79
3886;2;70,71
3887;2;36,22
3888;2;36,26
3889;2;36,20
3890;3;10,47,1
3891;3;47,10,1
3892;3;1,10,47
3893;3;1,47,10
3894;4;34,20,22,26
3895;4;7,22,20,26
3896;4;48,26,20,22
3897;4;21,20,22,26
3898;4;7,26,20,22
3899;4;21,26,20,22
3900;4;34,26,20,22
3901;4;48,20,22,26
3902;3;26,22,20
3903;4;7,20,22,26
3904;4;48,22,20,26
3905;4;21,22,20,26
3906;4;34,22,20,26
3907;2;40,23
3908;2;23,40
3909;2;40,23
3910;2;23,40
3911;2;40,23
3912;2;23,40
3913;2;40,23
3914;2;40,23
3915;2;40,23
3916;2;23,40
3917;2;40,23
3918;2;40,23
3919;2;40,23
3920;2;23,40
3921;2;40,23
3922;2;40,23
3923;2;40,23
3924;2;40,23
3925;2;23,40
3926;2;40,23
3927;2;40,23
3928;2;40,23
3929;2;40,23
3930;2;40,23
3931;2;40,23
3932;2;23,40
3933;2;40,23
3934;2;23,40
3935;2;11,25
3936;2;15,24
3937;2;16,90
3938;2;31,25
3939;2;16,109
3940;2;15,19
3941;2;16,19
3942;2;15,90
3943;2;15,109
3944;2;16,24
3945;2;15,24
3946;2;16,90
3947;2;16,109
3948;2;15,19
3949;2;16,19
3950;2;15,90
3951;2;15,109
3952;2;16,24
3953;2;11,17
3954;2;31,39
3955;2;31,17
3956;2;11,39
3957;2;11,36
3958;2;31,36
3959;2;33,32
3960;2;40,32
3961;2;11,32
3962;2;43,32
3963;2;45,32
3964;2;51,32
3965;2;23,32
3966;2;31,32
3967;2;33,16
3968;2;35,16
3969;2;41,16
3970;2;42,16
3971;2;43,16
3972;2;45,16
3973;2;15,16
3974;2;51,16
3975;2;27,16
3976;2;67,81
3977;2;67,158
3978;2;33,25
3979;2;6,25
3980;2;11,25
3981;2;45,25
3982;2;31,25
3983;2;133,89
3984;2;6,25
3985;2;11,25
3986;2;15,25
3987;2;31,25
3988;2;33,25
3989;2;164,85
3990;2;43,25
3991;2;45,25
3992;2;50,48
3993;2;67,94
3994;2;70,115
3995;2;114,115
3996;2;117,121
3997;2;119,85
3998;2;67,100
3999;2;67,113
4000;2;67,82
4001;2;67,121
4002;2;50,7
4003;2;67,155
4004;2;11,25
4005;2;31,25
4006;3;15,11,25
4007;3;16,11,25
4008;3;16,31,25
4009;3;15,31,25
4010;2;6,25
4011;2;11,25
4012;2;51,25
4013;2;31,25
4014;2;11,25
4015;2;31,25
4016;2;36,12
4017;2;36,32
4018;2;11,23
4019;2;31,40
4020;2;11,40
4021;2;31,23
4022;2;16,11
4023;2;15,11
4024;2;16,31
4025;2;15,31
4026;2;33,51
4027;2;45,51
4028;2;43,51
4029;2;45,51
4030;2;45,51
4031;2;33,51
4032;2;45,51
4033;2;43,51
4034;2;33,51
4035;2;45,51
4036;2;43,51
4037;2;33,51
4038;2;45,51
4039;2;43,51
4040;2;33,51
4041;2;45,51
4042;2;43,51
4043;2;33,51
4044;2;45,51
4045;2;43,51
4046;2;33,51
4047;2;45,51
4048;2;43,51
4049;2;33,51
4050;2;45,51
4051;2;43,51
4052;2;33,51
4053;2;45,51
4054;2;43,51
4055;2;33,51
4056;2;45,51
4057;2;43,51
4058;2;33,51
4059;2;45,51
4060;2;43,51
4061;2;33,51
4062;2;45,51
4063;2;43,51
4064;2;33,51
4065;2;45,51
4066;2;43,51
4067;2;33,51
4068;2;45,51
4069;2;43,51
4070;2;33,51
4071;2;45,51
4072;2;43,51
4073;2;33,51
4074;2;45,51
4075;2;43,51
4076;2;33,51
4077;2;45,51
4078;2;43,51
4079;2;33,51
4080;2;45,51
4081;2;43,51
4082;2;33,43
4083;2;45,43
4084;2;51,43
4085;2;33,43
4086;2;45,43
4087;2;51,43
4088;2;33,43
4089;2;45,43
4090;2;51,43
4091;2;33,43
4092;2;45,43
4093;2;51,43
4094;2;33,43
4095;2;45,43
4096;2;51,43
4097;2;33,43
4098;2;45,43
4099;2;51,43
4100;2;51,43
4101;2;45,43
4102;2;51,43
4103;2;45,43
4104;2;33,43
4105;2;45,43
4106;2;51,43
4107;2;33,43
4108;2;45,43
4109;2;51,43
4110;2;33,43
4111;2;45,43
4112;2;51,43
4113;2;33,43
4114;2;45,43
4115;2;51,43
4116;2;33,43
4117;2;45,43
4118;2;51,43
4119;2;33,43
4120;2;45,43
4121;2;33,43
4122;2;45,43
4123;2;51,43
4124;2;33,43
4125;2;45,43
4126;2;51,43
4127;2;33,43
4128;2;45,43
4129;2;51,43
4130;2;6,6
4131;2;36,34
4132;2;36,21
4133;2;11,39
4134;2;31,39
4135;2;48,39
4136;2;11,39
4137;2;31,39
4138;2;40,31
4139;2;23,31
4140;2;33,43
4141;2;33,43
4142;2;33,43
4143;2;33,43
4144;2;33,43
4145;2;67,104
4146;2;117,104
4147;2;33,51
4148;2;43,51
4149;2;33,51
4150;2;43,51
4151;2;33,51
4152;2;43,51
4153;2;33,51
4154;2;51,45
4155;2;43,45
4156;2;33,45
4157;2;51,45
4158;2;43,45
4159;2;33,45
4160;2;51,45
4161;2;43,45
4162;2;33,45
4163;2;51,45
4164;2;43,45
4165;2;33,45
4166;2;33,45
4167;2;43,45
4168;2;51,45
4169;2;43,45
4170;2;33,45
4171;2;51,45
4172;2;43,45
4173;2;33,45
4174;2;51,45
4175;2;43,45
4176;2;33,45
4177;2;51,45
4178;2;43,45
4179;2;51,45
4180;2;43,45
4181;2;33,45
4182;2;33,45
4183;2;43,45
4184;2;43,45
4185;2;51,45
4186;2;43,45
4187;2;33,45
4188;2;51,45
4189;2;43,45
4190;2;33,45
4191;2;51,45
4192;2;43,45
4193;2;33,45
4194;2;51,45
4195;2;43,45
4196;2;33,45
4197;2;51,45
4198;2;43,45
4199;2;33,45
4200;2;51,45
4201;2;43,45
4202;2;33,45
4203;2;51,45
4204;2;43,45
4205;2;33,45
4206;2;51,45
4207;2;43,45
4208;2;33,45
4209;2;51,45
4210;2;43,45
4211;2;33,45
4212;2;43,45
4213;2;51,45
4214;2;43,45
4215;2;33,45
4216;2;51,45
4217;2;43,45
4218;2;33,45
4219;2;51,45
4220;2;43,45
4221;2;33,45
4222;2;102,110
4223;3;129,102,110
4224;2;102,129
4225;3;129,102,110
4226;2;23,40
4227;2;23,40
4228;2;23,40
4229;2;23,40
4230;2;23,40
4231;2;23,40
4232;2;23,40
4233;2;23,40
4234;2;23,40
4235;2;23,40
4236;2;23,40
4237;2;51,45
4238;2;51,45
4239;2;51,45
4240;3;8,38,9
4241;3;9,38,8
4242;3;9,8,38
4243;3;8,9,38
4244;2;33,13
4245;2;43,13
4246;2;45,13
4247;2;51,13
4248;2;33,13
4249;2;43,13
4250;2;45,13
4251;2;51,13
4252;2;11,37
4253;2;36,37
4254;2;31,37
4255;2;33,45
4256;2;33,45
4257;2;70,115
4258;2;119,85
4259;2;29,13
4260;2;43,33
4261;2;43,33
4262;2;43,33
4263;2;43,33
4264;2;43,33
4265;2;110,102
4266;2;51,43
4267;2;36,48
4268;2;43,51
4269;2;43,51
4270;2;43,51
4271;2;102,129
4272;2;31,25
# FIM DA LISTA DE CAMINHOS
