INSTANCE_NAME:edges_to_ports_202202100000.anon
HEURISTIC:K-Bounded Greedy Fragmentation Heuristic (K-BGFH)
K:25
SELECTED_SUBPATHS:1960
RUN_TIME_SECONDS:40.776761
TOTAL_UNIQUE_EDGES:2603

# SELECTED FRAGMENTS (path_id;start_edge_index;num_edges;vertex_sequence)
1;0;25;20->23->15->42->49->29->38->14->46->8->3->11->43->9->2->6->16->21->51->47->44->10->31->45->39->30
1;25;25;30->24->5->4->32->53->26->35->50->13->22->36->57->18->41->19->34->1->12->27->17->48->28->7->40->33
1540;23;25;7->13->23->26->45->47->51->49->21->46->48->42->18->16->15->10->14->31->40->30->11->17->57->34->12->39
1905;17;25;49->26->8->41->1->53->43->35->23->18->3->20->44->28->16->13->12->30->10->27->24->48->42->50->14->21
636;25;25;51->33->57->35->43->3->11->8->48->28->7->19->9->37->46->31->10->17->27->1->34->40->36->22->41->50
1674;26;25;26->45->14->24->10->16->13->12->18->11->15->40->21->46->33->39->37->34->30->35->22->36->31->27->50->57
1176;26;25;47->22->36->9->3->11->8->35->43->34->1->50->13->17->57->31->33->46->19->41->10->40->7->28->37->27
2016;26;25;14->24->19->41->1->53->43->8->34->15->10->27->11->46->48->57->35->7->39->28->21->30->33->40->37->31
70;23;25;38->12->53->42->49->19->34->51->47->17->48->16->21->1->50->13->30->24->33->57->35->41->18->27->6->40
994;26;25;8->3->28->2->19->9->5->4->32->27->24->48->41->1->34->13->22->36->18->50->40->46->43->7->17->37
110;26;25;31->33->57->35->4->32->21->1->50->13->22->36->27->24->5->16->28->7->41->48->30->46->37->18->40->17
759;22;25;44->10->29->38->37->48->5->43->9->50->13->22->36->31->11->30->24->1->34->19->41->35->7->28->49->57
1840;21;25;13->32->2->6->48->44->28->7->19->35->23->26->37->34->11->17->3->20->12->18->46->14->24->50->57->33
2089;26;25;26->45->47->51->15->10->16->46->48->57->35->11->17->34->30->18->24->31->27->39->37->21->50->40->12->33
255;21;25;12->27->44->10->31->33->57->35->47->22->36->32->21->51->40->34->19->23->7->4->5->30->24->48->28->41
230;25;25;30->23->26->50->13->22->36->9->12->53->18->41->24->48->51->33->57->34->1->19->27->17->37->28->7->21
1852;16;25;19->9->14->24->48->38->5->4->22->36->23->26->37->41->1->53->43->8->34->29->27->18->16->46->33->12
1682;26;25;15->10->43->8->41->1->53->36->31->27->23->50->14->37->34->11->17->57->35->16->13->40->21->46->30->39
1834;26;25;44->28->7->43->8->3->20->12->18->16->15->42->11->17->53->31->27->34->30->10->57->35->37->33->40->39
2056;23;25;31->45->47->51->49->26->27->18->16->13->23->10->42->50->57->35->11->15->7->39->48->34->30->17->12->21
176;26;25;31->11->8->3->28->7->19->34->1->4->32->27->24->5->43->40->46->50->13->30->41->10->39->18->37->17
256;0;25;49->42->40->2->20->23->15->33->12->53->26->45->39->14->46->8->3->11->43->9->5->4->32->6->16->21
355;21;25;46->35->47->44->10->29->38->6->16->15->42->49->57->31->33->18->22->36->27->1->34->51->40->48->43->17
855;26;25;36->31->45->39->30->24->48->12->53->26->35->41->19->34->1->57->38->37->28->7->29->17->27->18->33->10
1141;24;25;16->21->51->33->12->53->4->32->27->24->5->31->22->41->19->34->1->50->13->30->57->18->28->7->48->40
1566;25;25;42->3->20->44->28->7->13->12->18->16->14->24->48->57->11->17->10->27->39->46->33->40->21->30->50->31
1693;0;25;22->33->12->44->28->7->19->9->2->6->32->29->38->5->4->51->49->26->45->47->17->3->20->36->31->42
2042;26;25;47->51->15->3->20->12->18->16->13->23->31->27->11->17->57->35->34->30->36->46->33->40->21->39->37->50
2497;26;25;26->37->34->15->42->49->21->51->16->46->48->57->35->11->17->18->47->30->10->27->39->31->40->12->50->33
105;22;25;3->11->8->47->44->10->31->33->12->53->43->35->50->13->22->36->57->48->51->46->21->1->34->7->41->17
272;24;25;11->30->53->26->45->39->35->50->13->22->36->9->2->19->34->1->12->27->18->32->17->48->57->7->28->33
374;25;25;45->39->30->24->5->4->32->27->1->34->33->57->35->50->18->41->19->36->22->48->28->7->26->37->46->40
1600;24;25;43->8->41->1->53->18->3->20->32->27->23->26->37->34->11->6->40->21->46->33->16->13->39->57->35->17
1614;26;25;48->42->18->16->13->23->10->27->11->15->40->21->46->14->22->17->57->35->4->33->12->30->50->39->34->5
1926;24;25;20->44->14->24->19->35->23->26->45->48->57->13->12->30->11->17->34->21->46->33->40->7->39->37->16->50
117;26;25;43->9->37->48->44->10->31->22->36->47->17->57->35->50->13->40->34->51->7->19->41->1->27->18->21->28
261;26;25;47->44->10->29->38->37->48->57->35->50->13->22->36->31->40->34->1->41->24->7->19->30->17->27->49->28
410;25;25;16->21->51->33->18->41->9->37->48->28->7->19->34->1->8->17->27->11->43->40->46->31->10->22->36->13
486;21;25;8->5->4->32->2->6->16->21->1->9->37->48->57->31->33->18->41->24->10->17->27->22->36->34->19->50
531;6;25;19->23->26->45->39->14->20->24->5->4->32->2->40->46->8->3->11->43->9->12->53->36->31->44->10->47
698;25;25;10->29->38->13->22->36->31->40->46->35->47->17->57->18->41->24->1->34->51->49->27->50->7->28->43->21
1133;24;25;10->31->11->43->35->41->24->5->53->26->45->39->30->32->27->1->12->48->57->18->34->33->40->7->19->17
1739;20;25;28->7->13->38->5->48->42->18->16->15->10->27->24->31->45->23->26->37->34->11->17->57->35->12->30->14
1799;26;25;7->13->23->18->3->20->12->30->53->43->8->34->15->42->21->46->33->40->57->35->11->17->16->27->39->10
2043;0;25;5->11->8->41->1->53->43->35->38->57->18->2->6->32->29->36->9->14->24->19->27->23->26->45->47->51
2213;0;25;53->15->42->49->29->38->5->4->22->36->9->2->6->32->47->51->24->19->41->1->7->13->23->26->45->3
2229;24;25;27->1->53->43->8->41->12->18->3->20->40->21->46->23->26->37->34->15->42->11->17->57->35->10->16->30
100;25;25;38->37->48->57->35->43->3->11->8->28->7->19->9->50->13->22->36->31->40->46->49->17->27->1->34->18
185;20;25;32->2->6->19->9->3->11->8->48->51->33->57->35->43->34->1->50->13->22->36->31->10->21->7->41->46
253;23;25;8->3->11->43->35->50->13->22->41->45->39->30->53->26->1->12->27->18->57->31->33->40->34->7->28->10
287;23;25;11->8->3->28->7->45->39->30->53->26->35->43->9->12->27->1->34->33->57->18->41->50->48->36->22->46
357;26;25;53->26->35->50->13->22->36->9->2->19->34->1->12->27->18->41->48->57->17->37->28->7->46->33->32->40
718;26;25;8->3->28->2->19->9->37->48->24->4->32->27->1->34->30->46->50->13->22->36->18->41->17->7->40->43
866;25;25;43->9->37->26->45->39->30->24->48->57->35->50->13->22->36->53->18->41->19->34->1->33->40->7->28->27
899;23;25;34->51->47->44->10->6->39->30->24->48->12->53->26->45->18->41->1->50->13->22->36->31->33->57->35->27
1105;26;25;44->10->35->4->32->27->24->5->30->46->48->57->18->41->19->34->33->40->7->13->22->36->50->37->28->17
1148;26;25;34->1->53->26->45->39->35->43->40->46->4->32->27->24->5->13->22->41->50->57->18->37->48->12->17->33
1266;24;25;35->43->53->26->45->39->30->41->1->12->38->37->48->57->31->33->18->22->36->27->17->34->13->40->10->28
1592;20;25;36->31->3->20->12->18->16->15->42->50->57->35->4->22->17->53->43->8->41->1->40->21->46->33->11->10
1734;22;25;3->24->48->42->18->16->13->32->27->1->53->43->8->41->50->14->37->34->15->10->12->30->11->23->26->46
1744;0;25;32->1->53->43->8->41->4->22->36->9->2->6->31->45->47->51->49->29->38->5->3->20->44->28->7->19
1815;19;25;8->3->20->44->28->7->13->23->26->45->42->18->16->15->10->14->31->35->11->17->48->57->34->30->51->37
1889;22;25;23->26->37->34->15->42->3->20->44->28->7->13->12->18->16->14->24->48->57->33->43->46->10->27->17->21
2233;23;25;29->27->43->8->41->50->57->35->23->26->37->34->15->42->3->20->12->18->16->46->53->21->30->10->40->11
2745;0;5;15->39->40->17->23->36
3319;0;4;20->43->45->33->51
37;24;25;21->51->47->44->10->29->38->37->48->57->35->50->13->22->36->31->17->27->24->1->34->19->30->41->49->18
179;24;25;39->30->6->16->21->1->44->10->31->33->57->35->47->22->36->27->18->41->19->34->13->17->48->28->7->50
197;0;25;46->5->4->32->2->20->23->15->42->49->29->38->14->50->13->22->36->9->3->11->8->6->16->21->51->47
244;26;25;34->1->53->26->45->39->30->24->5->4->32->27->18->41->12->22->48->57->35->43->40->46->33->37->17->13
324;26;25;44->10->31->11->8->3->28->7->19->9->37->48->57->35->43->34->1->50->18->41->46->27->17->22->36->40
374;0;25;53->13->14->20->23->15->42->49->29->38->12->8->3->11->43->9->2->6->16->21->51->47->44->10->31->45
382;26;25;47->22->36->31->33->57->35->43->16->21->51->46->48->28->7->13->17->37->10->40->34->1->50->18->41->27
406;21;25;31->45->39->30->24->48->44->19->34->51->47->17->53->26->35->50->13->6->16->21->1->12->27->18->41->57
517;24;25;31->11->8->5->43->9->37->48->57->35->50->13->22->36->27->24->33->18->41->19->34->1->46->7->28->30
518;25;25;43->35->4->32->53->26->45->39->30->24->5->19->34->1->12->27->18->41->48->57->17->37->28->7->11->40
597;24;25;47->22->36->31->45->39->30->24->48->12->53->26->35->50->13->17->57->10->33->40->34->1->41->19->27->7
797;0;25;20->49->29->38->14->46->8->3->11->43->9->2->6->16->15->42->40->26->45->39->30->23->21->51->47->44
1158;26;25;31->22->36->47->17->57->35->4->32->21->51->40->34->1->50->13->30->23->7->19->24->5->41->18->27->28
1218;24;25;3->28->7->19->34->33->57->35->43->40->46->4->32->27->24->5->30->26->45->39->50->13->22->41->48->18
1602;18;25;41->1->16->13->23->26->45->47->51->49->21->46->48->42->18->11->8->34->15->10->43->35->24->31->27->14
1650;0;25;3->22->36->9->2->6->32->29->38->5->4->28->7->19->41->1->53->43->8->45->47->51->49->26->37->34
1700;18;25;19->6->32->2->40->21->46->48->42->18->16->13->23->10->43->8->41->1->53->24->50->14->37->34->15->17
1715;26;25;51->49->21->46->48->42->50->57->35->4->22->17->34->15->10->16->27->11->37->30->33->12->39->31->40->5
1727;21;25;47->51->49->26->37->34->15->42->3->20->44->28->7->13->23->18->16->46->48->8->40->21->30->53->43->11
1777;25;25;15->10->16->13->12->44->28->7->39->14->24->48->57->18->11->17->34->20->40->21->46->33->27->50->31->30
1807;23;25;43->8->3->20->40->21->46->48->42->18->16->13->23->10->27->24->50->14->22->17->57->35->4->39->15->5
1831;25;25;40->21->46->48->44->28->7->13->23->26->37->34->15->42->3->20->12->18->16->14->57->33->39->10->50->17
1850;25;25;34->15->42->18->16->13->23->10->27->11->17->48->44->28->7->39->46->33->12->30->35->20->40->21->31->57
1877;0;25;13->8->41->1->53->43->35->38->5->4->22->36->9->2->6->32->29->27->24->19->3->20->44->28->7->51
1912;22;25;53->42->3->20->44->28->7->8->34->15->10->16->46->48->23->26->37->21->30->11->17->57->35->12->18->39
2147;24;25;40->21->51->49->26->45->47->17->48->42->50->13->23->10->16->15->7->39->28->46->37->34->11->31->27->57
2350;22;25;44->28->7->13->23->26->45->47->51->49->12->30->10->16->15->42->50->57->35->11->17->48->31->27->34->46
2374;22;25;28->7->13->23->18->16->15->42->49->21->51->48->57->35->11->17->34->30->10->47->12->39->14->31->45->46
2731;0;5;1->17->40->36->23->39
2890;0;3;2->17->39->36
3043;0;3;11->53->57->2
3045;0;3;16->2->57->53
3290;0;3;33->45->43->51
3567;0;3;7->34->48->21
3895;0;3;7->22->20->26
3896;0;3;48->26->20->22
11;2;25;32->2->20->23->15->42->49->29->38->14->46->8->3->11->43->9->5->21->51->47->44->10->6->16->28->12
33;0;25;39->47->44->14->20->23->15->42->49->29->38->12->53->26->45->9->2->6->16->21->51->33->57->35->43->3
46;22;25;3->28->7->19->34->1->53->26->45->39->30->24->5->4->32->27->18->41->50->13->22->48->12->43->35->33
50;0;25;4->10->29->38->14->20->23->15->42->49->19->9->2->6->16->21->51->47->44->12->53->26->45->39->30->24
83;22;25;9->2->19->34->1->53->26->45->39->30->24->48->12->27->4->32->17->57->35->50->13->22->36->18->41->7
93;23;25;45->39->30->24->48->44->10->6->16->21->51->47->17->57->35->43->34->1->41->19->27->18->11->7->28->31
109;25;25;19->34->1->53->26->45->39->30->24->5->4->32->27->18->41->50->13->22->46->35->43->40->17->57->12->37
126;0;25;47->34->9->2->20->23->15->42->49->29->38->14->46->8->3->11->43->35->4->32->6->16->21->51->33->12
146;26;25;28->7->19->34->1->53->26->45->39->30->24->48->12->27->17->57->35->50->13->22->36->31->33->40->41->37
159;0;25;47->37->14->20->23->15->42->49->29->38->12->53->26->45->39->30->24->5->4->32->2->6->16->21->51->33
199;22;25;31->11->8->3->28->2->19->9->5->4->32->27->24->48->41->1->34->39->30->46->50->13->22->36->18->43
208;20;25;10->6->16->21->51->33->12->53->26->45->39->30->41->19->50->13->22->36->31->40->32->27->1->4->5->17
210;25;25;9->5->53->26->45->39->30->24->48->12->27->1->34->33->57->35->41->19->36->22->7->13->17->37->28->18
243;25;25;8->35->43->49->29->38->12->53->42->40->46->31->33->57->18->41->19->34->1->50->13->17->37->28->7->10
250;23;25;10->31->11->30->24->48->12->53->26->35->50->13->22->36->9->37->28->7->19->34->1->57->18->41->39->33
265;0;25;14->23->15->42->49->29->38->12->53->26->45->39->30->24->5->4->32->2->20->11->8->3->28->7->19->9
274;22;25;3->28->7->13->22->36->53->26->45->39->30->24->5->43->35->50->57->18->41->1->12->27->17->48->32->34
276;0;25;14->6->16->15->42->49->29->38->12->53->26->45->39->30->23->3->20->24->5->4->32->2->19->9->37->48
277;26;25;5->4->32->53->26->45->39->30->24->48->12->27->1->34->33->57->35->43->17->37->46->50->13->18->41->36
294;22;25;3->28->7->19->34->1->12->27->24->5->4->32->43->35->50->13->22->41->45->39->30->46->48->57->18->26
299;0;25;44->35->47->22->36->9->2->20->23->15->42->49->29->38->14->46->8->3->11->43->6->16->21->51->33->12
315;0;25;51->39->14->20->23->15->42->49->29->38->12->53->26->45->47->44->10->6->16->21->2->19->9->5->4->32
367;23;25;35->47->44->10->31->11->30->24->48->51->33->12->53->26->45->39->1->34->13->22->36->57->18->41->50->27
384;25;25;16->21->51->33->3->11->8->48->28->7->19->9->37->46->31->10->43->34->1->50->13->17->27->18->41->40
438;0;25;21->29->38->14->20->23->15->42->49->19->9->2->6->16->28->7->4->32->47->44->10->31->11->8->3->50
472;0;25;36->38->14->20->23->15->42->49->29->53->26->45->39->30->24->5->4->32->2->6->16->21->51->47->44->10
472;26;25;31->11->8->3->28->7->19->9->12->27->1->34->33->57->35->43->40->46->48->41->50->13->22->37->18->17
522;26;25;2->19->9->5->4->32->27->24->48->57->35->43->34->1->50->13->22->36->18->41->46->33->40->7->30->37
553;26;25;34->1->53->26->45->39->30->24->5->4->32->27->18->41->50->13->22->48->12->57->35->43->40->46->33->17
657;22;25;45->39->30->24->48->44->10->31->11->17->47->22->36->57->35->50->13->40->34->51->33->18->41->1->27->16
694;26;25;8->3->28->7->19->9->5->43->35->50->13->22->36->57->18->41->24->48->34->1->46->37->17->27->30->40
742;0;25;49->40->2->20->23->15->42->14->46->8->3->11->43->9->5->4->32->6->16->21->51->47->44->10->29->38
833;23;25;6->16->21->51->33->57->31->11->8->3->28->7->19->9->37->48->41->1->34->13->22->50->18->27->17->46
867;0;25;9->10->29->38->14->20->23->15->42->49->19->34->51->47->44->2->6->16->21->1->53->26->45->39->30->24
933;18;25;11->43->9->2->6->16->21->51->33->57->31->39->30->24->5->4->32->27->18->41->19->34->13->22->36->10
984;23;25;11->8->47->44->10->31->33->12->53->43->35->50->13->22->36->57->18->41->1->34->51->46->48->7->21->27
1064;26;25;18->41->24->5->4->32->27->1->34->33->57->35->50->13->22->36->30->46->48->28->7->19->17->37->26->40
1065;23;25;21->51->47->44->10->31->11->8->3->28->7->19->9->37->48->57->18->41->1->34->33->46->50->36->22->43
1086;23;25;16->21->51->40->26->45->39->30->24->5->4->32->53->18->41->19->34->1->12->27->17->48->57->31->13->7
1092;25;25;51->47->22->36->9->37->28->7->19->34->1->8->35->43->40->46->31->11->17->57->18->41->50->13->27->10
1156;24;25;45->39->35->50->13->22->36->9->2->19->34->1->53->26->37->48->12->27->18->41->46->33->57->17->32->28
1168;23;25;11->8->3->28->7->19->9->5->43->35->50->57->18->41->24->48->34->1->33->46->45->39->30->17->37->22
1309;18;25;47->44->10->29->38->12->53->4->32->27->24->5->49->19->34->1->50->13->22->36->31->33->57->35->41->42
1321;21;25;16->21->51->33->12->27->24->5->4->32->31->45->39->30->26->50->13->22->36->57->18->41->19->34->1->48
1586;24;25;14->24->48->42->3->20->12->18->16->13->23->10->43->8->34->15->40->21->46->53->27->11->17->57->35->39
1603;23;25;20->12->18->16->13->32->27->24->1->53->43->8->41->50->14->37->34->15->42->11->23->26->10->57->35->46
1611;0;25;37->53->43->8->41->1->9->2->6->32->29->38->5->4->22->36->31->45->47->51->49->19->35->23->26->3
1636;0;25;57->5->4->22->36->9->2->6->32->29->38->20->44->28->7->19->41->1->53->43->8->3->24->48->42->49
1643;20;25;47->51->49->29->27->1->53->42->3->20->12->18->16->15->10->41->50->57->35->23->26->37->34->11->8->46
1652;24;25;7->13->23->26->45->42->18->16->15->10->27->24->48->57->35->11->17->34->30->14->31->12->39->46->33->21
1718;17;25;45->47->51->49->26->37->41->1->53->43->8->3->20->12->18->16->13->23->10->27->24->42->21->46->14->35
1761;21;25;45->23->26->37->41->1->53->43->8->3->20->12->18->16->13->40->21->46->42->50->57->35->11->15->10->34
1790;0;25;23->5->4->22->36->9->2->6->32->29->38->57->35->11->8->41->1->53->43->44->28->7->19->27->24->48
1829;18;25;53->43->8->45->47->51->49->26->37->34->15->42->18->16->13->23->10->14->31->20->44->28->7->39->48->11
1857;0;25;14->13->32->2->6->31->45->47->51->49->29->38->5->4->22->36->9->42->3->20->44->28->7->19->41->1
1900;0;25;31->46->48->44->28->7->19->9->2->6->32->29->38->5->4->22->36->23->26->45->47->51->49->21->20->12
1923;21;25;15->42->49->26->45->47->51->16->13->23->18->44->28->7->39->48->57->35->10->27->17->34->30->33->12->31
1927;25;25;20->44->28->7->13->23->26->37->34->15->42->50->57->35->11->17->48->27->39->46->33->12->30->10->16->40
1947;17;25;19->35->23->26->45->42->3->20->44->28->7->13->12->18->16->15->10->27->24->48->57->34->11->17->51->31
1953;21;25;51->49->26->37->34->15->42->18->16->13->23->10->43->8->35->11->46->48->57->24->1->53->21->30->14->12
1961;0;25;9->31->45->47->51->49->29->38->5->4->22->36->23->26->2->6->32->27->24->19->41->1->53->43->8->3
2006;20;25;53->43->8->3->20->44->28->7->13->23->26->37->34->15->42->18->16->14->31->35->11->17->48->57->46->12
2166;18;25;44->28->7->19->9->14->24->48->42->49->29->38->5->4->22->36->57->35->11->15->10->27->18->46->51->12
2295;23;25;34->15->42->3->24->48->23->18->16->13->12->30->53->43->8->35->11->17->57->33->40->21->46->14->1->10
2347;24;25;3->20->44->28->7->13->23->18->16->14->53->43->8->35->11->17->48->57->33->12->30->10->40->21->46->1
2381;23;25;24->48->42->49->26->45->47->51->15->10->27->18->11->17->57->35->23->31->40->21->46->33->12->30->13->37
3335;0;4;41->33->43->45->51
2892;0;3;4->36->17->39
3044;0;3;15->57->2->53
3182;0;3;33->4->46->30
3189;0;3;46->46->4->30
3901;0;3;48->20->22->26
1413;0;2;3->40->23
1414;0;2;4->23->40
2513;0;2;39->49->14
2628;0;2;43->15->16
2951;0;2;17->36->39
3396;0;2;36->15->50
3662;0;2;36->11->25
3665;0;2;37->13->29
3815;0;2;36->42->35
3819;0;2;36->35->42
3860;0;2;27->31->25
3891;0;2;47->10->1
4223;0;2;129->102->110
4240;0;2;8->38->9
4241;0;2;9->38->8
15;24;25;39->30->23->26->35->43->9->5->53->36->22->41->24->48->12->27->1->34->33->57->18->50->13->17->37->19
16;0;25;7->15->42->49->29->38->14->20->23->26->45->39->30->24->5->4->32->2->6->16->21->51->47->44->10->31
23;0;25;4->15->42->49->29->38->14->20->23->26->45->39->30->24->5->43->3->11->8->6->16->21->51->47->44->10
32;0;25;27->2->20->23->15->42->49->29->38->14->46->8->3->11->43->9->5->4->32->6->16->21->51->47->44->10
40;21;25;31->45->39->30->24->48->44->10->47->17->53->26->35->50->13->12->27->1->34->51->33->57->18->41->19->16
41;0;25;15->35->47->44->14->20->23->26->45->39->30->24->5->4->32->2->6->16->21->51->49->29->38->12->53->43
43;11;25;29->38->12->8->3->11->43->9->2->6->16->21->51->47->44->10->31->33->57->35->4->32->27->24->5->46
45;0;25;20->38->14->46->8->3->11->43->9->2->6->16->15->42->49->29->36->31->45->39->30->23->26->35->47->44
47;0;25;20->7->19->23->15->42->49->29->38->14->46->8->3->11->43->9->2->6->16->21->51->47->44->10->31->45
54;0;25;34->14->20->23->15->42->49->29->38->12->53->26->45->39->30->24->5->4->32->2->6->16->21->51->47->44
58;0;25;4->38->14->20->23->15->42->49->29->36->9->2->6->16->21->51->47->44->10->31->11->8->3->28->7->19
60;23;25;7->19->9->12->53->26->45->39->30->24->48->57->35->43->34->1->4->32->27->18->41->50->13->22->36->33
61;0;25;46->6->16->15->42->49->29->38->14->20->23->26->45->39->30->24->5->4->32->2->19->9->3->11->8->47
62;0;25;20->21->51->47->44->14->46->8->3->11->43->9->2->6->16->15->42->49->29->38->12->53->26->45->39->30
64;0;25;44->5->4->32->2->20->23->15->42->49->29->38->14->46->8->3->11->43->9->12->53->26->45->39->30->24
66;0;25;29->23->15->42->49->19->9->2->20->24->5->4->32->6->16->21->51->47->44->14->46->8->3->11->43->35
67;0;25;24->14->20->23->15->42->49->29->38->12->53->26->45->39->30->6->16->21->51->47->44->10->31->11->8->3
68;0;25;15->30->23->26->45->39->14->20->24->5->4->32->2->6->16->21->51->47->44->10->29->38->12->53->43->3
69;0;25;2->41->24->5->4->32->6->16->15->42->49->29->38->14->20->23->26->45->39->30->53->43->3->11->8->47
70;0;25;15->32->2->20->23->26->45->39->14->46->8->3->11->43->9->5->4->22->36->31->44->10->29->38->12->53
77;0;25;40->9->2->20->23->15->42->49->29->38->14->46->8->3->11->43->35->47->44->10->6->16->21->51->33->12
78;0;25;3->13->14->20->23->15->42->49->29->38->12->53->26->45->39->30->24->5->4->32->2->6->16->21->51->47
86;0;25;20->29->38->14->46->8->3->11->43->9->2->6->16->15->42->49->19->23->26->45->39->30->24->5->4->32
87;0;25;2->12->53->26->45->39->14->20->23->15->42->49->29->38->6->16->21->51->47->44->10->31->11->8->3->28
88;0;25;48->6->16->15->42->49->29->38->14->20->23->26->45->39->30->24->5->4->32->2->19->9->3->11->8->47
89;0;25;16->20->23->15->42->49->29->38->14->46->8->3->11->43->9->2->6->39->30->24->5->4->32->21->51->47
90;0;25;4->49->29->38->14->20->23->15->42->40->2->6->16->21->51->47->44->10->31->11->8->3->28->7->19->9
92;0;25;50->24->5->4->32->2->20->23->15->42->49->29->38->14->46->8->3->11->43->9->12->53->26->45->39->30
93;0;25;3->46->8->5->4->32->2->20->23->15->42->49->29->38->14->50->13->22->36->9->12->53->26->45->39->30
98;0;25;50->15->42->49->29->38->14->20->23->26->45->39->30->24->5->4->32->2->6->16->21->51->47->44->10->31
101;0;25;24->32->2->20->23->15->42->49->29->38->14->46->8->3->11->43->9->5->4->22->36->31->45->39->30->53
103;0;25;7->44->14->20->23->15->42->49->29->38->12->53->26->45->39->30->24->5->4->32->2->6->16->21->51->47
104;0;25;27->12->53->26->45->39->14->20->23->15->42->49->29->38->6->16->21->51->47->44->10->31->11->8->3->28
108;0;25;2->51->47->44->14->20->23->15->42->49->29->38->12->53->26->45->39->30->24->5->4->32->6->16->21->1
110;0;25;6->53->26->45->39->14->20->23->15->42->49->29->38->12->8->3->11->43->9->2->19->34->51->47->44->10
111;0;25;7->9->2->20->23->15->42->49->29->38->14->46->8->3->11->43->35->47->44->10->6->16->21->51->33->12
112;0;25;6->10->29->38->14->20->23->15->42->49->19->9->2->40->46->8->3->11->43->35->47->44->12->53->26->45
115;0;25;39->43->3->20->23->15->42->49->29->38->14->46->8->5->4->32->2->6->16->21->51->47->44->10->31->11
117;0;25;23->42->49->29->38->14->20->24->5->4->32->2->6->16->15->33->12->53->26->45->39->30->46->8->3->11
119;0;25;23->11->8->3->20->24->5->4->32->2->6->16->15->42->49->29->38->14->46->35->47->44->10->31->45->39
119;24;25;45->39->30->53->26->50->13->22->36->9->12->27->1->34->51->33->57->18->41->19->17->48->28->7->21->43
123;0;25;51->29->38->14->20->23->15->42->49->19->9->2->6->16->21->1->53->26->45->39->30->24->5->4->32->47
124;0;25;27->53->26->45->39->14->20->23->15->42->49->29->38->12->8->3->11->43->9->2->6->16->21->51->47->44
125;0;25;3->8->5->4->32->2->20->23->15->42->49->29->38->14->46->35->47->44->10->6->16->21->51->33->12->53
126;23;25;51->33->12->53->26->45->39->30->24->5->31->44->10->17->48->57->18->41->19->50->13->22->36->27->1->28
127;0;25;15->51->47->44->14->20->23->26->45->39->30->24->5->4->32->2->6->16->21->1->53->43->3->11->8->48
128;0;25;20->8->3->11->43->9->2->6->16->15->42->49->29->38->14->46->4->32->21->51->47->44->10->31->45->39
130;0;25;37->8->3->20->23->15->42->49->29->38->14->46->4->32->2->6->16->21->51->47->44->10->31->11->43->9
131;0;25;2->9->5->4->32->6->16->15->42->49->29->38->14->20->23->26->45->39->30->24->48->44->10->31->11->8
134;0;25;17->38->14->20->23->15->42->49->29->36->9->2->6->16->21->51->47->44->10->31->11->8->3->28->7->19
135;0;25;42->32->2->20->23->15->33->12->53->26->45->39->14->46->8->3->11->43->9->5->4->22->36->31->44->10
136;16;25;21->51->47->44->10->31->11->8->3->28->7->4->32->27->24->5->43->35->50->13->22->36->57->38->12->41
137;0;25;16->32->2->20->23->15->42->49->29->38->14->46->8->3->11->43->9->5->4->22->36->31->45->39->30->24
139;0;25;22->51->47->44->14->20->23->15->42->49->29->38->12->53->26->45->39->30->24->5->4->32->2->6->16->21
139;21;25;32->2->6->16->21->1->9->3->11->8->48->57->35->43->34->33->18->41->19->50->13->17->37->28->7->36
140;25;25;24->48->44->10->6->16->21->51->47->22->36->31->33->18->41->19->34->1->50->13->17->37->28->7->40->35
141;0;25;39->24->5->4->32->2->20->23->15->42->49->29->38->14->46->8->3->11->43->9->12->53->26->45->47->44
142;0;25;8->2->20->23->15->42->49->29->38->14->46->4->32->6->16->21->51->47->44->10->31->11->43->3->28->7
145;0;25;3->9->2->20->23->15->42->49->29->38->14->46->8->5->4->32->6->16->21->51->47->44->10->31->11->43
146;0;25;18->4->32->2->20->23->15->42->49->29->38->14->46->8->3->11->43->9->5->21->51->47->44->10->6->16
149;0;25;57->42->49->29->38->14->20->23->15->33->12->53->26->45->39->30->24->5->4->32->2->6->16->21->51->47
150;23;25;39->30->46->8->3->11->43->35->4->32->27->1->34->33->57->31->22->36->18->41->50->13->17->48->5->40
151;0;25;48->2->20->23->15->42->49->29->38->14->46->8->3->11->43->9->5->4->32->6->16->21->51->47->44->10
152;0;25;29->41->24->5->4->32->2->20->23->15->42->49->19->9->3->11->8->6->16->21->51->47->44->14->46->35
155;0;25;15->24->5->4->32->2->20->23->26->45->39->14->46->8->3->11->43->9->12->53->42->49->29->38->6->16
161;0;25;45->31->11->8->3->20->23->15->42->49->29->38->14->46->4->32->2->6->16->21->51->47->44->10->43->9
161;26;25;5->53->26->35->50->13->22->36->57->18->41->24->48->12->27->1->34->33->40->7->19->30->17->37->28->39
162;0;25;40->29->38->14->20->23->15->42->49->19->9->2->6->16->21->51->47->44->10->31->11->8->3->28->7->4
165;0;25;2->14->20->23->15->42->49->29->38->12->53->26->45->39->30->24->5->4->32->6->16->21->51->47->44->10
166;0;25;48->15->42->49->29->38->14->20->23->26->45->39->30->24->5->4->32->2->6->16->21->51->47->44->10->31
167;0;25;31->26->45->39->14->20->23->15->42->49->29->38->12->53->4->32->2->6->16->21->51->47->44->10->43->3
168;0;25;22->1->53->26->45->39->14->20->23->15->42->49->29->38->12->8->3->11->43->9->2->6->16->21->51->47
170;0;25;42->45->39->14->20->23->15->33->12->53->26->35->47->44->10->29->38->6->16->21->51->49->19->9->2->40
171;0;25;23->38->14->20->24->5->4->32->2->6->16->15->42->49->29->36->9->3->11->8->47->44->10->31->45->39
172;0;25;27->29->38->14->20->23->15->42->49->19->9->2->6->16->21->51->47->44->10->31->11->8->3->28->7->4
173;0;25;27->51->47->44->14->20->23->15->42->49->29->38->12->53->26->45->39->30->24->5->4->32->2->6->16->21
174;0;25;15->49->29->38->14->20->23->26->45->39->30->24->5->4->32->2->6->16->21->51->47->44->10->31->11->8
175;0;25;37->4->32->2->20->23->15->42->49->29->38->14->46->8->3->11->43->9->5->21->51->47->44->10->6->16
177;0;25;47->33->12->53->26->45->39->14->20->23->15->42->49->29->38->6->16->21->51->46->8->3->11->43->9->2
178;0;25;45->16->15->42->49->29->38->14->20->23->26->35->47->44->10->6->39->30->24->5->4->32->2->19->9->3
180;0;25;6->12->53->26->45->39->14->20->23->15->42->49->29->38->37->48->44->10->31->11->8->3->28->2->19->9
181;0;25;22->30->23->15->42->49->29->38->14->20->24->5->4->32->2->6->16->21->51->47->44->10->31->11->8->3
183;0;25;23->9->2->20->24->5->4->32->6->16->15->42->49->29->38->14->46->8->3->11->43->35->47->44->10->31
185;0;25;16->47->44->14->20->23->15->42->49->29->38->12->53->26->45->39->30->24->5->4->32->2->6->19->9->3
186;0;25;45->28->2->20->23->15->42->49->29->38->14->46->8->3->11->43->9->5->4->32->6->16->21->51->47->44
189;0;25;53->23->15->42->49->29->38->14->20->24->5->4->32->2->6->16->21->51->47->44->10->31->11->8->3->28
190;0;25;19->20->23->15->42->49->29->38->14->46->8->3->11->43->9->2->6->16->21->51->47->44->10->31->45->39
191;0;25;23->2->20->24->5->4->32->6->16->15->42->49->29->38->14->46->8->3->11->43->9->12->53->26->45->39
191;2;25;20->24->5->4->32->6->16->15->42->49->29->38->14->46->8->3->11->43->9->12->53->26->45->39->30->44
193;0;25;44->39->14->20->23->15->42->49->29->38->12->53->26->45->47->22->36->9->2->6->16->21->51->33->57->35
195;0;25;24->12->53->26->45->39->14->20->23->15->42->49->29->38->6->16->21->51->47->44->10->31->11->8->3->28
201;0;25;38->26->45->39->14->20->23->15->42->49->29->36->9->2->6->16->21->51->47->44->10->31->11->8->3->28
202;0;25;17->24->5->4->32->2->20->23->15->42->49->29->38->14->46->8->3->11->43->9->12->53->26->45->39->30
204;0;25;47->28->2->20->23->15->42->49->29->38->14->46->8->3->11->43->9->5->4->32->6->16->21->51->33->12
205;0;25;50->20->23->15->42->49->29->38->14->46->8->3->11->43->9->2->6->16->21->51->47->44->10->31->45->39
206;0;25;13->35->47->44->14->20->23->15->42->49->29->38->12->53->26->45->39->30->24->5->4->32->2->6->16->21
208;0;25;24->34->9->2->20->23->15->42->49->29->38->14->46->8->3->11->43->35->47->44->10->6->16->21->51->33
211;24;25;10->6->16->21->51->47->17->53->26->45->39->30->35->50->13->12->27->1->34->33->57->31->40->7->19->18
213;0;25;57->9->2->20->23->15->42->49->29->38->14->46->8->3->11->43->35->47->44->10->6->16->21->51->33->12
216;0;25;50->3->20->23->15->42->49->29->38->14->46->8->5->4->32->2->6->16->21->51->47->44->10->31->11->43
218;0;25;23->27->44->14->20->24->5->4->32->2->6->16->15->42->49->29->38->12->53->26->45->39->30->46->8->3
218;21;25;39->30->46->8->3->11->43->9->37->48->51->47->22->36->31->33->57->35->50->13->17->34->1->41->19->21
220;0;25;57->44->14->20->23->15->42->49->29->38->12->53->26->45->39->30->24->5->4->32->2->6->16->21->51->47
221;0;25;24->36->9->2->20->23->15->42->49->29->38->14->46->8->3->11->43->35->47->44->10->6->16->21->51->33
221;24;25;51->33->12->53->26->45->39->30->41->19->34->1->4->32->27->18->22->48->5->31->40->7->13->17->57->28
222;0;25;51->11->8->3->20->23->15->42->49->29->38->14->46->4->32->2->6->16->21->1->53->26->45->39->30->24
223;0;25;50->47->44->14->20->23->15->42->49->29->38->12->53->26->45->39->30->24->5->4->32->2->6->16->21->51
224;0;25;16->42->49->29->38->14->20->23->15->33->12->53->26->45->39->30->24->5->4->32->2->6->19->9->3->11
225;0;25;13->15->42->49->29->38->14->20->23->26->45->39->30->24->5->4->32->2->6->16->21->51->47->44->10->31
226;0;25;39->38->14->20->23->15->42->49->29->36->9->2->6->16->21->51->47->44->10->31->11->8->3->28->7->19
227;0;25;42->13->14->20->23->15->33->12->53->26->45->39->30->24->5->4->32->2->6->16->21->51->47->44->10->29
229;0;25;41->8->3->20->23->15->42->49->29->38->14->46->4->32->2->6->16->21->51->47->44->10->31->11->43->9
231;0;25;22->29->38->14->20->23->15->42->49->19->9->2->6->16->21->51->47->44->10->31->11->8->3->28->7->4
233;0;25;39->51->47->44->14->20->23->15->42->49->29->38->12->53->26->45->9->2->6->16->21->1->34->33->57->35
234;0;25;51->36->9->2->20->23->15->42->49->29->38->14->46->8->3->11->43->35->47->44->10->6->16->21->1->53
235;0;25;6->4->32->2->20->23->15->42->49->29->38->14->46->8->3->11->43->9->5->21->51->47->44->10->31->45
236;0;25;32->14->20->23->15->42->49->29->38->12->53->26->45->39->30->24->5->4->22->36->9->2->6->16->21->51
238;0;25;26->42->49->29->38->14->20->23->15->33->12->53->4->32->2->6->16->21->51->47->44->10->31->11->8->3
239;0;25;9->26->45->39->14->20->23->15->42->49->29->38->12->53->4->32->2->6->16->21->51->47->44->10->31->11
240;0;25;21->11->8->3->20->23->15->42->49->29->38->14->46->4->32->2->6->16->28->7->19->9->5->43->35->47
241;0;25;9->1->53->26->45->39->14->20->23->15->42->49->29->38->12->8->3->11->43->35->47->44->10->6->16->21
242;22;25;44->10->31->11->8->3->28->41->24->5->43->9->37->48->57->35->50->13->22->36->27->1->34->33->18->19
243;0;25;15->48->44->14->20->23->26->45->39->30->24->5->4->32->2->6->16->21->51->47->22->36->9->3->11->8
244;0;25;38->50->14->20->23->15->42->49->29->36->9->2->6->16->21->51->47->44->10->31->11->8->3->28->7->19
245;0;25;51->23->15->42->49->29->38->14->20->24->5->4->32->2->6->16->21->1->53->26->45->39->30->46->8->3
248;0;25;23->20->24->5->4->32->2->6->16->15->42->49->29->38->14->46->8->3->11->43->9->12->53->26->45->39
249;0;25;3->12->53->26->45->39->14->20->23->15->42->49->29->38->6->16->21->51->47->44->10->31->11->8->5->4
251;0;25;3->33->12->53->26->45->39->14->20->23->15->42->49->29->38->6->16->21->51->47->44->10->31->11->8->5
252;0;25;16->48->44->14->20->23->15->42->49->29->38->12->53->26->45->39->30->24->5->4->32->2->6->19->9->3
252;25;25;3->11->8->47->22->36->31->33->57->35->43->34->51->46->50->13->17->37->28->7->41->1->27->18->21->10
253;0;25;38->19->23->15->42->49->29->36->9->2->20->24->5->4->32->6->16->21->51->47->44->14->46->8->3->11
255;0;25;20->1->53->26->45->39->14->46->8->3->11->43->9->2->6->16->15->42->49->29->38->12->27->44->10->31
257;0;25;29->33->12->53->26->45->39->14->20->23->15->42->49->19->9->2->6->16->21->51->47->44->10->31->11->8
259;0;25;53->20->23->15->42->49->29->38->14->46->8->3->11->43->9->2->6->16->21->51->47->44->10->31->45->39
259;24;25;45->39->30->24->5->4->32->27->1->12->22->36->57->35->50->13->17->48->28->7->19->34->33->18->41->26
264;0;25;38->30->23->15->42->49->29->36->9->2->20->24->5->4->32->6->16->21->51->47->44->14->46->8->3->11
266;0;25;23->24->5->4->32->2->20->11->8->3->28->7->19->9->12->53->26->45->39->14->46->35->47->44->10->29
267;0;25;33->9->2->20->23->15->42->49->29->38->14->46->8->3->11->43->35->47->44->10->6->16->21->51->40->26
268;0;25;6->3->20->23->15->42->49->29->38->14->46->8->5->4->32->2->19->9->12->53->26->45->39->30->24->48
269;0;25;8->44->14->20->23->15->42->49->29->38->12->53->26->45->39->30->24->5->4->32->2->6->16->21->51->47
270;0;25;15->36->9->2->20->23->26->45->39->14->46->8->3->11->43->35->47->44->10->29->38->12->53->4->32->6
271;0;25;15->14->20->23->26->45->39->30->24->5->4->32->2->6->16->21->51->47->44->10->29->38->12->53->43->3
272;0;25;4->41->24->5->43->3->20->23->15->42->49->29->38->14->46->8->6->16->21->51->47->44->10->31->11->30
273;0;25;47->15->42->49->29->38->14->20->23->26->45->39->30->24->5->4->32->2->6->16->21->51->33->12->53->43
274;0;25;4->29->38->14->20->23->15->42->49->19->9->2->6->16->21->51->47->44->10->31->11->8->3->28->7->13
275;0;25;36->49->29->38->14->20->23->15->42->40->2->6->16->21->51->47->44->10->31->11->8->3->28->7->19->9
277;0;25;22->49->29->38->14->20->23->15->42->40->2->6->16->21->51->47->44->10->31->11->8->3->28->7->19->9
278;0;25;15->47->44->14->20->23->26->45->39->30->24->5->4->32->2->6->16->21->51->49->29->38->12->53->43->3
279;0;25;46->24->5->4->32->2->20->23->15->42->49->29->38->14->50->13->22->36->9->3->11->8->6->16->21->51
280;0;25;50->8->3->20->23->15->42->49->29->38->14->46->4->32->2->6->16->21->51->47->44->10->31->11->43->9
281;0;25;22->12->53->26->45->39->14->20->23->15->42->49->29->38->6->16->21->51->47->44->10->31->11->8->3->28
284;0;25;38->46->8->3->20->23->15->42->49->29->36->9->2->6->16->21->51->47->44->14->50->13->22->41->24->5
285;0;25;14->7->19->23->15->42->49->29->38->12->53->26->45->39->30->24->5->4->32->2->20->11->8->3->28->41
286;0;25;29->4->32->2->20->23->15->42->49->19->9->5->43->3->11->8->6->16->21->51->47->44->14->46->35->50
287;0;25;13->19->23->15->42->49->29->38->14->20->24->5->4->32->2->6->16->21->51->47->44->10->31->11->8->3
288;0;25;14->16->15->42->49->29->38->12->53->26->45->39->30->23->3->20->24->5->4->32->2->6->19->9->37->48
289;0;25;13->44->14->20->23->15->42->49->29->38->12->53->26->45->39->30->24->5->4->32->2->6->16->21->51->47
291;0;25;38->35->47->44->14->20->23->15->42->49->29->36->9->2->6->16->21->51->33->12->53->26->45->39->30->24
292;0;25;1->3->20->23->15->42->49->29->38->14->46->8->5->4->32->2->6->16->21->51->47->44->10->31->11->43
294;0;25;53->38->14->20->23->15->42->49->29->36->9->2->6->16->21->51->47->44->10->31->11->8->3->28->7->19
295;0;25;8->23->15->42->49->29->38->14->20->24->5->4->32->2->6->16->21->51->47->44->10->31->11->43->3->28
296;0;25;29->48->44->14->20->23->15->42->49->19->9->2->6->16->21->51->47->22->36->31->11->8->3->28->7->4
297;0;25;2->31->11->8->3->20->23->15->42->49->29->38->14->46->4->32->6->16->21->51->47->44->10->43->9->5
298;0;25;50->22->36->9->2->20->23->15->42->49->29->38->14->46->8->3->11->43->35->47->44->10->6->16->21->51
301;0;25;18->15->42->49->29->38->14->20->23->26->45->39->30->24->5->4->32->2->6->16->21->51->47->44->10->31
302;0;25;19->2->20->23->15->42->49->29->38->14->46->8->3->11->43->9->5->4->32->6->16->21->51->47->44->10
303;0;25;12->23->15->42->49->29->38->14->20->24->5->4->32->2->6->16->21->51->47->44->10->31->11->8->3->28
305;0;25;2->27->44->14->20->23->15->42->49->29->38->12->53->26->45->39->30->24->5->4->32->6->16->21->51->47
308;0;25;47->42->49->29->38->14->20->23->15->33->12->53->26->45->39->30->24->5->4->32->2->6->16->21->51->46
310;0;25;51->42->49->29->38->14->20->23->15->33->12->53->26->45->39->30->24->5->4->32->2->6->16->21->1->9
311;0;25;44->48->5->4->32->2->20->23->15->42->49->29->38->14->46->8->3->11->43->9->12->53->26->45->39->30
312;0;25;15->46->8->3->20->23->26->45->39->14->50->13->22->36->9->2->6->16->21->51->47->44->10->29->38->12
314;0;25;57->36->9->2->20->23->15->42->49->29->38->14->46->8->3->11->43->35->47->44->10->6->16->21->51->33
314;22;25;16->21->51->33->12->53->26->45->39->30->24->5->4->32->27->1->34->19->41->50->13->22->48->28->7->31
316;0;25;38->2->20->23->15->42->49->29->36->9->5->4->32->6->16->21->51->47->44->14->46->8->3->11->43->35
317;0;25;38->34->9->2->20->23->15->42->49->29->36->31->11->8->3->28->7->19->30->24->5->4->32->6->16->21
318;0;25;4->7->19->23->15->42->49->29->38->14->20->24->5->43->3->11->8->6->16->21->51->47->44->10->31->45
319;0;25;22->47->44->14->20->23->15->42->49->29->38->12->53->26->45->39->30->24->5->4->32->2->6->16->21->51
320;0;25;16->44->14->20->23->15->42->49->29->38->12->53->26->45->39->30->24->5->4->32->2->6->19->9->3->11
321;0;25;2->23->15->42->49->29->38->14->20->24->5->4->32->6->16->21->51->47->44->10->31->11->8->3->28->7
322;0;25;29->47->44->14->20->23->15->42->49->19->9->2->6->16->21->51->33->12->53->26->45->39->30->24->5->4
324;0;25;13->42->49->29->38->14->20->23->15->33->12->53->26->45->39->30->24->5->4->32->2->6->16->21->51->47
326;0;25;43->47->44->14->20->23->15->42->49->29->38->12->53->26->45->39->30->24->5->4->32->2->6->16->21->51
328;0;25;44->27->24->5->4->32->2->20->23->15->42->49->29->38->14->46->8->3->11->43->9->12->53->26->45->39
332;0;25;45->34->9->2->20->23->15->42->49->29->38->14->46->8->3->11->43->35->47->44->10->6->16->21->51->33
333;0;25;37->29->38->14->20->23->15->42->49->19->9->2->6->16->21->51->47->44->10->31->11->8->3->28->7->4
334;0;25;2->5->4->32->6->16->15->42->49->29->38->14->20->23->26->45->39->30->24->48->44->10->31->11->8->3
336;0;25;35->44->14->20->23->15->42->49->29->38->12->53->26->45->39->30->24->5->4->32->2->6->16->21->51->47
337;0;25;51->53->26->45->39->14->20->23->15->42->49->29->38->12->8->3->11->43->9->2->6->16->21->1->44->10
339;0;25;51->3->20->23->15->42->49->29->38->14->46->8->5->4->32->2->6->16->21->1->53->26->45->39->30->24
340;0;25;19->51->47->44->14->20->23->15->42->49->29->38->12->53->26->45->39->30->24->5->4->32->2->6->16->21
341;0;25;14->10->29->38->12->53->26->45->39->30->23->15->42->49->19->9->2->20->24->5->4->32->6->16->21->51
342;0;25;42->51->47->44->14->20->23->15->33->12->53->26->45->39->30->24->5->4->32->2->6->16->21->1->9->3
343;0;25;15->41->24->5->4->32->2->20->23->26->45->39->14->46->8->3->11->43->9->12->53->42->49->29->38->6
345;0;25;12->6->16->15->42->49->29->38->14->20->23->26->45->39->30->24->5->4->32->2->19->9->3->11->8->47
347;0;25;30->47->44->14->20->23->15->42->49->29->38->12->53->26->45->39->35->43->3->11->8->5->4->32->2->6
348;0;25;27->5->4->32->2->20->23->15->42->49->29->38->14->46->8->3->11->43->9->12->53->26->45->39->30->24
349;0;25;34->47->44->14->20->23->15->42->49->29->38->12->53->26->45->39->30->24->5->4->32->2->6->16->21->51
350;0;25;30->2->20->23->15->42->49->29->38->14->46->8->3->11->43->9->5->4->32->6->16->21->51->47->44->10
351;0;25;13->34->9->2->20->23->15->42->49->29->38->14->46->8->3->11->43->35->47->44->10->6->16->21->51->33
352;0;25;51->44->14->20->23->15->42->49->29->38->12->53->26->45->39->30->24->5->4->32->2->6->16->21->1->9
354;0;25;29->15->42->49->19->23->26->45->39->14->20->24->5->4->32->2->6->16->21->51->47->44->10->31->11->8
355;0;25;23->41->24->5->4->32->2->20->11->8->3->28->7->19->9->12->53->26->45->39->14->46->35->47->44->10
356;25;25;42->49->29->38->37->28->7->19->34->51->47->22->36->31->33->57->35->50->13->17->27->1->41->10->21->18
358;0;25;5->44->14->20->23->15->42->49->29->38->12->53->26->45->39->30->24->48->16->21->51->47->22->36->9->2
359;0;25;45->29->38->14->20->23->15->42->49->19->9->2->6->16->21->51->47->44->10->31->11->8->3->28->7->4
359;25;25;4->32->53->26->35->43->34->1->12->27->24->5->30->46->48->57->18->41->50->13->22->36->40->17->37->39
361;0;25;50->38->14->20->23->15->42->49->29->36->9->2->6->16->21->51->47->44->10->31->11->8->3->28->7->19
362;26;25;43->9->37->48->44->10->31->33->57->35->47->22->36->27->1->34->51->40->7->19->41->17->18->21->28->13
364;0;25;9->22->36->31->11->8->3->20->23->15->42->49->29->38->14->46->4->32->2->6->16->21->51->47->44->10
365;0;25;17->8->3->20->23->15->42->49->29->38->14->46->4->32->2->6->16->21->51->47->44->10->31->11->43->9
366;0;25;14->32->2->20->23->15->42->49->29->38->12->53->26->45->39->30->24->5->4->22->36->9->3->11->8->6
367;0;25;21->8->3->20->23->15->42->49->29->38->14->46->4->32->2->6->16->28->7->19->9->5->43->35->47->44
368;0;25;51->27->44->14->20->23->15->42->49->29->38->12->53->26->45->39->30->24->5->4->32->2->6->16->21->1
369;0;25;35->5->4->32->2->20->23->15->42->49->29->38->14->46->8->3->11->43->9->12->53->26->45->39->30->24
370;0;25;48->10->29->38->14->20->23->15->42->49->19->9->2->6->16->21->51->47->44->12->53->26->45->39->30->24
372;0;25;5->42->49->29->38->14->20->23->15->33->12->53->26->45->39->30->24->48->44->10->6->16->21->51->47->22
372;26;25;36->9->2->19->34->1->4->32->27->18->41->50->13->17->3->11->8->35->43->7->28->31->40->46->37->57
373;0;25;29->32->2->20->23->15->42->49->19->9->5->4->22->36->31->11->8->3->28->7->13->14->46->35->47->44
373;24;25;47->44->10->6->16->21->51->33->12->53->26->45->39->30->24->48->38->37->18->41->1->34->40->17->57->27
375;0;25;11->49->29->38->14->20->23->15->42->40->2->6->16->21->51->47->44->10->31->45->39->30->24->5->4->32
376;0;25;24->13->14->20->23->15->42->49->29->38->12->53->26->45->39->30->6->16->21->51->47->44->10->31->11->8
377;0;25;26->14->20->23->15->42->49->29->38->12->53->4->32->2->6->16->21->51->47->44->10->31->11->8->3->28
378;0;25;49->36->9->2->20->23->15->42->40->46->8->3->11->43->35->47->44->14->50->13->22->41->24->5->4->32
379;0;25;39->9->2->20->23->15->42->49->29->38->14->46->8->3->11->43->35->47->44->10->6->16->21->51->33->12
380;0;25;9->16->15->42->49->29->38->14->20->23->26->45->39->30->24->5->4->32->2->6->19->34->51->47->44->10
381;0;25;39->2->20->23->15->42->49->29->38->14->46->8->3->11->43->9->5->4->32->6->16->21->51->47->44->10
382;0;25;6->44->14->20->23->15->42->49->29->38->12->53->26->45->39->30->24->5->4->32->2->19->9->3->11->8
384;0;25;22->57->35->47->44->14->20->23->15->42->49->29->38->12->53->26->45->39->30->24->5->4->32->2->6->16
385;0;25;34->35->47->44->14->20->23->15->42->49->29->38->12->53->26->45->39->30->24->5->4->32->2->6->16->21
386;0;25;47->49->29->38->14->20->23->15->42->40->2->6->16->21->51->33->12->53->26->45->39->30->24->5->4->32
387;0;25;1->29->38->14->20->23->15->42->49->19->9->2->6->16->21->51->47->44->10->31->11->8->3->28->7->4
388;0;25;49->39->14->20->23->15->42->40->2->6->16->21->51->47->44->10->29->38->12->53->26->45->9->5->4->32
389;0;25;22->16->15->42->49->29->38->14->20->23->26->45->39->30->24->5->4->32->2->6->19->9->3->11->8->47
391;0;25;47->57->35->43->3->20->23->15->42->49->29->38->14->46->8->5->4->32->2->6->16->21->51->33->12->53
396;0;25;10->8->3->20->23->15->42->49->29->38->14->46->4->32->2->6->16->21->51->47->44->19->9->5->43->35
397;0;25;32->39->14->20->23->15->42->49->29->38->12->53->26->45->47->44->10->6->16->21->51->33->57->35->43->3
398;0;25;18->8->3->20->23->15->42->49->29->38->14->46->4->32->2->6->16->21->51->47->44->10->31->11->43->9
398;20;25;44->10->31->11->43->9->5->53->26->45->39->30->24->48->12->27->1->34->33->57->35->50->13->22->36->41
399;0;25;22->13->14->20->23->15->42->49->29->38->12->53->26->45->39->30->24->5->4->32->2->6->16->21->51->47
399;26;25;44->10->31->11->8->3->28->7->19->9->37->48->57->35->43->34->1->50->18->41->46->33->40->17->27->36
402;0;25;13->20->23->15->42->49->29->38->14->46->8->3->11->43->9->2->6->16->21->51->47->44->10->31->45->39
403;0;25;22->6->16->15->42->49->29->38->14->20->23->26->45->39->30->24->5->4->32->2->19->9->3->11->8->47
404;0;25;10->5->4->32->2->20->23->15->42->49->29->38->14->46->8->3->11->43->9->12->53->26->45->39->30->24
405;0;25;11->1->53->26->45->39->14->20->23->15->42->49->29->38->12->8->3->28->2->6->16->21->51->47->44->10
406;0;25;10->32->2->20->23->15->42->49->29->38->14->46->8->3->11->43->9->5->4->22->36->31->45->39->30->24
407;0;25;3->44->14->20->23->15->42->49->29->38->12->53->26->45->39->30->24->5->4->32->2->6->16->21->51->47
408;0;25;51->26->45->39->14->20->23->15->42->49->29->38->12->53->4->32->2->6->16->21->1->9->5->43->3->11
409;0;25;28->44->14->20->23->15->42->49->29->38->12->53->26->45->39->30->24->5->4->32->2->6->16->21->51->47
410;0;25;3->57->35->47->44->14->20->23->15->42->49->29->38->12->53->26->45->39->30->24->5->4->32->2->6->16
411;0;25;2->36->9->5->4->32->6->16->15->42->49->29->38->14->20->23->26->45->39->30->24->48->44->10->31->11
411;21;25;48->44->10->31->11->8->3->28->7->19->34->51->47->22->41->1->53->43->35->50->13->12->27->18->21->57
412;0;25;49->6->16->15->42->40->2->20->23->26->45->39->14->46->8->3->11->43->9->5->4->32->29->38->12->53
413;0;25;4->45->39->14->20->23->15->42->49->29->38->12->53->26->35->47->44->10->6->16->21->51->33->57->31->11
414;0;25;9->11->8->3->20->23->15->42->49->29->38->14->46->4->32->2->6->16->21->51->47->44->10->31->45->39
415;0;25;32->9->2->20->23->15->42->49->29->38->14->46->8->3->11->43->35->47->44->10->6->16->21->51->33->12
416;0;25;42->17->3->20->23->15->33->12->53->26->45->39->14->46->8->5->4->32->2->6->16->21->51->47->44->10
417;0;25;40->24->5->4->32->2->20->23->15->42->49->29->38->14->46->8->3->11->43->9->12->53->26->45->39->30
418;0;25;37->35->47->44->14->20->23->15->42->49->29->38->12->53->26->45->39->30->24->5->4->32->2->6->16->21
419;0;25;40->6->16->15->42->49->29->38->14->20->23->26->45->39->30->24->5->4->32->2->19->9->3->11->8->47
420;0;25;22->23->15->42->49->29->38->14->20->24->5->4->32->2->6->16->21->51->47->44->10->31->11->8->3->28
421;0;25;4->12->53->26->45->39->14->20->23->15->42->49->29->38->6->16->21->51->47->44->10->31->11->8->3->28
422;0;25;16->33->12->53->26->45->39->14->20->23->15->42->49->29->38->6->32->2->19->9->5->4->22->36->31->11
423;0;25;6->15->42->49->29->38->14->20->23->26->45->39->30->24->5->4->32->2->19->9->3->11->8->47->44->10
425;0;25;32->51->47->44->14->20->23->15->42->49->29->38->12->53->26->45->39->30->24->5->4->22->36->9->2->6
426;0;25;12->32->2->20->23->15->42->49->29->38->14->46->8->3->11->43->9->5->4->22->36->31->45->39->30->24
427;0;25;2->39->14->20->23->15->42->49->29->38->12->53->26->45->47->44->10->6->16->21->51->33->57->35->43->3
428;0;25;43->23->15->42->49->29->38->14->20->24->5->4->32->2->6->16->21->51->47->44->10->31->11->8->3->28
429;0;25;34->53->26->45->39->14->20->23->15->42->49->29->38->12->8->3->11->43->9->2->6->16->21->51->47->44
431;23;25;11->43->9->5->53->36->22->41->24->48->12->27->1->34->33->57->35->50->13->30->17->37->28->7->19->45
433;0;25;24->37->14->20->23->15->42->49->29->38->12->53->26->45->39->30->6->16->21->51->47->44->10->31->11->8
434;0;25;11->24->5->4->32->2->20->23->15->42->49->29->38->14->46->8->3->28->7->19->9->12->53->26->45->39
435;0;25;1->14->20->23->15->42->49->29->38->12->53->26->45->39->30->24->5->4->32->2->6->16->21->51->47->44
436;0;25;23->4->32->2->20->24->5->43->3->11->8->6->16->15->42->49->29->38->14->46->35->47->44->10->31->45
437;0;25;17->20->23->15->42->49->29->38->14->46->8->3->11->43->9->2->6->16->21->51->47->44->10->31->45->39
437;21;25;44->10->31->45->39->30->24->5->4->32->53->26->35->50->13->22->36->57->18->41->19->34->1->12->27->48
439;0;25;53->12->38->14->20->23->15->42->49->29->36->9->2->6->16->21->51->47->44->10->31->11->8->3->28->7
440;0;25;37->42->49->29->38->14->20->23->15->33->12->53->26->45->39->30->24->5->4->32->2->6->16->21->51->47
441;0;25;47->41->24->5->4->32->2->20->23->15->42->49->29->38->14->46->8->3->11->43->9->12->53->26->45->39
442;0;25;50->23->15->42->49->29->38->14->20->24->5->4->32->2->6->16->21->51->47->44->10->31->11->8->3->28
443;0;25;43->26->45->39->14->20->23->15->42->49->29->38->12->53->4->32->2->6->16->21->51->47->44->10->31->11
444;0;25;9->18->2->20->23->15->42->49->29->38->14->46->8->3->11->43->35->47->44->10->6->16->21->51->33->12
446;0;25;39->19->23->15->42->49->29->38->14->20->24->5->4->32->2->6->16->21->51->47->44->10->31->11->8->3
447;0;25;9->48->44->14->20->23->15->42->49->29->38->12->53->26->45->39->30->24->5->4->32->2->6->16->21->51
448;0;25;4->19->23->15->42->49->29->38->14->20->24->5->43->3->11->8->6->16->21->51->47->44->10->31->45->39
448;26;25;30->53->26->35->50->13->22->36->9->2->40->46->48->12->27->1->34->33->57->18->41->17->37->28->7->32
449;0;25;13->2->20->23->15->42->49->29->38->14->46->8->3->11->43->9->5->4->32->6->16->21->51->47->44->10
450;0;25;38->29->36->9->2->20->23->15->42->49->19->34->51->47->44->14->46->8->3->11->43->35->4->32->6->16
451;0;25;41->23->15->42->49->29->38->14->20->24->5->4->32->2->6->16->21->51->47->44->10->31->11->8->3->28
452;0;25;18->6->16->15->42->49->29->38->14->20->23->26->45->39->30->24->5->4->32->2->19->9->3->11->8->47
453;0;25;37->51->47->44->14->20->23->15->42->49->29->38->12->53->26->45->39->30->24->5->4->32->2->6->16->21
454;0;25;50->10->29->38->14->20->23->15->42->49->19->9->2->6->16->21->51->47->44->12->53->26->45->39->30->24
455;0;25;9->35->47->44->14->20->23->15->42->49->29->38->12->53->26->45->39->30->24->5->4->32->2->6->16->21
457;0;25;5->9->2->20->23->15->42->49->29->38->14->46->8->3->11->43->35->47->44->10->6->16->21->51->33->12
457;25;25;12->53->26->45->39->30->24->48->57->31->22->36->27->1->34->19->41->50->13->32->17->37->28->7->4->40
458;0;25;3->10->29->38->14->20->23->15->42->49->19->9->2->6->16->21->51->47->44->12->53->26->45->39->30->24
459;0;25;2->35->47->44->14->20->23->15->42->49->29->38->12->53->26->45->39->30->24->5->4->32->6->16->21->51
460;0;25;37->23->15->42->49->29->38->14->20->24->5->4->32->2->6->16->21->51->47->44->10->31->11->8->3->28
461;24;25;36->31->45->39->30->24->5->4->32->1->34->33->57->35->50->13->17->48->28->7->19->41->10->40->46->26
462;0;25;9->44->14->20->23->15->42->49->29->38->12->53->26->45->39->30->24->5->4->32->2->6->16->21->51->47
463;0;25;2->38->14->20->23->15->42->49->29->36->9->5->4->32->6->16->21->51->47->44->10->31->11->8->3->28
464;0;25;17->9->2->20->23->15->42->49->29->38->14->46->8->3->11->43->35->47->44->10->6->16->21->51->33->12
465;0;25;9->57->35->47->44->14->20->23->15->42->49->29->38->12->53->26->45->39->30->24->5->4->32->2->6->16
466;0;25;11->9->2->20->23->15->42->49->29->38->14->46->8->3->28->7->19->34->51->47->44->10->6->16->21->1
467;0;25;36->14->20->23->15->42->49->29->38->12->53->26->45->39->30->24->5->4->32->2->6->16->21->51->47->44
469;0;25;51->41->24->5->4->32->2->20->23->15->42->49->29->38->14->46->8->3->11->43->9->12->53->26->45->39
470;0;25;38->39->14->20->23->15->42->49->29->36->9->2->6->16->21->51->47->44->10->31->11->8->3->28->7->19
471;0;25;51->45->39->14->20->23->15->42->49->29->38->12->53->26->35->47->44->10->6->16->21->2->19->9->5->4
473;0;25;3->19->23->15->42->49->29->38->14->20->24->5->4->32->2->6->16->21->51->47->44->10->31->11->8->48
474;0;25;11->2->20->23->15->42->49->29->38->14->46->8->3->28->7->19->9->5->4->32->6->16->21->51->47->44
475;0;25;24->46->8->3->20->23->15->42->49->29->38->14->50->13->22->36->9->2->6->16->21->51->47->44->10->31
476;0;25;39->26->45->47->44->14->20->23->15->42->49->29->38->12->53->4->32->2->6->16->21->51->33->57->35->43
477;0;25;43->32->2->20->23->15->42->49->29->38->14->46->8->3->11->30->24->5->4->22->36->9->12->53->26->45
478;0;25;1->23->15->42->49->29->38->14->20->24->5->4->32->2->6->16->21->51->47->44->10->31->11->8->3->28
480;0;25;47->8->3->20->23->15->42->49->29->38->14->46->4->32->2->6->16->21->51->33->12->53->26->45->39->30
481;0;25;3->37->14->20->23->15->42->49->29->38->12->53->26->45->39->30->24->5->4->32->2->6->16->21->51->47
482;0;25;11->13->14->20->23->15->42->49->29->38->12->53->26->45->39->30->24->5->4->32->2->6->16->21->51->47
483;0;25;20->30->23->15->42->49->29->38->14->46->8->3->11->43->9->2->6->16->21->51->47->44->10->31->45->39
484;0;25;44->31->11->8->3->20->23->15->42->49->29->38->14->46->4->32->2->6->16->21->51->47->22->36->9->5
485;0;25;47->31->11->8->3->20->23->15->42->49->29->38->14->46->4->32->2->6->16->21->51->33->12->53->26->45
487;0;25;2->16->15->42->49->29->38->14->20->23->26->45->39->30->24->5->4->32->6->19->9->3->11->8->47->44
488;0;25;43->18->2->20->23->15->42->49->29->38->14->46->8->3->11->30->24->5->4->32->6->16->21->51->47->44
489;0;25;12->19->23->15->42->49->29->38->14->20->24->5->4->32->2->6->16->21->51->47->44->10->31->11->8->3
490;0;25;15->19->23->26->45->39->14->20->24->5->4->32->2->6->16->21->51->47->44->10->29->38->12->53->43->3
491;0;25;53->35->47->44->14->20->23->15->42->49->29->38->12->8->3->11->43->9->2->6->16->21->51->33->57->31
492;0;25;53->11->8->3->20->23->15->42->49->29->38->14->46->4->32->2->6->16->21->51->47->44->10->31->45->39
493;0;25;6->35->47->44->14->20->23->15->42->49->29->38->12->53->26->45->39->30->24->5->4->32->2->19->9->3
494;0;25;29->37->14->20->23->15->42->49->19->9->2->6->16->21->51->47->44->10->31->11->8->3->28->7->4->32
495;0;25;16->35->47->44->14->20->23->15->42->49->29->38->12->53->26->45->39->30->24->5->4->32->2->6->19->9
496;0;25;8->15->42->49->29->38->14->20->23->26->45->39->30->24->5->4->32->2->6->16->21->51->47->44->10->31
498;0;25;32->38->14->20->23->15->42->49->29->36->9->2->6->16->21->51->47->44->10->31->11->8->3->28->7->19
499;0;25;42->34->9->2->20->23->15->33->12->53->26->45->39->14->46->8->3->11->43->35->47->44->10->29->38->6
500;0;25;34->28->2->20->23->15->42->49->29->38->14->46->8->3->11->43->9->5->4->32->6->16->21->51->47->44
501;0;25;23->22->36->9->2->20->24->5->4->32->6->16->15->42->49->29->38->14->46->8->3->11->43->35->47->44
502;0;25;7->53->26->45->39->14->20->23->15->42->49->29->38->12->8->3->11->43->9->2->6->16->21->51->47->44
503;0;25;47->14->20->23->15->42->49->29->38->12->53->26->45->39->30->24->5->4->32->2->6->16->21->51->33->57
504;0;25;44->20->23->15->42->49->29->38->14->46->8->3->11->43->9->2->6->16->21->51->47->22->36->31->45->39
505;0;25;6->47->44->14->20->23->15->42->49->29->38->12->53->26->45->39->30->24->5->4->32->2->19->9->3->11
506;0;25;38->53->26->45->39->14->20->23->15->42->49->29->36->9->2->6->16->21->51->47->44->10->31->11->8->3
507;0;25;51->21->2->20->23->15->42->49->29->38->14->46->8->3->11->43->9->5->4->32->6->16->28->7->19->34
508;0;25;35->1->53->26->45->39->14->20->23->15->42->49->29->38->12->8->3->11->43->9->2->6->16->21->51->47
509;0;25;19->13->14->20->23->15->42->49->29->38->12->53->26->45->39->30->24->5->4->32->2->6->16->21->51->47
511;0;25;30->12->53->26->45->39->14->20->23->15->42->49->29->38->6->16->21->51->47->44->10->31->11->8->3->28
512;0;25;3->49->29->38->14->20->23->15->42->40->2->6->16->21->51->47->44->10->31->11->8->5->4->32->53->26
513;0;25;42->53->26->45->39->14->20->23->15->33->12->38->6->16->21->51->47->44->10->29->36->9->2->19->34->1
514;0;25;27->3->20->23->15->42->49->29->38->14->46->8->5->4->32->2->6->16->21->51->47->44->10->31->11->43
515;0;25;57->51->47->44->14->20->23->15->42->49->29->38->12->53->26->45->39->30->24->5->4->32->2->6->16->21
516;0;25;29->26->45->39->14->20->23->15->42->49->19->9->2->6->16->21->51->47->44->10->31->11->8->3->28->7
517;0;25;3->26->45->39->14->20->23->15->42->49->29->38->12->53->4->32->2->6->16->21->51->47->44->10->31->11
519;0;25;44->22->36->9->2->20->23->15->42->49->29->38->14->46->8->3->11->43->35->47->17->48->5->4->32->6
520;0;25;44->32->2->20->23->15->42->49->29->38->14->46->8->3->11->43->9->5->4->22->36->31->45->39->30->24
521;0;25;5->15->42->49->29->38->14->20->23->26->45->39->30->24->48->44->10->6->16->21->51->47->22->36->9->2
523;0;25;12->5->4->32->2->20->23->15->42->49->29->38->14->46->8->3->11->43->9->37->26->45->39->30->24->48
524;0;25;19->29->38->14->20->23->15->42->49->26->45->39->30->24->5->4->32->2->6->16->21->51->47->44->10->31
525;0;25;35->26->45->39->14->20->23->15->42->49->29->38->12->53->4->32->2->6->16->21->51->47->44->10->31->11
528;23;25;5->4->32->6->16->21->51->33->3->11->8->48->28->7->13->22->36->31->40->46->50->18->41->1->34->17
529;0;25;26->28->2->20->23->15->42->49->29->38->14->46->8->3->11->43->9->5->4->32->6->16->21->51->47->44
531;0;25;29->6->16->15->42->49->19->23->26->45->39->14->20->24->5->4->32->2->40->46->8->3->11->43->9->12
532;0;25;16->19->23->15->42->49->29->38->14->20->24->5->4->32->2->6->39->30->53->26->45->47->44->10->31->11
533;0;25;8->32->2->20->23->15->42->49->29->38->14->46->4->22->36->9->5->43->3->11->30->24->48->44->10->6
534;0;25;57->47->44->14->20->23->15->42->49->29->38->12->53->26->45->39->30->24->5->4->32->2->6->16->21->51
535;0;25;22->9->2->20->23->15->42->49->29->38->14->46->8->3->11->43->35->47->44->10->6->16->21->51->33->12
536;0;25;7->5->4->32->2->20->23->15->42->49->29->38->14->46->8->3->11->43->9->12->53->26->45->39->30->24
537;0;25;10->38->14->20->23->15->42->49->29->36->9->2->6->16->21->51->47->44->19->34->1->53->26->45->39->30
538;0;25;14->41->24->5->4->32->2->20->23->15->42->49->29->38->12->53->26->45->39->30->6->16->21->51->47->44
541;0;25;50->32->2->20->23->15->42->49->29->38->14->46->8->3->11->43->9->5->4->22->36->31->45->39->30->24
542;0;25;8->22->36->9->2->20->23->15->42->49->29->38->14->46->4->32->6->16->21->51->47->44->10->31->11->43
543;0;25;19->49->29->38->14->20->23->15->42->40->2->6->16->21->51->47->44->10->31->11->8->3->28->7->4->32
544;0;25;43->5->4->32->2->20->23->15->42->49->29->38->14->46->8->3->11->30->24->48->44->10->6->16->21->51
545;0;25;41->34->9->2->20->23->15->42->49->29->38->14->46->8->3->11->43->35->47->44->10->6->16->21->51->33
546;0;25;29->14->20->23->15->42->49->19->9->2->6->16->21->51->47->44->10->31->11->8->3->28->7->4->32->53
547;0;25;21->34->9->2->20->23->15->42->49->29->38->14->46->8->3->11->43->35->47->44->10->6->16->28->7->19
548;0;25;27->41->24->5->4->32->2->20->23->15->42->49->29->38->14->46->8->3->11->43->9->12->53->26->45->39
549;0;25;28->24->5->4->32->2->20->23->15->42->49->29->38->14->46->8->3->11->43->9->12->53->26->45->39->30
550;0;25;22->14->20->23->15->42->49->29->38->12->53->26->45->39->30->24->5->4->32->2->6->16->21->51->47->44
551;0;25;26->51->47->44->14->20->23->15->42->49->29->38->12->53->4->32->2->6->16->21->1->9->5->43->3->11
552;0;25;15->6->16->21->51->47->44->14->20->23->26->45->39->30->24->5->4->32->2->19->9->3->11->8->48->42
553;0;25;37->38->14->20->23->15->42->49->29->36->9->2->6->16->21->51->47->44->10->31->11->8->3->28->7->19
554;0;25;19->11->8->3->20->23->15->42->49->29->38->14->46->4->32->2->6->16->21->51->47->44->10->31->45->39
555;0;25;44->29->38->14->20->23->15->42->49->19->9->2->6->16->21->51->47->22->36->31->11->8->3->28->7->4
556;0;25;22->53->26->45->39->14->20->23->15->42->49->29->38->12->8->3->11->43->9->2->6->16->21->51->47->44
557;0;25;4->20->23->15->42->49->29->38->14->46->8->3->11->43->9->2->6->16->21->51->47->44->10->31->45->39
557;25;25;39->30->24->5->53->26->35->50->13->22->36->57->18->41->19->34->1->12->27->17->48->28->7->40->32->33
558;0;25;20->2->6->16->15->42->49->29->38->14->46->8->3->11->43->9->5->4->32->21->51->47->44->10->31->45
559;0;25;9->36->31->11->8->3->20->23->15->42->49->29->38->14->46->4->32->2->6->16->21->51->47->44->10->43
560;0;25;53->44->14->20->23->15->42->49->29->38->12->8->3->11->43->9->2->6->16->21->51->47->22->36->31->45
561;0;25;44->30->23->15->42->49->29->38->14->20->24->5->4->32->2->6->16->21->51->47->22->36->9->3->11->8
562;0;25;35->2->20->23->15->42->49->29->38->14->46->8->3->11->43->9->5->4->32->6->16->21->51->47->44->10
563;0;25;13->51->47->44->14->20->23->15->42->49->29->38->12->53->26->45->39->30->24->5->4->32->2->6->16->21
564;0;25;22->19->23->15->42->49->29->38->14->20->24->5->4->32->2->6->16->21->51->47->44->10->31->11->8->3
565;0;25;32->18->2->20->23->15->42->49->29->38->14->46->8->3->11->43->9->5->4->22->36->31->45->39->30->24
566;0;25;43->4->32->2->20->23->15->42->49->29->38->14->46->8->3->11->30->24->5->21->51->47->44->10->6->16
567;0;25;29->34->9->2->20->23->15->42->49->19->30->24->5->4->32->6->16->21->51->47->44->14->46->8->3->11
568;0;25;37->12->53->26->45->39->14->20->23->15->42->49->29->38->6->16->21->51->47->44->10->31->11->8->3->28
569;0;25;9->20->23->15->42->49->29->38->14->46->8->3->11->43->35->47->44->10->6->16->21->51->33->12->53->26
570;0;25;7->14->20->23->15->42->49->29->38->12->53->26->45->39->30->24->5->4->32->2->6->16->21->51->47->44
571;0;25;24->26->45->39->14->20->23->15->42->49->29->38->12->53->4->32->2->6->16->21->51->47->44->10->31->11
572;0;25;50->44->14->20->23->15->42->49->29->38->12->53->26->45->39->30->24->5->4->32->2->6->16->21->51->47
573;0;25;28->15->42->49->29->38->14->20->23->26->45->39->30->24->5->4->32->2->6->16->21->51->47->44->10->31
574;0;25;31->24->5->4->32->2->20->23->15->42->49->29->38->14->46->8->3->11->43->9->12->53->26->45->39->30
575;0;25;50->5->4->32->2->20->23->15->42->49->29->38->14->46->8->3->11->43->9->12->53->26->45->39->30->24
576;0;25;24->43->3->20->23->15->42->49->29->38->14->46->8->5->4->32->2->6->16->21->51->47->44->10->31->11
577;0;25;48->4->32->2->20->23->15->42->49->29->38->14->46->8->3->11->43->9->5->21->51->47->44->10->6->16
578;0;25;14->5->4->32->2->20->23->15->42->49->29->38->12->53->26->45->39->30->24->48->44->10->6->16->21->51
579;0;25;21->42->49->29->38->14->20->23->15->33->12->53->26->45->39->30->24->5->4->32->2->6->16->28->7->19
580;0;25;1->42->49->29->38->14->20->23->15->33->12->53->26->45->39->30->24->5->4->32->2->6->16->21->51->47
581;0;25;17->41->24->5->4->32->2->20->23->15->42->49->29->38->14->46->8->3->11->43->9->12->53->26->45->39
582;0;25;15->29->38->14->20->23->26->45->39->30->24->5->4->32->2->6->16->21->51->47->44->10->31->11->8->3
583;0;25;34->36->9->2->20->23->15->42->49->29->38->14->46->8->3->11->43->35->47->44->10->6->16->21->51->33
584;0;25;8->7->19->23->15->42->49->29->38->14->20->24->5->4->32->2->6->16->21->51->47->44->10->31->11->43
585;0;25;34->26->45->39->14->20->23->15->42->49->29->38->12->53->4->32->2->6->16->21->51->47->44->10->31->11
586;0;25;46->38->14->20->23->15->42->49->29->36->9->2->6->16->21->51->47->44->10->31->11->8->3->28->7->19
587;0;25;44->43->3->20->23->15->42->49->29->38->14->46->8->5->4->32->2->6->16->21->51->47->22->36->9->12
588;0;25;28->53->26->45->39->14->20->23->15->42->49->29->38->12->8->3->11->43->9->2->6->16->21->51->47->44
589;0;25;8->16->15->42->49->29->38->14->20->23->26->45->39->30->24->5->4->32->2->6->19->9->3->11->43->35
590;0;25;49->46->8->3->20->23->15->42->40->2->6->16->21->51->47->44->14->50->13->22->36->9->5->4->32->29
591;0;25;45->6->16->15->42->49->29->38->14->20->23->26->35->47->44->10->31->11->8->3->28->2->19->9->5->4
592;0;25;41->44->14->20->23->15->42->49->29->38->12->53->26->45->39->30->24->5->4->32->2->6->16->21->51->47
593;0;25;4->14->20->23->15->42->49->29->38->12->53->26->45->39->30->24->5->43->3->11->8->6->16->21->51->47
594;0;25;49->51->47->44->14->20->23->15->42->40->2->6->16->21->1->53->26->45->39->30->24->5->4->32->29->38
595;0;25;3->27->44->14->20->23->15->42->49->29->38->12->53->26->45->39->30->24->5->4->32->2->6->16->21->51
596;0;25;33->50->14->20->23->15->42->49->29->38->12->53->26->45->39->30->24->5->4->32->2->6->16->21->51->47
597;0;25;44->18->2->20->23->15->42->49->29->38->14->46->8->3->11->43->9->5->4->32->6->16->21->51->47->22
598;0;25;24->47->44->14->20->23->15->42->49->29->38->12->53->26->45->39->30->6->16->21->51->33->57->35->43->3
599;0;25;47->7->19->23->15->42->49->29->38->14->20->24->5->4->32->2->6->16->21->51->33->12->53->26->45->39
600;0;25;42->9->2->20->23->15->33->12->53->26->45->39->14->46->8->3->11->43->35->47->44->10->29->38->6->16
601;0;25;47->1->53->26->45->39->14->20->23->15->42->49->29->38->12->8->3->11->43->9->2->6->16->21->51->33
602;0;25;48->45->39->14->20->23->15->42->49->29->38->12->53->26->35->47->44->10->6->16->21->51->33->57->31->11
603;0;25;24->3->20->23->15->42->49->29->38->14->46->8->5->4->32->2->6->16->21->51->47->44->10->31->11->43
604;0;25;28->1->53->26->45->39->14->20->23->15->42->49->29->38->12->8->3->11->43->9->2->6->16->21->51->47
605;0;25;39->4->32->2->20->23->15->42->49->29->38->14->46->8->3->11->43->9->5->21->51->47->44->10->6->16
607;0;25;29->46->8->3->20->23->15->42->49->19->9->2->6->16->21->51->47->44->14->50->13->22->36->31->11->43
609;0;25;5->12->53->26->45->39->14->20->23->15->42->49->29->38->6->16->21->51->47->44->10->31->11->8->3->28
610;0;25;11->51->47->44->14->20->23->15->42->49->29->38->12->53->26->45->39->30->24->5->4->32->2->6->16->21
611;0;25;38->49->29->36->9->2->20->23->15->42->40->46->8->3->11->43->35->47->44->14->50->13->22->41->24->5
612;0;25;38->3->20->23->15->42->49->29->36->9->2->6->16->21->51->47->44->14->46->8->5->4->32->53->26->45
613;0;25;29->49->19->23->15->42->40->2->20->24->5->4->32->6->16->21->51->47->44->14->46->8->3->11->43->9
614;0;25;24->16->15->42->49->29->38->14->20->23->26->45->39->30->53->4->32->2->6->19->9->5->43->3->11->8
615;0;25;30->1->53->26->45->39->14->20->23->15->42->49->29->38->12->8->3->11->43->9->2->6->16->21->51->47
616;0;25;13->57->35->47->44->14->20->23->15->42->49->29->38->12->53->26->45->39->30->24->5->4->32->2->6->16
617;0;25;31->47->44->14->20->23->15->42->49->29->38->12->53->26->45->39->30->24->5->4->32->2->6->16->21->51
618;0;25;28->35->47->44->14->20->23->15->42->49->29->38->12->53->26->45->39->30->24->5->4->32->2->6->16->21
621;0;25;16->51->47->44->14->20->23->15->42->49->29->38->12->53->26->45->39->30->24->5->4->32->2->6->19->9
622;0;25;17->2->20->23->15->42->49->29->38->14->46->8->3->11->43->9->5->4->32->6->16->21->51->47->44->10
624;0;25;22->15->42->49->29->38->14->20->23->26->45->39->30->24->5->4->32->2->6->16->21->51->47->44->10->31
625;0;25;53->5->4->32->2->20->23->15->42->49->29->38->14->46->8->3->11->43->9->12->27->44->10->6->16->21
626;0;25;40->38->14->20->23->15->42->49->29->36->9->2->6->16->21->51->47->44->10->31->11->8->3->28->7->19
627;0;25;3->45->39->14->20->23->15->42->49->29->38->12->53->26->35->47->44->10->6->16->21->51->33->57->31->11
629;0;25;13->33->12->53->26->45->39->14->20->23->15->42->49->29->38->6->16->21->51->47->44->10->31->11->8->3
630;0;25;4->17->3->20->23->15->42->49->29->38->14->46->8->5->43->9->2->6->16->21->51->47->44->10->31->11
631;0;25;14->27->44->10->29->38->12->53->26->45->39->30->23->15->42->49->19->9->2->20->24->5->4->32->6->16
632;0;25;33->38->14->20->23->15->42->49->29->36->9->2->6->16->21->51->47->44->10->31->11->8->3->28->7->19
633;0;25;23->29->38->14->20->24->5->4->32->2->6->16->15->42->49->19->9->3->11->8->47->44->10->31->45->39
634;0;25;31->34->9->2->20->23->15->42->49->29->38->14->46->8->3->11->43->35->47->44->10->6->16->21->51->33
636;0;25;13->47->44->14->20->23->15->42->49->29->38->12->53->26->45->39->30->24->5->4->32->2->6->16->21->51
637;0;25;14->36->9->2->20->23->15->42->49->29->38->12->53->26->45->39->30->24->5->4->32->6->16->21->51->47
638;0;25;10->4->32->2->20->23->15->42->49->29->38->14->46->8->3->11->43->9->5->21->51->47->44->19->34->1
638;25;25;1->53->26->45->39->30->24->48->16->28->7->13->22->36->31->33->12->27->18->41->50->57->35->17->37->6
639;0;25;50->1->53->26->45->39->14->20->23->15->42->49->29->38->12->8->3->11->43->9->2->6->16->21->51->47
640;0;25;46->9->2->20->23->15->42->49->29->38->14->50->13->22->36->31->11->8->3->28->7->19->34->51->47->44
641;0;25;51->19->23->15->42->49->29->38->14->20->24->5->4->32->2->6->16->21->1->53->26->45->39->30->46->8
642;0;25;6->41->24->5->4->32->2->20->23->15->42->49->29->38->14->46->8->3->11->43->9->12->53->26->45->39
644;0;25;44->24->5->4->32->2->20->23->15->42->49->29->38->14->46->8->3->11->43->9->12->53->26->45->39->30
645;0;25;47->29->38->14->20->23->15->42->49->19->9->2->6->16->21->51->33->12->53->26->45->39->30->24->5->4
646;0;25;32->42->49->29->38->14->20->23->15->33->12->53->26->45->39->30->24->5->4->22->36->9->2->6->16->21
647;0;25;16->41->24->5->4->32->2->20->23->15->42->49->29->38->14->46->8->3->11->43->9->12->53->26->45->39
647;19;25;43->9->12->53->26->45->39->30->6->19->34->51->47->44->10->31->33->57->35->50->13->22->36->27->1->18
648;0;25;16->12->53->26->45->39->14->20->23->15->42->49->29->38->6->32->2->19->9->5->4->22->36->31->11->8
649;0;25;46->15->42->49->29->38->14->20->23->26->45->39->30->24->5->4->32->2->6->16->21->51->47->44->10->31
650;0;25;17->29->38->14->20->23->15->42->49->19->9->2->6->16->21->51->47->44->10->31->11->8->3->28->7->4
651;0;25;3->15->42->49->29->38->14->20->23->26->45->39->30->24->5->4->32->2->6->16->21->51->47->44->10->31
652;0;25;4->1->53->26->45->39->14->20->23->15->42->49->29->38->12->8->3->11->43->9->2->6->16->21->51->47
654;0;25;50->34->9->2->20->23->15->42->49->29->38->14->46->8->3->11->43->35->47->44->10->6->16->21->51->33
656;0;25;50->42->49->29->38->14->20->23->15->33->12->53->26->45->39->30->24->5->4->32->2->6->16->21->51->47
657;0;25;6->43->3->20->23->15->42->49->29->38->14->46->8->5->4->32->2->19->9->12->53->26->45->39->30->24
658;0;25;13->3->20->23->15->42->49->29->38->14->46->8->5->4->32->2->6->16->21->51->47->44->10->31->11->43
659;0;25;29->35->47->44->14->20->23->15->42->49->19->9->2->6->16->21->51->33->12->53->26->45->39->30->24->5
660;0;25;13->43->3->20->23->15->42->49->29->38->14->46->8->5->4->32->2->6->16->21->51->47->44->10->31->11
661;0;25;14->3->20->23->15->42->49->29->38->12->53->26->45->39->30->24->5->4->32->2->6->16->21->51->47->44
662;0;25;26->41->24->5->4->32->2->20->23->15->42->49->29->38->14->46->8->3->11->43->9->12->53->36->31->45
663;0;25;33->28->2->20->23->15->42->49->29->38->14->46->8->3->11->43->9->5->4->32->6->16->21->51->47->44
664;0;25;13->49->29->38->14->20->23->15->42->40->2->6->16->21->51->47->44->10->31->11->8->3->28->7->19->9
664;25;25;9->5->4->32->53->26->45->39->30->24->48->12->27->1->34->33->57->35->43->17->37->46->50->18->41->22
665;0;25;33->5->4->32->2->20->23->15->42->49->29->38->14->46->8->3->11->43->9->12->53->26->45->39->30->24
666;0;25;49->7->19->23->15->42->40->2->20->24->5->4->32->6->16->21->51->47->44->14->46->8->3->11->43->9
668;0;25;1->11->8->3->20->23->15->42->49->29->38->14->46->4->32->2->6->16->21->51->47->44->10->31->45->39
669;0;25;30->4->32->2->20->23->15->42->49->29->38->14->46->8->3->11->43->9->5->21->51->47->44->10->6->16
670;0;25;49->10->29->38->14->20->23->15->42->40->2->6->16->21->51->47->44->19->9->5->4->32->53->26->45->39
671;0;25;31->43->3->20->23->15->42->49->29->38->14->46->8->5->4->32->2->6->16->21->51->47->44->10->35->50
672;0;25;9->21->51->47->44->14->20->23->15->42->49->29->38->12->53->26->45->39->30->24->5->4->32->2->6->16
673;0;25;26->32->2->20->23->15->42->49->29->38->14->46->8->3->11->43->9->5->4->22->36->31->45->39->30->24
674;0;25;37->32->2->20->23->15->42->49->29->38->14->46->8->3->11->43->9->5->4->22->36->31->45->39->30->24
675;0;25;6->9->2->20->23->15->42->49->29->38->14->46->8->3->11->43->35->47->44->10->31->45->39->30->24->5
676;0;25;36->1->53->26->45->39->14->20->23->15->42->49->29->38->12->8->3->11->43->9->2->6->16->21->51->47
677;0;25;19->33->12->53->26->45->39->14->20->23->15->42->49->29->38->6->16->21->51->47->44->10->31->11->8->3
678;0;25;42->28->2->20->23->15->33->12->53->26->45->39->14->46->8->3->11->43->9->5->4->32->6->16->21->51
679;0;25;39->12->53->26->45->47->44->14->20->23->15->42->49->29->38->6->16->21->51->33->57->35->43->3->11->8
680;0;25;40->14->20->23->15->42->49->29->38->12->53->26->45->39->30->24->5->4->32->2->6->16->21->51->47->44
682;0;25;51->35->47->44->14->20->23->15->42->49->29->38->12->53->26->45->39->30->24->5->4->32->2->6->16->21
682;26;25;1->9->3->11->8->48->57->31->33->18->41->19->34->13->22->36->27->17->37->28->7->50->40->46->43->10
683;0;25;37->20->23->15->42->49->29->38->14->46->8->3->11->43->9->2->6->16->21->51->47->44->10->31->45->39
684;0;25;51->4->32->2->20->23->15->42->49->29->38->14->46->8->3->11->43->9->5->21->1->53->26->45->39->30
685;0;25;11->19->23->15->42->49->29->38->14->20->24->5->4->32->2->6->16->21->51->47->44->10->31->45->39->30
687;0;25;45->27->44->14->20->23->15->42->49->29->38->12->53->26->35->47->22->36->9->2->6->16->21->51->33->57
688;0;25;42->26->45->39->14->20->23->15->33->12->53->4->32->2->6->16->21->51->47->44->10->29->38->37->48->5
689;0;25;23->6->16->15->42->49->29->38->14->20->24->5->4->32->2->19->9->3->11->8->47->44->10->31->45->39
690;0;25;43->48->44->14->20->23->15->42->49->29->38->12->53->26->45->39->30->24->5->4->32->2->6->16->21->51
691;0;25;24->15->42->49->29->38->14->20->23->26->45->39->30->53->4->32->2->6->16->21->51->47->44->10->31->11
693;0;25;45->13->14->20->23->15->42->49->29->38->12->53->26->35->47->44->10->6->16->21->51->33->57->31->11->8
694;0;25;33->26->45->39->14->20->23->15->42->49->29->38->12->53->4->32->2->6->16->21->51->47->44->10->31->11
695;0;25;49->8->3->20->23->15->42->40->2->6->16->21->51->47->44->14->46->4->32->29->38->12->53->26->45->39
696;0;25;20->50->14->46->8->3->11->43->9->2->6->16->15->42->49->29->38->12->53->26->45->39->30->23->21->51
697;0;25;10->44->14->20->23->15->42->49->29->38->12->53->26->45->39->30->24->5->4->32->2->6->16->21->51->47
698;0;25;42->6->16->15->33->12->53->26->45->39->14->20->23->3->11->8->5->4->32->2->19->9->37->48->44->10
700;0;25;23->37->14->20->24->5->4->32->2->6->16->15->42->49->29->38->12->53->26->45->39->30->46->8->3->11
701;0;25;26->9->2->20->23->15->42->49->29->38->14->46->8->3->11->43->35->47->44->10->6->16->21->51->33->12
702;0;25;10->53->26->45->39->14->20->23->15->42->49->29->38->12->8->3->11->43->9->2->6->16->21->51->47->44
703;0;25;31->48->44->14->20->23->15->42->49->29->38->12->53->26->45->39->30->24->5->4->32->2->6->16->21->51
704;0;25;53->34->9->2->20->23->15->42->49->29->38->14->46->8->3->11->43->35->47->44->10->6->16->21->51->33
705;0;25;45->35->47->44->14->20->23->15->42->49->29->38->12->53->26->50->13->22->36->9->2->6->16->21->51->33
706;0;25;5->47->44->14->20->23->15->42->49->29->38->12->53->26->45->39->30->24->48->16->21->51->33->57->35->43
707;0;25;30->8->3->20->23->15->42->49->29->38->14->46->4->32->2->6->16->21->51->47->44->10->31->11->43->9
708;0;25;8->51->47->44->14->20->23->15->42->49->29->38->12->53->26->45->39->30->24->5->4->32->2->6->16->21
709;0;25;8->4->32->2->20->23->15->42->49->29->38->14->46->35->47->44->10->6->16->21->51->33->12->53->26->45
710;0;25;3->29->38->14->20->23->15->42->49->19->9->2->6->16->21->51->47->44->10->31->11->8->5->4->32->53
711;0;25;12->4->32->2->20->23->15->42->49->29->38->14->46->8->3->11->43->9->5->21->51->47->44->10->6->16
712;0;25;24->53->26->45->39->14->20->23->15->42->49->29->38->12->8->3->11->43->9->2->6->16->21->51->47->44
713;0;25;42->57->35->47->44->14->20->23->15->33->12->53->26->45->39->30->24->5->4->32->2->6->16->21->51->49
714;0;25;14->44->10->29->38->12->53->26->45->39->30->23->15->42->49->19->9->2->20->24->5->4->32->6->16->21
715;0;25;29->22->36->9->2->20->23->15->42->49->19->34->51->47->44->14->46->8->3->11->43->35->4->32->6->16
716;0;25;39->8->3->20->23->15->42->49->29->38->14->46->4->32->2->6->16->21->51->47->44->10->31->11->43->9
717;0;25;47->18->2->20->23->15->42->49->29->38->14->46->8->3->11->43->9->5->4->32->6->16->21->51->33->12
718;0;25;5->45->39->14->20->23->15->42->49->29->38->12->53->26->35->47->44->10->6->16->21->51->33->57->31->11
719;0;25;39->29->38->14->20->23->15->42->49->19->9->2->6->16->21->51->47->44->10->31->11->8->3->28->7->4
720;0;25;45->24->5->4->32->2->20->23->15->42->49->29->38->14->46->8->3->11->43->9->12->53->26->35->47->44
721;0;25;20->5->4->32->2->6->16->15->42->49->29->38->14->46->8->3->11->43->9->12->53->26->45->39->30->23
722;0;25;36->8->3->20->23->15->42->49->29->38->14->46->4->32->2->6->16->21->51->47->44->10->31->11->43->9
723;0;25;4->21->51->47->44->14->20->23->15->42->49->29->38->12->53->26->45->39->30->24->5->43->3->11->8->6
724;0;25;2->44->14->20->23->15->42->49->29->38->12->53->26->45->39->30->24->5->4->32->6->16->21->51->47->22
725;0;25;38->10->29->36->9->2->20->23->15->42->49->19->34->51->47->44->14->46->8->3->11->43->35->4->32->6
726;0;25;47->6->16->15->42->49->29->38->14->20->23->26->45->39->30->24->5->4->32->2->19->9->3->11->8->48
727;0;25;42->2->20->23->15->33->12->53->26->45->39->14->46->8->3->11->43->9->5->4->32->6->16->21->51->47
728;0;25;3->17->47->44->14->20->23->15->42->49->29->38->12->53->26->45->39->30->24->5->4->32->2->6->16->21
730;0;25;17->11->8->3->20->23->15->42->49->29->38->14->46->4->32->2->6->16->21->51->47->44->10->31->45->39
731;0;25;30->43->3->20->23->15->42->49->29->38->14->46->8->5->4->32->2->6->16->21->51->47->44->10->31->11
734;0;25;39->16->15->42->49->29->38->14->20->23->26->45->47->44->10->6->32->2->19->9->5->4->22->36->31->11
735;0;25;32->26->45->39->14->20->23->15->42->49->29->38->12->53->4->22->36->9->2->6->16->21->51->47->44->10
736;0;25;29->21->51->47->44->14->20->23->15->42->49->19->9->2->6->16->28->7->4->32->53->26->45->39->30->24
737;0;25;33->6->16->15->42->49->29->38->14->20->23->26->45->39->30->24->5->4->32->2->19->9->3->11->8->47
738;0;25;28->22->36->9->2->20->23->15->42->49->29->38->14->46->8->3->11->43->35->47->44->10->6->16->21->51
739;0;25;42->16->15->33->12->53->26->45->39->14->20->23->3->11->8->5->4->32->2->6->19->9->37->48->44->10
740;0;25;20->9->2->6->16->15->42->49->29->38->14->46->8->3->11->43->35->47->44->10->31->45->39->30->23->26
741;0;25;6->45->39->14->20->23->15->42->49->29->38->12->53->26->35->47->44->10->31->11->8->3->28->2->19->9
743;0;25;44->17->3->20->23->15->42->49->29->38->14->46->8->5->4->32->2->6->16->21->51->47->22->36->9->12
745;0;25;8->49->29->38->14->20->23->15->42->40->2->6->16->21->51->47->44->10->31->11->43->3->28->7->19->9
747;0;25;16->5->4->32->2->20->23->15->42->49->29->38->14->46->8->3->11->43->9->12->53->26->45->39->30->24
748;0;25;12->49->29->38->14->20->23->15->42->40->2->6->16->21->51->47->44->10->31->11->8->3->28->7->19->9
749;0;25;9->8->3->20->23->15->42->49->29->38->14->46->4->32->2->6->16->21->51->47->44->10->31->11->43->35
750;0;25;34->3->20->23->15->42->49->29->38->14->46->8->5->4->32->2->6->16->21->51->47->44->10->31->11->43
751;0;25;26->22->36->9->2->20->23->15->42->49->29->38->14->46->8->3->11->43->35->47->44->10->6->16->21->51
752;0;25;20->39->14->46->8->3->11->43->9->2->6->16->15->42->49->29->38->12->53->26->45->47->44->10->31->33
753;0;25;34->44->14->20->23->15->42->49->29->38->12->53->26->45->39->30->24->5->4->32->2->6->16->21->51->47
754;0;25;9->46->8->3->20->23->15->42->49->29->38->14->50->13->22->36->31->11->43->35->47->44->10->6->16->21
755;0;25;51->1->53->26->45->39->14->20->23->15->42->49->29->38->12->8->3->11->43->9->2->6->16->21->30->24
756;0;25;30->20->23->15->42->49->29->38->14->46->8->3->11->43->9->2->6->16->21->51->47->44->10->31->45->39
757;0;25;14->26->45->39->30->23->15->42->49->29->38->12->53->4->32->2->20->24->5->43->3->11->8->6->16->21
758;0;25;51->2->20->23->15->42->49->29->38->14->46->8->3->11->43->9->5->4->32->6->16->21->1->53->26->45
759;0;25;42->8->3->20->23->15->33->12->53->26->45->39->14->46->4->32->2->6->16->21->51->47->44->10->29->38
760;0;25;34->38->14->20->23->15->42->49->29->36->9->2->6->16->21->51->47->44->10->31->11->8->3->28->7->19
761;0;25;27->32->2->20->23->15->42->49->29->38->14->46->8->3->11->43->9->5->4->22->36->31->45->39->30->24
763;0;25;44->8->3->20->23->15->42->49->29->38->14->46->4->32->2->6->16->21->51->47->22->36->9->5->43->35
764;0;25;20->10->29->38->14->46->8->3->11->43->9->2->6->16->15->42->49->19->23->26->45->39->30->24->5->4
765;0;25;28->14->20->23->15->42->49->29->38->12->53->26->45->39->30->24->5->4->32->2->6->16->21->51->47->44
766;0;25;14->15->42->49->29->38->12->53->26->45->39->30->23->3->20->24->5->4->32->2->6->16->21->51->47->44
767;0;25;53->33->12->38->14->20->23->15->42->49->29->36->9->2->6->16->21->51->47->44->10->31->11->8->3->28
769;0;25;51->9->2->20->23->15->42->49->29->38->14->46->8->3->11->43->35->47->44->10->6->16->21->1->53->26
770;0;25;3->42->49->29->38->14->20->23->15->33->12->53->26->45->39->30->24->5->4->32->2->6->16->21->51->47
771;0;25;5->8->3->20->23->15->42->49->29->38->14->46->4->32->2->6->16->21->51->47->44->10->31->11->43->9
772;0;25;19->53->26->45->39->14->20->23->15->42->49->29->38->12->8->3->11->43->9->2->6->16->21->51->47->44
773;0;25;29->30->23->15->42->49->19->9->2->20->24->5->4->32->6->16->21->51->47->44->14->46->8->3->11->43
775;0;25;43->27->44->14->20->23->15->42->49->29->38->12->53->26->45->39->30->24->5->4->32->2->6->16->21->51
777;0;25;48->53->26->45->39->14->20->23->15->42->49->29->38->12->8->3->11->43->9->2->6->16->21->51->47->44
779;0;25;5->22->36->9->2->20->23->15->42->49->29->38->14->46->8->3->11->43->35->47->44->10->6->16->21->51
780;0;25;22->44->14->20->23->15->42->49->29->38->12->53->26->45->39->30->24->5->4->32->2->6->16->21->51->47
781;0;25;53->10->29->38->14->20->23->15->42->49->19->9->2->6->16->21->51->47->44->12->8->3->11->43->35->4
781;23;25;43->35->4->32->27->24->5->31->45->39->30->46->48->57->18->41->1->34->33->40->26->50->13->22->36->7
782;0;25;32->11->8->3->20->23->15->42->49->29->38->14->46->4->22->36->9->2->6->16->21->51->47->44->10->31
783;0;25;12->9->2->20->23->15->42->49->29->38->14->46->8->3->11->43->35->47->44->10->6->16->21->51->33->57
784;0;25;32->10->29->38->14->20->23->15->42->49->19->9->2->6->16->21->51->47->44->12->53->26->45->39->30->24
785;0;25;7->16->15->42->49->29->38->14->20->23->26->45->39->30->24->5->4->32->2->6->19->9->3->11->8->47
786;0;25;36->16->15->42->49->29->38->14->20->23->26->45->39->30->24->5->4->32->2->6->19->9->3->11->8->47
787;0;25;53->19->23->15->42->49->29->38->14->20->24->5->4->32->2->6->16->21->51->47->44->10->31->11->8->3
788;0;25;17->15->42->49->29->38->14->20->23->26->45->39->30->24->5->4->32->2->6->16->21->51->47->44->10->31
789;0;25;41->47->44->14->20->23->15->42->49->29->38->12->53->26->45->39->30->24->5->4->32->2->6->16->21->51
790;0;25;27->38->14->20->23->15->42->49->29->36->9->2->6->16->21->51->47->44->10->31->11->8->3->28->7->19
791;0;25;51->10->29->38->14->20->23->15->42->49->19->9->2->6->16->21->1->53->26->45->39->30->24->5->4->32
792;0;25;45->36->9->2->20->23->15->42->49->29->38->14->46->8->3->11->43->35->47->44->10->6->16->21->51->33
793;0;25;41->53->26->45->39->14->20->23->15->42->49->29->38->12->8->3->11->43->9->2->6->16->21->51->47->44
794;0;25;28->57->35->47->44->14->20->23->15->42->49->29->38->12->53->26->45->39->30->24->5->4->32->2->6->16
795;0;25;39->11->8->3->20->23->15->42->49->29->38->14->46->4->32->2->6->16->21->51->47->44->10->31->45->9
796;0;25;47->50->14->20->23->15->42->49->29->38->12->53->26->45->39->30->24->5->4->32->2->6->16->21->51->33
796;24;25;51->33->57->35->43->3->11->8->48->44->10->31->22->36->9->37->28->7->19->34->1->41->46->27->18->13
798;0;25;18->9->2->20->23->15->42->49->29->38->14->46->8->3->11->43->35->47->44->10->6->16->21->51->33->12
799;0;25;9->19->23->15->42->49->29->38->14->20->24->5->4->32->2->6->16->21->51->47->44->10->31->11->8->3
800;0;25;50->11->8->3->20->23->15->42->49->29->38->14->46->4->32->2->6->16->21->51->47->44->10->31->45->39
801;0;25;12->51->47->44->14->20->23->15->42->49->29->38->6->16->21->2->19->9->5->4->32->53->26->45->39->30
802;0;25;31->21->51->47->44->14->20->23->15->42->49->29->38->12->53->26->45->39->30->24->5->4->32->2->6->16
803;0;25;5->50->14->20->23->15->42->49->29->38->12->53->26->45->39->30->24->48->44->10->6->16->21->51->47->22
804;0;25;42->12->53->26->45->39->14->20->23->15->33->57->35->47->44->10->29->38->6->16->21->51->49->19->9->2
805;0;25;4->47->44->14->20->23->15->42->49->29->38->12->53->26->45->39->30->24->5->43->3->11->8->6->16->21
806;0;25;16->43->3->20->23->15->42->49->29->38->14->46->8->5->4->32->2->6->39->30->24->48->44->10->31->11
807;0;25;22->11->8->3->20->23->15->42->49->29->38->14->46->4->32->2->6->16->21->51->47->44->10->31->45->39
808;0;25;46->44->14->20->23->15->42->49->29->38->12->53->26->45->39->30->24->5->4->32->2->6->16->21->51->47
809;0;25;37->45->39->14->20->23->15->42->49->29->38->12->53->26->35->47->44->10->6->16->21->51->33->57->31->11
810;0;25;15->26->45->39->14->20->23->3->11->8->5->4->32->2->6->16->21->51->47->44->10->29->38->12->53->43
811;0;25;22->34->9->2->20->23->15->42->49->29->38->14->46->8->3->11->43->35->47->44->10->6->16->21->51->33
812;0;25;14->2->20->23->15->42->49->29->38->12->53->26->45->39->30->24->5->4->32->6->16->21->51->47->44->10
813;0;25;31->16->15->42->49->29->38->14->20->23->26->45->39->30->24->5->4->32->2->6->19->9->3->11->8->47
814;0;25;9->32->2->20->23->15->42->49->29->38->14->46->8->3->11->43->35->47->44->10->6->16->21->51->33->12
815;0;25;51->38->14->20->23->15->42->49->29->36->9->2->6->16->21->1->53->26->45->39->30->24->5->4->32->47
816;0;25;23->33->12->53->26->45->39->14->20->24->5->4->32->2->6->16->15->42->49->29->38->37->48->44->10->31
817;0;25;41->21->51->47->44->14->20->23->15->42->49->29->38->12->53->26->45->39->30->24->5->4->32->2->6->16
818;0;25;24->49->29->38->14->20->23->15->42->40->2->6->16->21->51->47->44->10->31->11->8->3->28->7->19->9
819;0;25;32->8->3->20->23->15->42->49->29->38->14->46->4->22->36->9->2->6->16->21->51->47->44->10->31->11
820;0;25;9->33->12->53->26->45->39->14->20->23->15->42->49->29->38->6->16->21->51->47->44->10->31->11->8->3
821;0;25;28->5->4->32->2->20->23->15->42->49->29->38->14->46->8->3->11->43->9->12->53->26->45->39->30->24
822;0;25;42->7->19->23->15->33->12->53->26->45->39->14->20->24->5->4->32->2->6->16->21->51->47->44->10->29
823;0;25;29->5->4->32->2->20->23->15->42->49->19->9->3->11->8->6->16->21->51->47->44->14->46->35->43->53
825;0;25;34->57->35->47->44->14->20->23->15->42->49->29->38->12->53->26->45->39->30->24->5->4->32->2->6->16
826;0;25;50->35->47->44->14->20->23->15->42->49->29->38->12->53->26->45->39->30->24->5->4->32->2->6->16->21
827;0;25;1->22->36->9->2->20->23->15->42->49->29->38->14->46->8->3->11->43->35->47->44->10->6->16->21->51
828;0;25;41->2->20->23->15->42->49->29->38->14->46->8->3->11->43->9->5->4->32->6->16->21->51->47->44->10
829;0;25;37->9->2->20->23->15->42->49->29->38->14->46->8->3->11->43->35->47->44->10->6->16->21->51->33->12
830;0;25;23->32->2->20->24->5->4->22->36->9->3->11->8->6->16->15->42->49->29->38->14->46->35->47->44->10
832;0;25;26->24->5->4->32->2->20->23->15->42->49->29->38->14->46->8->3->11->43->9->12->53->36->31->45->39
834;0;25;14->39->30->23->15->42->49->29->38->12->53->26->45->47->44->10->6->16->21->51->33->57->35->43->3->20
835;0;25;4->31->11->8->3->20->23->15->42->49->29->38->14->46->35->47->44->10->6->16->21->51->33->12->53->26
836;0;25;5->1->53->26->45->39->14->20->23->15->42->49->29->38->12->8->3->11->43->9->2->6->16->21->51->47
837;0;25;29->18->2->20->23->15->42->49->19->9->5->4->32->6->16->21->51->47->44->14->46->8->3->11->43->35
838;0;25;1->47->44->14->20->23->15->42->49->29->38->12->53->26->45->39->30->24->5->4->32->2->6->16->21->51
839;0;25;38->44->14->20->23->15->42->49->29->36->9->2->6->16->21->51->47->22->41->24->5->4->32->53->26->45
841;0;25;37->11->8->3->20->23->15->42->49->29->38->14->46->4->32->2->6->16->21->51->47->44->10->31->45->39
842;0;25;44->46->8->3->20->23->15->42->49->29->38->14->50->13->22->36->9->2->6->16->21->51->47->17->48->5
842;19;25;16->21->51->47->17->48->5->4->32->53->26->45->39->30->24->33->12->27->1->34->11->43->35->41->19->57
843;0;25;44->38->14->20->23->15->42->49->29->36->9->2->6->16->21->51->47->22->41->24->5->4->32->53->26->45
844;0;25;34->32->2->20->23->15->42->49->29->38->14->46->8->3->11->43->9->5->4->22->36->31->45->39->30->24
845;0;25;2->8->3->20->23->15->42->49->29->38->14->46->4->32->6->16->21->51->47->44->10->31->11->43->9->5
846;0;25;43->19->23->15->42->49->29->38->14->20->24->5->4->32->2->6->16->21->51->47->44->10->31->11->8->3
847;0;25;18->1->53->26->45->39->14->20->23->15->42->49->29->38->12->8->3->11->43->9->2->6->16->21->51->47
848;0;25;31->41->24->5->4->32->2->20->23->15->42->49->29->38->14->46->8->3->11->43->9->12->53->26->45->39
849;0;25;7->3->20->23->15->42->49->29->38->14->46->8->5->4->32->2->6->16->21->51->47->44->10->31->11->43
851;0;25;30->15->42->49->29->38->14->20->23->26->45->39->47->44->10->6->16->21->51->33->12->53->4->32->2->19
852;0;25;33->1->53->26->45->39->14->20->23->15->42->49->29->38->12->8->3->11->43->9->2->6->16->21->51->47
853;0;25;8->31->11->43->3->20->23->15->42->49->29->38->14->46->4->32->2->6->16->21->51->47->44->10->35->50
854;0;25;15->22->36->9->2->20->23->26->45->39->14->46->8->3->11->43->35->47->44->10->29->38->12->53->4->32
855;0;25;49->2->20->23->15->42->40->46->8->3->11->43->9->5->4->32->6->16->21->51->47->44->14->50->13->22
856;0;25;49->24->5->4->32->2->20->23->15->42->40->46->8->3->11->43->9->12->53->26->45->39->14->50->13->22
857;0;25;44->21->51->47->22->36->9->2->20->23->15->42->49->29->38->14->46->8->3->11->43->35->4->32->6->16
858;0;25;46->11->8->3->20->23->15->42->49->29->38->14->50->13->22->36->9->2->6->16->21->51->47->44->10->31
859;0;25;19->12->53->26->45->39->14->20->23->15->42->49->29->38->6->16->21->51->47->44->10->31->11->8->3->28
860;0;25;47->36->9->2->20->23->15->42->49->29->38->14->46->8->3->11->43->35->4->32->6->16->21->51->33->12
861;0;25;34->45->39->14->20->23->15->42->49->29->38->12->53->26->35->47->44->10->6->16->21->51->33->57->31->11
862;0;25;9->30->23->15->42->49->29->38->14->20->24->5->4->32->2->6->16->21->51->47->44->10->31->11->8->3
863;0;25;19->47->44->14->20->23->15->42->49->29->38->12->53->26->45->39->30->24->5->4->32->2->6->16->21->51
864;0;25;28->34->9->2->20->23->15->42->49->29->38->14->46->8->3->11->43->35->47->44->10->6->16->21->51->33
865;0;25;38->22->36->9->2->20->23->15->42->49->29->53->26->45->39->14->46->8->3->11->43->35->47->44->10->6
866;0;25;12->3->20->23->15->42->49->29->38->14->46->8->5->4->32->2->6->16->21->51->47->44->10->31->11->43
868;0;25;22->10->29->38->14->20->23->15->42->49->19->9->2->6->16->21->51->47->44->12->53->26->45->39->30->24
869;0;25;49->50->14->20->23->15->42->40->2->6->16->21->51->47->44->10->29->38->12->53->26->45->39->30->24->5
872;0;25;48->22->36->9->2->20->23->15->42->49->29->38->14->46->8->3->11->43->35->47->44->10->6->16->21->51
873;0;25;35->49->29->38->14->20->23->15->42->40->2->6->16->21->51->47->44->10->31->11->8->3->28->7->19->9
873;23;25;7->19->9->5->4->32->53->26->45->39->30->24->48->12->27->1->34->33->57->18->41->50->13->22->36->43
875;0;25;44->47->22->36->9->2->20->23->15->42->49->29->38->14->46->8->3->11->43->35->4->32->6->16->21->51
876;0;25;29->8->3->20->23->15->42->49->19->9->2->6->16->21->51->47->44->14->46->4->32->53->26->45->39->30
877;0;25;29->13->14->20->23->15->42->49->19->9->2->6->16->21->51->47->44->10->31->11->8->3->28->7->4->32
878;0;25;41->14->20->23->15->42->49->29->38->12->53->26->45->39->30->24->5->4->32->2->6->16->21->51->47->44
879;0;25;6->13->14->20->23->15->42->49->29->38->12->53->26->45->39->30->24->5->4->32->2->19->9->3->11->8
880;0;25;15->44->14->20->23->26->45->39->30->24->5->4->32->2->6->16->21->51->47->22->36->9->3->11->8->48
881;0;25;44->33->12->53->26->45->39->14->20->23->15->42->49->29->38->6->16->21->51->47->22->36->9->2->19->34
882;0;25;28->9->2->20->23->15->42->49->29->38->14->46->8->3->11->43->35->47->44->10->6->16->21->51->33->12
883;0;25;7->6->16->15->42->49->29->38->14->20->23->26->45->39->30->24->5->4->32->2->19->9->3->11->8->47
884;0;25;6->33->12->53->26->45->39->14->20->23->15->42->49->29->38->37->48->44->10->31->11->8->3->28->2->19
885;0;25;8->36->9->2->20->23->15->42->49->29->38->14->46->4->32->6->16->21->51->47->44->10->31->11->43->3
886;0;25;38->42->49->29->36->9->2->20->23->15->33->12->53->26->45->39->14->46->8->3->11->43->35->47->44->10
888;0;25;31->9->2->20->23->15->42->49->29->38->14->46->8->3->11->43->35->47->44->10->6->16->21->51->33->12
889;0;25;9->17->3->20->23->15->42->49->29->38->14->46->8->5->4->32->2->6->16->21->51->47->44->10->31->11
890;0;25;20->46->8->3->11->43->9->2->6->16->15->42->49->29->38->14->50->13->22->36->31->45->39->30->23->26
891;0;25;4->6->16->15->42->49->29->38->14->20->23->26->45->39->30->24->5->43->3->11->8->47->44->10->31->33
892;0;25;33->36->9->2->20->23->15->42->49->29->38->14->46->8->3->11->43->35->47->44->10->6->16->21->51->40
893;0;25;6->27->44->14->20->23->15->42->49->29->38->12->53->26->45->39->30->24->5->4->32->2->19->9->3->11
894;0;25;44->40->2->20->23->15->42->49->29->38->14->46->8->3->11->43->9->5->4->32->6->16->21->51->47->22
895;0;25;57->32->2->20->23->15->42->49->29->38->14->46->8->3->11->43->9->5->4->22->36->31->45->39->30->24
896;0;25;22->31->11->8->3->20->23->15->42->49->29->38->14->46->4->32->2->6->16->21->51->47->44->10->43->9
897;0;25;15->37->14->20->23->26->45->39->30->24->5->4->32->2->6->16->21->51->47->44->10->29->38->12->53->43
898;0;25;32->48->44->14->20->23->15->42->49->29->38->12->53->26->45->39->30->24->5->4->22->36->9->2->6->16
899;0;25;21->4->32->2->20->23->15->42->49->29->38->14->46->8->3->11->43->9->5->16->28->7->19->34->51->47
900;0;25;47->16->15->42->49->29->38->14->20->23->26->45->39->30->24->5->4->32->2->6->19->9->3->11->8->48
901;0;25;45->50->14->20->23->15->42->49->29->38->12->53->26->35->47->44->10->6->16->21->51->33->57->31->11->8
902;0;25;20->15->42->49->29->38->14->46->8->3->11->43->9->2->6->16->21->51->47->44->10->31->45->39->30->23
903;0;25;29->44->14->20->23->15->42->49->19->9->2->6->16->21->51->47->22->36->31->11->8->3->28->7->4->32
904;0;25;2->32->6->16->15->42->49->29->38->14->20->23->26->45->39->30->24->5->4->22->36->9->3->11->8->47
905;0;25;11->4->32->2->20->23->15->42->49->29->38->14->46->8->3->28->7->19->9->5->43->35->47->44->10->6
906;0;25;8->57->35->47->44->14->20->23->15->42->49->29->38->12->53->26->45->39->30->24->5->4->32->2->6->16
907;0;25;11->20->23->15->42->49->29->38->14->46->8->3->28->2->6->16->21->51->47->44->10->31->45->39->30->24
908;0;25;23->19->9->2->20->24->5->4->32->6->16->15->42->49->29->38->14->46->8->3->11->43->35->47->44->10
909;0;25;12->11->8->3->20->23->15->42->49->29->38->14->46->4->32->2->6->16->21->51->47->44->10->31->45->39
910;0;25;11->29->38->14->20->23->15->42->49->19->9->2->6->16->21->51->47->44->10->31->45->39->30->24->5->4
911;0;25;35->15->42->49->29->38->14->20->23->26->45->39->30->24->5->4->32->2->6->16->21->51->47->44->10->31
912;0;25;49->48->44->14->20->23->15->42->40->2->6->16->21->51->47->22->36->9->5->4->32->29->38->12->53->26
912;24;25;53->26->45->39->30->24->33->57->35->43->3->11->8->28->7->19->34->1->50->13->17->37->46->31->10->18
913;0;25;11->27->44->14->20->23->15->42->49->29->38->12->53->26->45->39->30->24->5->4->32->2->6->16->21->51
914;0;25;49->37->14->20->23->15->42->40->2->6->16->21->51->47->44->10->29->38->12->53->26->45->39->30->24->5
915;0;25;23->16->15->42->49->29->38->14->20->24->5->4->32->2->6->39->30->53->26->45->47->44->10->31->11->8
916;0;25;10->26->45->39->14->20->23->15->42->49->29->38->12->53->4->32->2->6->16->21->51->47->44->19->9->5
917;0;25;4->48->44->14->20->23->15->42->49->29->38->12->53->26->45->39->30->24->5->43->3->11->8->6->16->21
918;0;25;45->32->2->20->23->15->42->49->29->38->14->46->8->3->11->43->9->5->4->22->36->31->44->10->6->16
919;0;25;9->27->44->14->20->23->15->42->49->29->38->12->53->26->45->39->30->24->5->4->32->2->6->16->21->51
920;0;25;16->49->29->38->14->20->23->15->42->40->2->6->39->30->24->5->4->32->21->51->47->44->10->31->11->8
921;0;25;15->2->20->23->26->45->39->14->46->8->3->11->43->9->5->4->32->6->16->21->51->47->44->10->29->38
922;0;25;14->17->3->20->23->15->42->49->29->38->12->53->26->45->39->30->24->5->4->32->2->6->16->21->51->47
923;0;25;11->48->44->14->20->23->15->42->49->29->38->12->53->26->45->39->30->24->5->4->32->2->6->16->21->51
925;0;25;53->45->39->14->20->23->15->42->49->29->38->12->8->3->11->43->9->2->6->16->21->51->47->44->10->31
926;0;25;26->6->16->15->42->49->29->38->14->20->23->3->11->8->5->4->32->2->19->9->12->53->43->35->47->44
927;0;25;53->37->14->20->23->15->42->49->29->38->12->8->3->11->43->9->2->6->16->21->51->47->44->10->31->45
928;0;25;32->19->23->15->42->49->29->38->14->20->24->5->4->22->36->9->2->6->16->21->51->47->44->10->31->11
929;0;25;35->28->2->20->23->15->42->49->29->38->14->46->8->3->11->43->9->5->4->32->6->16->21->51->47->44
930;0;25;13->5->4->32->2->20->23->15->42->49->29->38->14->46->8->3->11->43->9->12->53->26->45->39->30->24
931;0;25;4->50->14->20->23->15->42->49->29->38->12->53->26->45->39->30->24->5->43->3->11->8->6->16->21->51
932;0;25;9->47->44->14->20->23->15->42->49->29->38->12->53->26->45->39->30->24->5->4->32->2->6->16->21->51
933;0;25;45->1->53->26->35->47->44->14->20->23->15->42->49->29->38->12->8->3->11->43->9->2->6->16->21->51
934;0;25;23->53->26->45->39->14->20->24->5->4->32->2->6->16->15->42->49->29->38->12->8->3->11->43->9->37
935;0;25;44->42->49->29->38->14->20->23->15->33->12->53->26->45->39->30->24->5->4->32->2->6->16->21->51->47
936;0;25;32->3->20->23->15->42->49->29->38->14->46->8->5->4->22->36->9->2->6->16->21->51->47->44->10->31
937;0;25;41->28->2->20->23->15->42->49->29->38->14->46->8->3->11->43->9->5->4->32->6->16->21->51->47->44
938;0;25;1->5->4->32->2->20->23->15->42->49->29->38->14->46->8->3->11->43->9->12->53->26->45->39->30->24
939;0;25;40->20->23->15->42->49->29->38->14->46->8->3->11->43->9->2->6->16->21->51->47->44->10->31->45->39
940;0;25;15->12->53->26->45->39->14->20->23->3->11->8->5->4->32->2->6->16->21->51->47->44->10->29->38->37
941;0;25;13->45->39->14->20->23->15->42->49->29->38->12->53->26->35->47->44->10->6->16->21->51->33->57->31->11
942;0;25;57->22->36->9->2->20->23->15->42->49->29->38->14->46->8->3->11->43->35->47->44->10->6->16->21->51
943;0;25;36->45->39->14->20->23->15->42->49->29->38->12->53->26->35->47->44->10->6->16->21->51->33->57->31->11
944;0;25;57->45->39->14->20->23->15->42->49->29->38->12->53->26->35->47->44->10->6->16->21->51->33->3->11->8
945;0;25;21->49->29->38->14->20->23->15->42->40->2->6->16->28->7->19->9->5->4->32->47->44->10->31->11->8
946;0;25;51->28->2->20->23->15->42->49->29->38->14->46->8->3->11->43->9->5->4->32->6->16->21->1->53->26
948;0;25;42->20->23->15->33->12->53->26->45->39->14->46->8->3->11->43->9->2->6->16->21->51->47->44->10->29
949;0;25;16->10->29->38->14->20->23->15->42->49->19->9->2->6->39->30->24->5->4->32->21->51->47->44->12->53
950;0;25;31->15->42->49->29->38->14->20->23->26->45->39->30->24->5->4->32->2->6->16->21->51->47->44->10->43
951;0;25;11->39->14->20->23->15->42->49->29->38->12->53->26->45->47->44->10->6->16->21->51->33->57->35->43->3
952;0;25;47->13->14->20->23->15->42->49->29->38->12->53->26->45->39->30->24->5->4->32->2->6->16->21->51->33
953;0;25;51->18->2->20->23->15->42->49->29->38->14->46->8->3->11->43->9->5->4->32->6->16->21->1->53->26
954;0;25;40->19->23->15->42->49->29->38->14->20->24->5->4->32->2->6->16->21->51->47->44->10->31->11->8->3
955;0;25;9->49->29->38->14->20->23->15->42->40->2->6->16->21->51->47->44->10->31->11->8->3->28->7->19->34
955;24;25;19->34->1->53->26->45->39->30->24->5->4->32->27->18->41->50->13->22->36->57->35->43->17->48->12->46
956;0;25;31->18->2->20->23->15->42->49->29->38->14->46->8->3->11->43->9->5->4->32->6->16->21->51->47->44
958;0;25;24->30->23->15->42->49->29->38->14->20->11->8->3->28->2->6->16->21->51->47->44->10->31->45->39->35
959;0;25;36->2->20->23->15->42->49->29->38->14->46->8->3->11->43->9->5->4->32->6->16->21->51->47->44->10
960;0;25;16->57->35->47->44->14->20->23->15->42->49->29->38->12->53->26->45->39->30->24->5->4->32->2->6->19
961;0;25;19->5->4->32->2->20->23->15->42->49->29->38->14->46->8->3->11->43->9->12->53->26->45->39->30->24
962;0;25;14->11->8->3->20->23->15->42->49->29->38->12->53->26->45->39->30->24->5->4->32->2->6->16->21->51
963;0;25;31->14->20->23->15->42->49->29->38->12->53->26->45->39->30->24->5->4->32->2->6->16->21->51->47->44
964;0;25;53->50->14->20->23->15->42->49->29->38->12->8->3->11->43->9->2->6->16->21->51->47->44->10->31->45
965;0;25;11->50->14->20->23->15->42->49->29->38->12->53->26->45->39->30->24->5->4->32->2->6->16->21->51->47
966;0;25;4->44->14->20->23->15->42->49->29->38->12->53->26->45->39->30->24->5->43->3->11->8->6->16->21->51
967;0;25;5->29->38->14->20->23->15->42->49->19->9->2->6->16->21->51->47->44->10->31->11->8->3->28->7->4
970;0;25;5->57->35->47->44->14->20->23->15->42->49->29->38->12->53->26->45->39->30->24->48->16->21->51->33->3
971;0;25;10->48->44->14->20->23->15->42->49->29->38->12->53->26->45->39->30->24->5->4->32->2->6->16->21->51
972;0;25;16->1->53->26->45->39->14->20->23->15->42->49->29->38->12->8->3->11->43->9->2->6->32->21->51->47
973;0;25;33->48->44->14->20->23->15->42->49->29->38->12->53->26->45->39->30->24->5->4->32->2->6->16->21->51
974;0;25;45->15->42->49->29->38->14->20->23->26->35->47->44->10->6->16->21->51->33->12->53->4->32->2->19->9
975;0;25;46->22->36->9->2->20->23->15->42->49->29->38->14->50->13->32->6->16->21->51->47->44->10->31->11->8
976;0;25;51->8->3->20->23->15->42->49->29->38->14->46->4->32->2->6->16->21->1->53->26->45->39->30->24->5
977;0;25;40->16->15->42->49->29->38->14->20->23->26->45->39->30->24->5->4->32->2->6->19->9->3->11->8->47
978;0;25;14->48->44->10->29->38->12->53->26->45->39->30->23->15->42->49->19->9->2->20->24->5->4->32->6->16
979;0;25;19->26->45->39->14->20->23->15->42->49->29->38->12->53->4->32->2->6->16->21->51->47->44->10->31->11
980;0;25;24->44->14->20->23->15->42->49->29->38->12->53->26->45->39->30->6->16->21->51->47->22->36->9->2->19
981;0;25;32->4->22->36->9->2->20->23->15->42->49->29->38->14->46->8->3->11->43->35->47->44->10->6->16->21
982;0;25;49->34->9->2->20->23->15->42->40->46->8->3->11->43->35->47->44->14->50->13->22->36->31->45->39->30
983;0;25;3->5->4->32->2->20->23->15->42->49->29->38->14->46->8->6->16->21->51->47->44->10->31->11->43->9
984;0;25;28->6->16->15->42->49->29->38->14->20->23->26->45->39->30->24->5->4->32->2->19->9->3->11->8->47
985;0;25;9->39->14->20->23->15->42->49->29->38->12->53->26->45->47->44->10->6->16->21->51->33->57->35->43->3
986;0;25;8->24->5->4->32->2->20->23->15->42->49->29->38->14->46->35->47->44->10->6->16->21->51->33->12->53
987;0;25;28->23->15->42->49->29->38->14->20->24->5->4->32->2->6->16->21->51->47->44->10->31->11->8->3->50
988;0;25;16->37->14->20->23->15->42->49->29->38->12->53->26->45->39->30->24->5->4->32->2->6->19->9->3->11
989;0;25;6->51->47->44->14->20->23->15->42->49->29->38->12->53->26->45->39->30->24->5->4->32->2->19->9->3
990;0;25;50->6->16->15->42->49->29->38->14->20->23->26->45->39->30->24->5->4->32->2->19->9->3->11->8->47
991;0;25;22->39->14->20->23->15->42->49->29->38->12->53->26->45->47->44->10->6->16->21->51->33->57->35->43->3
993;0;25;39->20->23->15->42->49->29->38->14->46->8->3->11->43->9->2->6->16->21->51->47->44->10->31->45->18
994;0;25;30->45->39->14->20->23->15->42->49->29->38->12->53->26->35->47->44->10->6->16->21->51->33->57->31->11
995;0;25;8->10->29->38->14->20->23->15->42->49->19->9->2->6->16->21->51->47->44->12->53->26->45->39->30->24
996;0;25;28->19->23->15->42->49->29->38->14->20->24->5->4->32->2->6->16->21->51->47->44->10->31->11->8->3
997;0;25;11->26->45->39->14->20->23->15->42->49->29->38->12->53->4->32->2->6->16->21->51->47->44->10->31->3
998;0;25;20->34->9->2->6->16->15->42->49->29->38->14->46->8->3->11->43->35->47->44->10->31->45->39->30->23
999;0;25;1->6->16->15->42->49->29->38->14->20->23->26->45->39->30->24->5->4->32->2->19->9->3->11->8->47
1000;0;25;17->14->20->23->15->42->49->29->38->12->53->26->45->39->30->24->5->4->32->2->6->16->21->51->47->44
1001;0;25;17->5->4->32->2->20->23->15->42->49->29->38->14->46->8->3->11->43->9->12->53->26->45->39->30->24
1002;0;25;33->8->3->20->23->15->42->49->29->38->14->46->4->32->2->6->16->21->51->47->44->10->31->11->43->9
1003;0;25;38->27->44->14->20->23->15->42->49->29->36->9->2->6->16->21->51->47->22->41->24->5->4->32->53->26
1004;0;25;20->31->11->8->3->28->2->6->16->15->42->49->29->38->14->46->4->32->21->51->47->44->10->43->9->5
1005;0;25;47->23->15->42->49->29->38->14->20->24->5->4->32->2->6->16->21->51->33->12->53->26->45->39->30->46
1006;0;25;38->48->44->14->20->23->15->42->49->29->36->9->2->6->16->21->51->47->22->41->24->5->4->32->53->26
1007;0;25;32->41->24->5->4->22->36->9->2->20->23->15->42->49->29->38->14->46->8->3->11->43->35->47->44->10
1008;0;25;32->5->4->22->36->9->2->20->23->15->42->49->29->38->14->46->8->3->11->43->35->47->44->10->6->16
1009;0;25;2->24->5->4->32->6->16->15->42->49->29->38->14->20->23->26->45->39->30->53->43->3->11->8->47->44
1010;0;25;57->8->3->20->23->15->42->49->29->38->14->46->4->32->2->6->16->21->51->47->44->10->31->11->43->9
1011;0;25;5->6->16->15->42->49->29->38->14->20->23->26->45->39->30->24->48->44->10->31->11->8->3->28->2->19
1012;0;25;40->15->42->49->29->38->14->20->23->26->45->39->30->24->5->4->32->2->6->16->21->51->47->44->10->31
1013;0;25;49->15->42->40->2->20->23->26->45->39->14->46->8->3->11->43->9->5->4->32->6->16->21->51->47->44
1014;0;25;33->14->20->23->15->42->49->29->38->12->53->26->45->39->30->24->5->4->32->2->6->16->21->51->47->44
1015;0;25;40->13->14->20->23->15->42->49->29->38->12->53->26->45->39->30->24->5->4->32->2->6->16->21->51->47
1016;0;25;3->30->23->15->42->49->29->38->14->20->24->5->4->32->2->6->16->21->51->47->44->10->31->11->8->48
1017;0;25;35->36->9->2->20->23->15->42->49->29->38->14->46->8->3->11->43->6->16->21->51->47->44->10->31->45
1018;0;25;44->9->2->20->23->15->42->49->29->38->14->46->8->3->11->43->35->47->22->36->31->45->39->30->24->5
1019;0;25;18->5->4->32->2->20->23->15->42->49->29->38->14->46->8->3->11->43->9->12->53->26->45->39->30->24
1020;0;25;42->30->23->15->33->12->53->26->45->39->14->20->24->5->4->32->2->6->16->21->51->47->44->10->29->38
1021;0;25;5->20->23->15->42->49->29->38->14->46->8->3->11->43->9->2->6->16->21->51->47->44->10->31->45->39
1022;0;25;5->18->2->20->23->15->42->49->29->38->14->46->8->3->11->43->9->12->53->26->45->39->30->24->48->44
1023;0;25;57->39->14->20->23->15->42->49->29->38->12->53->26->45->47->44->10->6->16->21->51->33->3->11->8->5
1024;0;25;3->7->19->23->15->42->49->29->38->14->20->24->5->4->32->2->6->16->21->51->47->44->10->31->11->8
1026;0;25;20->17->3->11->8->5->4->32->2->6->16->15->42->49->29->38->14->46->35->47->44->10->31->45->39->30
1027;0;25;38->32->2->20->23->15->42->49->29->36->9->5->4->22->41->24->48->44->14->46->8->3->11->43->35->47
1028;0;25;21->23->15->42->49->29->38->14->20->24->5->4->32->2->6->16->28->7->19->9->3->11->8->47->44->10
1029;0;25;23->12->53->26->45->39->14->20->24->5->4->32->2->6->16->15->42->49->29->38->37->48->44->10->31->11
1030;0;25;24->21->51->47->44->14->20->23->15->42->49->29->38->12->53->26->45->39->30->6->16->28->2->19->9->5
1031;0;25;39->42->49->29->38->14->20->23->15->33->12->53->26->45->47->44->10->6->16->21->51->46->8->3->11->43
1032;0;25;2->10->29->38->14->20->23->15->42->49->19->9->5->4->32->6->16->21->51->47->44->12->53->26->45->39
1033;0;25;8->9->2->20->23->15->42->49->29->38->14->46->4->32->6->16->21->51->47->44->10->31->11->43->3->28
1034;0;25;27->15->42->49->29->38->14->20->23->26->45->39->30->24->5->4->32->2->6->16->21->51->47->44->10->31
1035;0;25;41->16->15->42->49->29->38->14->20->23->26->45->39->30->24->5->4->32->2->6->19->9->3->11->8->47
1036;0;25;38->21->51->47->44->14->20->23->15->42->49->29->36->9->2->6->16->28->7->19->34->1->53->26->45->39
1037;0;25;43->41->24->5->4->32->2->20->23->15->42->49->29->38->14->46->8->3->11->30->53->26->45->39->47->44
1038;0;25;13->1->53->26->45->39->14->20->23->15->42->49->29->38->12->8->3->11->43->9->2->6->16->21->51->47
1039;0;25;11->36->9->2->20->23->15->42->49->29->38->14->46->8->3->28->7->19->34->51->47->44->10->6->16->21
1040;0;25;51->57->35->47->44->14->20->23->15->42->49->29->38->12->53->26->45->39->30->24->5->4->32->2->6->16
1041;0;25;46->2->20->23->15->42->49->29->38->14->50->13->22->36->9->5->4->32->6->16->21->51->47->44->10->31
1043;0;25;24->28->2->20->23->15->42->49->29->38->14->46->8->3->11->43->9->5->4->32->6->16->21->51->47->44
1044;0;25;21->41->24->5->4->32->2->20->23->15->42->49->29->38->14->46->8->3->11->43->9->12->53->26->45->39
1045;0;25;26->33->12->53->4->32->2->20->23->15->42->49->29->38->14->46->8->3->11->43->9->5->21->51->47->44
1046;0;25;21->53->26->45->39->14->20->23->15->42->49->29->38->12->8->3->11->43->9->2->6->16->28->7->19->34
1047;0;25;1->35->47->44->14->20->23->15->42->49->29->38->12->53->26->45->39->30->24->5->4->32->2->6->16->21
1049;0;25;11->22->36->9->2->20->23->15->42->49->29->38->14->46->8->3->28->7->19->34->51->47->44->10->6->16
1050;0;25;40->44->14->20->23->15->42->49->29->38->12->53->26->45->39->30->24->5->4->32->2->6->16->21->51->47
1051;0;25;22->21->51->47->44->14->20->23->15->42->49->29->38->12->53->26->45->39->30->24->5->4->32->2->6->16
1052;0;25;49->16->15->42->40->2->20->23->26->45->39->14->46->8->3->11->43->9->5->4->32->6->19->34->51->47
1053;0;25;42->19->23->15->33->12->53->26->45->39->14->20->24->5->4->32->2->6->16->21->51->47->44->10->29->38
1054;0;25;26->16->15->42->49->29->38->14->20->23->3->11->8->5->4->32->2->6->39->30->24->48->44->10->31->45
1055;0;25;5->39->14->20->23->15->42->49->29->38->12->53->26->45->47->44->10->6->16->21->51->33->57->35->43->3
1056;0;25;45->7->19->23->15->42->49->29->38->14->20->24->5->4->32->2->6->16->21->51->47->44->10->31->11->8
1057;0;25;26->44->14->20->23->15->42->49->29->38->12->53->4->32->2->6->16->21->51->47->22->36->9->5->43->3
1058;0;25;10->3->20->23->15->42->49->29->38->14->46->8->5->4->32->2->6->16->21->51->47->44->19->9->12->53
1059;0;25;30->16->15->42->49->29->38->14->20->23->26->45->39->47->44->10->6->32->2->19->9->5->4->22->36->31
1060;0;25;1->20->23->15->42->49->29->38->14->46->8->3->11->43->9->2->6->16->21->51->47->44->10->31->45->39
1061;0;25;16->29->38->14->20->23->15->42->49->19->9->2->6->39->30->24->5->4->32->21->51->47->44->10->31->11
1062;0;25;31->5->4->32->2->20->23->15->42->49->29->38->14->46->8->3->11->43->9->12->53->26->45->39->30->24
1063;0;25;45->44->14->20->23->15->42->49->29->38->12->53->26->35->47->22->36->9->2->6->16->21->51->33->57->31
1064;0;25;53->39->14->20->23->15->42->49->29->38->12->8->3->11->43->9->2->6->16->21->51->47->44->10->31->45
1065;0;25;35->13->14->20->23->15->42->49->29->38->12->53->26->45->39->30->24->5->4->32->2->6->16->21->51->47
1066;0;25;2->3->20->23->15->42->49->29->38->14->46->8->5->4->32->6->16->21->51->47->44->10->31->11->43->9
1067;0;25;20->35->47->44->14->46->8->3->11->43->9->2->6->16->15->42->49->29->38->12->53->26->45->39->30->23
1068;0;25;1->45->39->14->20->23->15->42->49->29->38->12->53->26->35->47->44->10->6->16->21->51->33->57->31->11
1069;0;25;44->6->16->15->42->49->29->38->14->20->23->26->45->39->30->24->5->4->32->2->19->9->3->11->8->47
1070;0;25;9->53->26->45->39->14->20->23->15->42->49->29->38->12->8->3->11->43->35->47->44->10->6->16->21->51
1071;0;25;31->28->2->20->23->15->42->49->29->38->14->46->8->3->11->43->9->5->4->32->6->16->21->51->47->44
1072;0;25;16->18->2->20->23->15->42->49->29->38->14->46->8->3->11->43->9->5->4->32->6->39->30->24->48->44
1073;0;25;53->16->15->42->49->29->38->14->20->23->26->45->39->30->24->5->4->32->2->6->19->9->3->11->8->47
1074;0;25;2->13->14->20->23->15->42->49->29->38->12->53->26->45->39->30->24->5->4->32->6->16->21->51->47->44
1075;0;25;9->13->14->20->23->15->42->49->29->38->12->53->26->45->39->30->24->5->4->32->2->6->16->21->51->47
1077;0;25;49->43->3->20->23->15->42->40->2->6->16->21->51->47->44->14->46->8->5->4->32->29->38->12->53->26
1078;0;25;31->23->15->42->49->29->38->14->20->24->5->4->32->2->6->16->21->51->47->44->10->43->3->11->8->48
1079;0;25;33->47->44->14->20->23->15->42->49->29->38->12->53->26->45->39->30->24->5->4->32->2->6->16->21->51
1082;0;25;8->14->20->23->15->42->49->29->38->12->53->26->45->39->30->24->5->4->32->2->6->16->21->51->47->44
1083;0;25;26->15->42->49->29->38->14->20->23->3->11->8->5->4->32->2->6->16->21->51->47->44->10->31->45->39
1084;0;25;36->20->23->15->42->49->29->38->14->46->8->3->11->43->9->2->6->16->21->51->47->44->10->31->45->39
1085;0;25;39->27->44->14->20->23->15->42->49->29->38->12->53->26->45->47->22->36->9->2->6->16->21->51->33->57
1086;0;25;33->22->36->9->2->20->23->15->42->49->29->38->14->46->8->3->11->43->35->47->44->10->6->16->21->51
1087;0;25;43->38->14->20->23->15->42->49->29->36->9->2->6->16->21->51->47->44->10->31->11->8->3->28->7->19
1088;0;25;57->49->29->38->14->20->23->15->42->40->2->6->16->21->51->47->44->10->31->11->8->3->28->7->19->9
1089;0;25;24->11->8->3->20->23->15->42->49->29->38->14->46->4->32->2->6->16->21->51->47->44->10->31->45->39
1090;0;25;3->43->9->2->20->23->15->42->49->29->38->14->46->8->5->4->32->6->16->21->51->47->44->10->31->11
1091;0;25;42->47->44->14->20->23->15->33->12->53->26->45->39->30->24->5->4->32->2->6->16->21->51->49->29->38
1091;25;25;38->37->48->57->35->43->3->11->8->28->7->19->9->50->13->22->36->31->10->17->27->1->34->40->46->41
1092;0;25;3->48->44->14->20->23->15->42->49->29->38->12->53->26->45->39->30->24->5->4->32->2->6->16->21->51
1093;0;25;3->39->14->20->23->15->42->49->29->38->12->53->26->45->47->44->10->6->16->21->51->33->57->35->43->9
1095;0;25;15->23->26->45->39->14->20->24->5->4->32->2->6->16->21->51->47->44->10->29->38->12->53->43->3->11
1096;0;25;49->35->47->44->14->20->23->15->42->40->2->6->16->21->51->33->12->53->26->45->39->30->24->5->4->32
1097;0;25;31->8->3->20->23->15->42->49->29->38->14->46->4->32->2->6->16->21->51->47->44->10->43->9->5->53
1098;0;25;4->35->47->44->14->20->23->15->42->49->29->38->12->53->26->45->39->30->24->5->43->3->11->8->6->16
1099;0;25;6->17->3->20->23->15->42->49->29->38->14->46->8->5->4->32->2->19->9->12->53->26->45->39->30->24
1100;0;25;23->47->44->14->20->24->5->4->32->2->6->16->15->42->49->29->38->12->53->26->45->39->30->46->8->3
1101;0;25;32->24->5->4->22->36->9->2->20->23->15->42->49->29->38->14->46->8->3->11->43->35->47->44->10->6
1102;0;25;43->57->35->47->44->14->20->23->15->42->49->29->38->12->53->26->45->39->30->24->5->4->32->2->6->16
1103;0;25;9->41->24->5->4->32->2->20->23->15->42->49->29->38->14->46->8->3->11->43->35->47->44->10->6->16
1104;0;25;36->5->4->32->2->20->23->15->42->49->29->38->14->46->8->3->11->43->9->12->53->26->45->39->30->24
1105;0;25;31->1->53->26->45->39->14->20->23->15->42->49->29->38->12->8->3->11->43->9->2->6->16->21->51->47
1106;0;25;20->51->47->44->14->46->8->3->11->43->9->2->6->16->15->42->49->29->38->12->53->26->45->39->30->23
1107;0;25;22->32->2->20->23->15->42->49->29->38->14->46->8->3->11->43->9->5->4->10->6->16->21->51->47->44
1108;0;25;10->23->15->42->49->29->38->14->20->24->5->4->32->2->6->16->21->51->47->44->19->9->3->11->8->48
1109;0;25;24->20->23->15->42->49->29->38->14->46->8->3->11->43->9->2->6->16->21->51->47->44->10->31->45->39
1110;0;25;14->4->32->2->20->23->15->42->49->29->38->12->53->26->45->39->30->24->5->43->3->11->8->6->16->21
1111;0;25;29->20->23->15->42->49->19->9->2->6->16->21->51->47->44->14->46->8->3->11->43->35->4->32->53->26
1112;0;25;10->49->29->38->14->20->23->15->42->40->2->6->16->21->51->47->44->19->9->5->4->32->53->26->45->39
1113;0;25;31->36->9->2->20->23->15->42->49->29->38->14->46->8->3->11->43->35->47->44->10->6->16->21->51->33
1114;0;25;8->1->53->26->45->39->14->20->23->15->42->49->29->38->12->27->44->10->6->16->21->51->47->22->36->9
1115;0;25;17->19->23->15->42->49->29->38->14->20->24->5->4->32->2->6->16->21->51->47->44->10->31->11->8->3
1116;0;25;5->26->45->39->14->20->23->15->42->49->29->38->12->53->4->32->2->6->16->21->51->47->44->10->31->11
1117;0;25;53->29->38->14->20->23->15->42->49->19->9->2->6->16->21->51->47->44->10->31->11->8->3->28->7->4
1117;20;25;11->8->3->28->7->4->32->27->24->5->43->35->50->13->22->36->57->18->41->45->39->30->46->48->12->1
1118;0;25;14->45->39->30->23->15->42->49->29->38->12->53->26->35->47->44->10->6->16->21->51->33->57->31->11->8
1119;0;25;45->26->35->47->44->14->20->23->15->42->49->29->38->12->53->4->32->2->6->16->21->51->33->57->31->11
1120;0;25;21->32->2->20->23->15->42->49->29->38->14->46->8->3->11->43->9->5->4->22->36->31->45->39->30->24
1121;0;25;20->14->46->8->3->11->43->9->2->6->16->15->42->49->29->38->12->53->26->45->39->30->23->21->51->47
1122;0;25;8->29->38->14->20->23->15->42->49->19->9->2->6->16->21->51->47->44->10->31->11->43->3->28->7->4
1123;0;25;2->34->9->5->4->32->6->16->15->42->49->29->38->14->20->23->26->45->39->30->24->48->44->10->31->11
1124;0;25;23->57->35->47->44->14->20->24->5->4->32->2->6->16->15->42->49->29->38->12->53->26->45->39->30->46
1125;0;25;15->45->39->14->20->23->26->35->47->44->10->29->38->12->53->4->32->2->6->16->21->51->49->19->9->5
1127;0;25;8->27->44->14->20->23->15->42->49->29->38->12->53->26->45->39->30->24->5->4->32->2->6->16->21->51
1128;0;25;39->32->2->20->23->15->42->49->29->38->14->46->8->3->11->43->9->5->4->22->36->31->45->47->44->10
1129;0;25;21->35->47->44->14->20->23->15->42->49->29->38->12->53->26->45->39->30->24->5->4->32->2->6->16->28
1130;0;25;45->22->36->9->2->20->23->15->42->49->29->38->14->46->8->3->11->43->35->47->44->10->6->16->21->51
1131;0;25;28->38->14->20->23->15->42->49->29->36->9->2->6->16->21->51->47->44->10->31->11->8->3->50->13->22
1132;0;25;43->22->36->9->2->20->23->15->42->49->29->38->14->46->8->3->11->30->24->5->4->32->6->16->21->51
1135;0;25;6->37->14->20->23->15->42->49->29->38->12->53->26->45->39->30->24->5->4->32->2->19->9->3->11->8
1136;0;25;15->43->3->20->23->26->45->39->14->46->8->5->4->32->2->6->16->21->51->47->44->10->29->38->12->53
1137;0;25;16->17->3->20->23->15->42->49->29->38->14->46->8->5->4->32->2->6->39->30->24->48->44->10->31->11
1138;0;25;4->42->49->29->38->14->20->23->15->33->12->53->26->45->39->30->24->5->43->3->11->8->6->16->21->51
1139;0;25;27->20->23->15->42->49->29->38->14->46->8->3->11->43->9->2->6->16->21->51->47->44->10->31->45->39
1140;0;25;47->27->44->14->20->23->15->42->49->29->38->12->53->26->45->39->30->24->5->4->32->2->6->16->21->51
1141;0;25;38->15->42->49->29->36->9->2->20->23->26->45->39->14->46->8->3->11->43->35->47->44->10->6->16->21
1142;0;25;18->36->9->2->20->23->15->42->49->29->38->14->46->8->3->11->43->35->47->44->10->6->16->21->51->33
1143;0;25;53->7->19->23->15->42->49->29->38->14->20->24->5->4->32->2->6->16->21->51->47->44->10->31->11->8
1144;0;25;38->4->32->2->20->23->15->42->49->29->36->9->5->43->3->11->8->6->16->21->51->47->44->14->46->35
1145;0;25;35->30->23->15->42->49->29->38->14->20->24->5->4->32->2->6->16->21->51->47->44->10->31->11->8->3
1146;0;25;1->36->9->2->20->23->15->42->49->29->38->14->46->8->3->11->43->35->47->44->10->6->16->21->51->33
1148;0;25;30->38->14->20->23->15->42->49->29->36->9->2->6->16->21->51->47->44->10->31->11->8->3->28->7->19
1149;0;25;6->57->35->47->44->14->20->23->15->42->49->29->38->12->53->26->45->39->30->24->5->4->32->2->19->9
1150;0;25;29->45->39->14->20->23->15->42->49->19->9->2->6->16->21->51->47->44->10->31->11->8->3->28->7->4
1151;0;25;6->7->19->23->15->42->49->29->38->14->20->24->5->4->32->2->40->46->8->3->11->43->9->12->53->26
1152;0;25;36->48->44->14->20->23->15->42->49->29->38->12->53->26->45->39->30->24->5->4->32->2->6->16->21->51
1153;0;25;31->37->14->20->23->15->42->49->29->38->12->53->26->45->39->30->24->5->4->32->2->6->16->21->51->47
1154;0;25;29->43->3->20->23->15->42->49->19->9->2->6->16->21->51->47->44->14->46->8->5->4->32->53->26->45
1155;0;25;26->49->29->38->14->20->23->15->42->40->2->6->16->21->51->47->44->10->31->11->8->3->28->7->19->9
1157;0;25;24->29->38->14->20->23->15->42->49->19->9->2->6->16->21->51->47->44->10->31->11->8->3->28->7->4
1158;0;25;20->33->12->53->26->45->39->14->46->8->3->11->43->9->2->6->16->15->42->49->29->38->37->48->44->10
1159;0;25;35->32->2->20->23->15->42->49->29->38->14->46->8->3->11->43->9->5->4->22->36->31->45->39->30->24
1160;0;25;35->19->23->15->42->49->29->38->14->20->24->5->4->32->2->6->16->21->51->47->44->10->31->11->8->3
1161;0;25;5->32->2->20->23->15->42->49->29->38->14->46->8->3->11->43->9->12->53->26->45->39->30->24->48->44
1162;0;25;35->45->39->14->20->23->15->42->49->29->38->12->53->26->50->13->22->36->9->2->6->16->21->51->47->44
1164;0;25;4->43->3->20->23->15->42->49->29->38->14->46->8->5->21->51->47->44->10->6->16->28->2->19->9->12
1165;0;25;9->7->19->23->15->42->49->29->38->14->20->24->5->4->32->2->6->16->21->51->47->44->10->31->11->8
1166;0;25;53->14->20->23->15->42->49->29->38->12->8->3->11->43->9->2->6->16->21->51->47->44->10->31->45->39
1167;0;25;7->42->49->29->38->14->20->23->15->33->12->53->26->45->39->30->24->5->4->32->2->6->16->21->51->47
1168;0;25;26->13->14->20->23->15->42->49->29->38->12->53->4->32->2->6->16->21->51->47->44->10->31->11->8->3
1169;0;25;57->29->38->14->20->23->15->42->49->19->9->2->6->16->21->51->47->44->10->31->11->8->3->28->7->4
1170;0;25;5->33->12->53->26->45->39->14->20->23->15->42->49->29->38->6->16->21->51->47->44->10->31->11->8->3
1171;0;25;38->47->44->14->20->23->15->42->49->29->36->9->2->6->16->21->51->33->12->53->26->45->39->30->24->5
1172;0;25;30->21->51->47->44->14->20->23->15->42->49->29->38->12->53->26->45->39->35->43->3->11->8->5->4->32
1173;0;25;49->31->11->8->3->20->23->15->42->40->2->6->16->21->51->47->44->14->46->4->32->29->38->12->53->26
1174;0;25;13->46->8->3->20->23->15->42->49->29->38->14->50->57->35->47->44->10->6->16->21->51->33->12->53->26
1175;0;25;35->8->3->20->23->15->42->49->29->38->14->46->4->32->2->6->16->21->51->47->44->10->31->11->43->9
1176;0;25;18->48->44->14->20->23->15->42->49->29->38->12->53->26->45->39->30->24->5->4->32->2->6->16->21->51
1177;0;25;3->41->24->5->4->32->2->20->23->15->42->49->29->38->14->46->8->6->16->21->51->47->44->10->31->11
1178;0;25;8->11->43->3->20->23->15->42->49->29->38->14->46->4->32->2->6->16->21->51->47->44->10->31->45->39
1179;0;25;33->31->11->8->3->20->23->15->42->49->29->38->14->46->4->32->2->6->16->21->51->47->44->10->43->9
1180;0;25;21->24->5->4->32->2->20->23->15->42->49->29->38->14->46->8->3->11->43->9->12->53->26->45->39->30
1181;0;25;50->49->29->38->14->20->23->15->42->40->2->6->16->21->51->47->44->10->31->11->8->3->28->7->19->9
1182;0;25;43->28->2->20->23->15->42->49->29->38->14->46->8->3->11->30->24->5->4->32->6->16->21->51->47->44
1183;0;25;47->5->4->32->2->20->23->15->42->49->29->38->14->46->8->3->11->43->9->12->53->26->45->39->30->24
1184;0;25;1->51->47->44->14->20->23->15->42->49->29->38->12->53->26->45->39->30->24->5->4->32->2->6->16->21
1185;0;25;21->36->9->2->20->23->15->42->49->29->38->14->46->8->3->11->43->35->47->44->10->6->16->28->7->19
1186;0;25;6->29->38->14->20->23->15->42->49->19->9->2->40->46->8->3->11->43->35->47->44->10->31->45->39->30
1188;0;25;15->31->11->8->3->20->23->26->45->39->14->46->4->32->2->6->16->21->51->47->44->10->29->38->12->53
1189;0;25;38->1->53->26->45->39->14->20->23->15->42->49->29->36->9->2->6->16->21->51->47->44->10->31->11->8
1190;0;25;13->21->51->47->44->14->20->23->15->42->49->29->38->12->53->26->45->39->30->24->5->4->32->2->6->16
1191;0;25;23->8->3->20->24->5->4->32->2->6->16->15->42->49->29->38->14->46->35->47->44->10->31->11->43->9
1192;0;25;57->19->23->15->42->49->29->38->14->20->24->5->4->32->2->6->16->21->51->47->44->10->31->11->8->3
1193;0;25;19->8->3->20->23->15->42->49->29->38->14->46->4->32->2->6->16->21->51->47->44->10->31->11->43->9
1194;0;25;30->28->2->20->23->15->42->49->29->38->14->46->8->3->11->43->9->5->4->32->6->16->21->51->47->44
1195;0;25;24->23->15->42->49->29->38->14->20->11->8->3->28->2->6->16->21->51->47->44->10->31->45->39->30->53
1196;0;25;32->45->39->14->20->23->15->42->49->29->38->12->53->26->35->47->44->10->6->16->21->51->33->57->31->11
1197;0;25;46->3->20->23->15->42->49->29->38->14->50->13->22->36->9->2->6->16->21->51->47->44->10->31->11->8
1198;0;25;26->38->14->20->23->15->42->49->29->36->9->2->6->16->21->51->47->44->10->31->11->8->3->28->7->19
1199;0;25;48->50->14->20->23->15->42->49->29->38->12->53->26->45->39->30->24->5->4->32->2->6->16->21->51->47
1200;0;25;53->30->23->15->42->49->29->38->14->20->24->5->4->32->2->6->16->21->51->47->44->10->31->11->8->3
1201;0;25;2->30->23->15->42->49->29->38->14->20->24->5->4->32->6->16->21->51->47->44->10->31->11->8->3->28
1202;0;25;3->47->44->14->20->23->15->42->49->29->38->12->53->26->45->39->30->24->5->4->32->2->6->16->21->51
1203;0;25;16->39->14->20->23->15->42->49->29->38->12->53->26->45->47->44->10->6->32->2->19->9->5->4->22->36
1204;0;25;42->22->36->9->2->20->23->15->33->12->53->26->45->39->14->46->8->3->11->43->35->47->44->10->29->38
1205;0;25;35->31->11->8->3->20->23->15->42->49->29->38->14->46->4->32->2->6->16->21->51->47->44->10->43->9
1206;0;25;12->28->2->20->23->15->42->49->29->38->14->46->8->3->11->43->9->5->4->32->6->16->21->51->47->44
1207;0;25;29->2->20->23->15->42->49->19->9->5->4->32->6->16->21->51->47->44->14->46->8->3->11->43->35->50
1208;0;25;35->57->31->11->8->3->20->23->15->42->49->29->38->14->46->4->32->2->6->16->21->51->47->44->10->43
1209;0;25;33->42->49->29->38->14->20->23->15->7->19->9->2->6->16->21->51->47->44->10->31->11->8->3->28->12
1210;0;25;37->24->5->4->32->2->20->23->15->42->49->29->38->14->46->8->3->11->43->9->12->53->26->45->39->30
1211;0;25;4->34->9->2->20->23->15->42->49->29->38->14->46->8->3->11->43->35->47->44->10->6->16->21->51->33
1212;0;25;48->35->47->44->14->20->23->15->42->49->29->38->12->53->26->45->39->30->24->5->4->32->2->6->16->21
1213;0;25;16->53->26->45->39->14->20->23->15->42->49->29->38->12->8->3->11->43->9->2->6->32->21->51->47->44
1214;0;25;14->34->9->2->20->23->15->42->49->29->38->12->53->26->45->39->30->24->5->4->32->6->16->21->51->47
1215;0;25;50->29->38->14->20->23->15->42->49->19->9->2->6->16->21->51->47->44->10->31->11->8->3->28->7->4
1216;0;25;49->23->15->42->40->2->20->24->5->4->32->6->16->21->51->47->44->14->46->8->3->11->43->9->12->53
1217;0;25;19->44->14->20->23->15->42->49->29->38->12->53->26->45->39->30->24->5->4->32->2->6->16->21->51->47
1218;0;25;53->1->12->38->14->20->23->15->42->49->29->36->9->2->6->16->21->51->47->44->10->31->11->8->3->28
1219;0;25;1->31->11->8->3->20->23->15->42->49->29->38->14->46->4->32->2->6->16->21->51->47->44->10->43->9
1220;0;25;6->36->9->2->20->23->15->42->49->29->38->14->46->8->3->11->43->35->47->44->10->31->45->39->30->24
1221;0;25;8->43->3->20->23->15->42->49->29->38->14->46->4->32->2->6->16->21->51->47->44->10->31->11->30->24
1222;0;25;12->47->44->14->20->23->15->42->49->29->38->6->16->21->51->33->57->35->43->3->11->8->5->4->32->2
1223;0;25;39->44->14->20->23->15->42->49->29->38->12->53->26->45->47->22->36->9->2->6->16->21->51->33->57->35
1224;0;25;32->44->14->20->23->15->42->49->29->38->12->53->26->45->39->30->24->5->4->22->36->9->2->6->16->21
1225;0;25;21->9->2->20->23->15->42->49->29->38->14->46->8->3->11->43->35->47->44->10->6->16->28->7->19->34
1226;0;25;17->44->14->20->23->15->42->49->29->38->12->53->26->45->39->30->24->5->4->32->2->6->16->21->51->47
1227;0;25;43->1->53->26->45->39->14->20->23->15->42->49->29->38->12->8->3->11->30->24->5->4->32->2->6->16
1228;0;25;41->6->16->15->42->49->29->38->14->20->23->26->45->39->30->24->5->4->32->2->19->9->3->11->8->47
1229;0;25;42->1->53->26->45->39->14->20->23->15->33->12->38->6->16->21->51->47->44->10->29->36->9->2->19->34
1230;0;25;27->26->45->39->14->20->23->15->42->49->29->38->12->53->4->32->2->6->16->21->51->47->44->10->31->11
1231;0;25;18->42->49->29->38->14->20->23->15->33->12->53->26->45->39->30->24->5->4->32->2->6->16->21->51->47
1232;0;25;45->11->8->3->20->23->15->42->49->29->38->14->46->4->32->2->6->16->21->51->47->44->10->31->33->12
1233;0;25;51->34->9->2->20->23->15->42->49->29->38->14->46->8->3->11->43->35->47->44->10->6->16->21->1->53
1234;0;25;39->7->19->23->15->42->49->29->38->14->20->24->5->4->32->2->6->16->21->51->47->44->10->31->11->8
1235;0;25;20->45->39->14->46->8->3->11->43->9->2->6->16->15->42->49->29->38->12->53->26->35->47->44->10->31
1236;0;25;16->24->5->4->32->2->20->23->15->42->49->29->38->14->46->8->3->11->43->9->12->53->26->45->39->30
1237;0;25;20->47->44->14->46->8->3->11->43->9->2->6->16->15->42->49->29->38->12->53->26->45->39->30->23->21
1238;0;25;26->53->4->32->2->20->23->15->42->49->29->38->14->46->8->3->11->43->9->5->21->51->47->44->10->6
1239;0;25;41->3->20->23->15->42->49->29->38->14->46->8->5->4->32->2->6->16->21->51->47->44->10->31->11->43
1240;0;25;7->23->15->42->49->29->38->14->20->24->5->4->32->2->6->16->21->51->47->44->10->31->11->8->3->28
1241;0;25;50->30->23->15->42->49->29->38->14->20->24->5->4->32->2->6->16->21->51->47->44->10->31->11->8->3
1242;0;25;17->45->39->14->20->23->15->42->49->29->38->12->53->26->35->47->44->10->6->16->21->51->33->57->31->11
1243;0;25;2->37->14->20->23->15->42->49->29->38->12->53->26->45->39->30->24->5->4->32->6->16->21->51->47->44
1244;0;25;3->21->51->47->44->14->20->23->15->42->49->29->38->12->53->26->45->39->30->24->5->4->32->2->6->16
1245;0;25;29->42->49->19->23->15->33->12->53->26->45->39->14->20->24->5->4->32->2->6->16->21->51->47->44->10
1246;0;25;6->2->20->23->15->42->49->29->38->14->46->8->3->11->43->9->5->4->32->21->51->47->44->10->31->45
1247;0;25;9->45->39->14->20->23->15->42->49->29->38->12->53->26->35->47->44->10->6->16->21->51->33->57->31->11
1249;0;25;43->2->20->23->15->42->49->29->38->14->46->8->3->11->30->24->5->4->32->6->16->21->51->47->44->10
1250;0;25;47->45->39->14->20->23->15->42->49->29->38->12->53->26->35->43->3->11->8->5->4->32->2->6->16->21
1251;0;25;2->46->8->3->20->23->15->42->49->29->38->14->50->13->22->36->9->5->4->32->6->16->21->51->47->44
1252;0;25;29->1->53->26->45->39->14->20->23->15->42->49->19->9->2->6->16->21->51->47->44->10->31->11->8->3
1253;0;25;23->45->39->14->20->24->5->4->32->2->6->16->15->42->49->29->38->12->53->26->35->47->44->10->31->11
1254;0;25;50->51->47->44->14->20->23->15->42->49->29->38->12->53->26->45->39->30->24->5->4->32->2->6->16->21
1255;0;25;16->36->9->2->20->23->15->42->49->29->38->14->46->8->3->11->43->35->47->44->10->6->39->30->24->5
1256;0;25;34->4->32->2->20->23->15->42->49->29->38->14->46->8->3->11->43->9->5->21->51->47->44->10->6->16
1257;0;25;47->53->26->45->39->14->20->23->15->42->49->29->38->12->8->3->11->43->9->2->6->16->21->51->33->57
1258;0;25;17->31->11->8->3->20->23->15->42->49->29->38->14->46->4->32->2->6->16->21->51->47->44->10->43->9
1259;0;25;2->4->32->6->16->15->42->49->29->38->14->20->23->26->45->39->30->24->5->43->3->11->8->47->44->10
1260;0;25;14->30->23->15->42->49->29->38->12->53->26->45->39->47->44->10->6->16->21->51->33->57->35->43->3->20
1261;0;25;16->34->9->2->20->23->15->42->49->29->38->14->46->8->3->11->43->35->47->44->10->6->39->30->24->5
1262;0;25;4->11->8->3->20->23->15->42->49->29->38->14->46->35->47->44->10->6->16->21->51->33->12->53->26->45
1263;0;25;1->43->3->20->23->15->42->49->29->38->14->46->8->5->4->32->2->6->16->21->51->47->44->10->31->11
1264;0;25;6->38->14->20->23->15->42->49->29->36->9->2->19->34->51->47->44->10->31->11->8->3->28->7->4->32
1265;0;25;32->46->8->3->20->23->15->42->49->29->38->14->50->13->22->36->9->2->6->16->21->51->47->44->10->31
1266;0;25;29->24->5->4->32->2->20->23->15->42->49->19->9->3->11->8->6->16->21->51->47->44->14->46->35->43
1267;0;25;5->28->2->20->23->15->42->49->29->38->14->46->8->3->11->43->9->12->53->26->45->39->30->24->48->44
1268;0;25;29->40->2->20->23->15->42->49->19->9->5->4->32->6->16->21->51->47->44->14->46->8->3->11->43->35
1269;0;25;21->3->20->23->15->42->49->29->38->14->46->8->5->4->32->2->6->16->28->7->19->9->12->53->26->45
1270;0;25;35->18->2->20->23->15->42->49->29->38->14->46->8->3->11->43->9->5->4->32->6->16->21->51->47->44
1271;0;25;53->2->20->23->15->42->49->29->38->14->46->8->3->11->43->9->5->4->32->6->16->21->51->47->44->10
1272;0;25;30->31->11->8->3->20->23->15->42->49->29->38->14->46->4->32->2->6->16->21->51->47->44->10->43->9
1273;0;25;35->3->20->23->15->42->49->29->38->14->46->8->5->4->32->2->6->16->21->51->47->44->10->31->11->43
1274;0;25;27->45->39->14->20->23->15->42->49->29->38->12->53->26->35->47->44->10->6->16->21->51->33->57->31->11
1275;0;25;48->49->29->38->14->20->23->15->42->40->2->6->16->21->51->47->44->10->31->11->8->3->28->7->19->9
1276;0;25;26->18->2->20->23->15->42->49->29->38->14->46->8->3->11->43->9->5->4->32->6->16->21->51->47->44
1277;0;25;43->24->5->4->32->2->20->23->15->42->49->29->38->14->46->8->3->11->30->53->26->45->39->47->44->10
1279;0;25;6->8->3->20->23->15->42->49->29->38->14->46->4->32->2->19->9->5->43->35->47->44->10->31->11->30
1280;0;25;34->22->36->9->2->20->23->15->42->49->29->38->14->46->8->3->11->43->35->47->44->10->6->16->21->51
1281;0;25;6->24->5->4->32->2->20->23->15->42->49->29->38->14->46->8->3->11->43->9->12->53->26->45->39->30
1282;0;25;40->1->53->26->45->39->14->20->23->15->42->49->29->38->12->8->3->11->43->9->2->6->16->21->51->47
1284;0;25;47->38->14->20->23->15->42->49->29->36->9->2->6->16->21->51->33->12->53->26->45->39->30->24->5->4
1285;0;25;45->8->3->20->23->15->42->49->29->38->14->46->4->32->2->6->16->21->51->47->44->10->31->11->43->9
1286;0;25;41->51->47->44->14->20->23->15->42->49->29->38->12->53->26->45->39->30->24->5->4->32->2->6->16->21
1287;0;25;44->7->19->23->15->42->49->29->38->14->20->24->5->4->32->2->6->16->21->51->47->22->36->9->3->11
1288;0;25;20->42->49->29->38->14->46->8->3->11->43->9->2->6->16->15->33->12->53->26->45->39->30->23->21->51
1289;0;25;29->31->11->8->3->20->23->15->42->49->19->9->2->6->16->21->51->47->44->14->46->4->32->53->26->45
1291;0;25;46->36->9->2->20->23->15->42->49->29->38->14->50->13->22->41->24->5->4->32->6->16->21->51->47->44
1292;0;25;44->23->15->42->49->29->38->14->20->24->5->4->32->2->6->16->21->51->47->22->36->9->3->11->8->48
1293;0;25;30->48->44->14->20->23->15->42->49->29->38->12->53->26->45->39->47->22->36->9->2->6->16->21->51->33
1294;0;25;26->31->11->8->3->20->23->15->42->49->29->38->14->46->4->32->2->6->16->21->51->47->44->10->43->9
1295;0;25;10->19->23->15->42->49->29->38->14->20->24->5->4->32->2->6->16->21->51->47->44->12->53->26->45->39
1296;0;25;23->48->44->14->20->24->5->4->32->2->6->16->15->42->49->29->38->12->53->26->45->39->30->46->8->3
1297;0;25;12->42->49->29->38->14->20->23->15->33->57->35->47->44->10->6->16->21->51->46->8->3->11->43->9->2
1298;0;25;18->53->26->45->39->14->20->23->15->42->49->29->38->12->8->3->11->43->9->2->6->16->21->51->47->44
1299;0;25;44->36->9->2->20->23->15->42->49->29->38->14->46->8->3->11->43->35->47->22->41->24->5->4->32->6
1300;0;25;57->43->3->20->23->15->42->49->29->38->14->46->8->5->4->32->2->6->16->21->51->47->44->10->31->11
1301;0;25;57->16->15->42->49->29->38->14->20->23->26->45->39->30->24->5->4->32->2->6->19->9->3->11->8->47
1302;0;25;20->48->44->14->46->8->3->11->43->9->2->6->16->15->42->49->29->38->12->53->26->45->39->30->23->21
1303;0;25;19->14->20->23->15->42->49->29->38->12->53->26->45->39->30->24->5->4->32->2->6->16->21->51->47->44
1304;0;25;5->2->20->23->15->42->49->29->38->14->46->8->3->11->43->9->12->53->26->45->39->30->24->48->44->10
1305;0;25;28->48->44->14->20->23->15->42->49->29->38->12->53->26->45->39->30->24->5->4->32->2->6->16->21->51
1306;0;25;2->47->44->14->20->23->15->42->49->29->38->12->53->26->45->39->30->24->5->4->32->6->16->21->51->33
1307;0;25;31->38->14->20->23->15->42->49->29->36->9->2->6->16->21->51->47->44->10->43->3->11->8->5->4->32
1308;0;25;11->42->49->29->38->14->20->23->15->33->12->53->26->45->39->30->24->5->4->32->2->6->16->21->51->47
1309;0;25;15->20->23->26->45->39->14->46->8->3->11->43->9->2->6->16->21->51->47->44->10->29->38->12->53->4
1310;0;25;14->18->2->20->23->15->42->49->29->38->12->53->26->45->39->30->24->5->4->32->6->16->21->51->47->44
1311;0;25;35->53->26->45->39->14->20->23->15->42->49->29->38->12->8->3->11->43->9->2->6->16->21->51->47->44
1312;0;25;18->20->23->15->42->49->29->38->14->46->8->3->11->43->9->2->6->16->21->51->47->44->10->31->45->39
1313;0;25;3->23->15->42->49->29->38->14->20->24->5->4->32->2->6->16->21->51->47->44->10->31->11->8->48->12
1314;0;25;6->42->49->29->38->14->20->23->15->33->12->53->26->45->39->30->24->5->4->32->2->19->9->3->11->8
1315;0;25;24->27->44->14->20->23->15->42->49->29->38->12->53->26->45->39->30->6->16->21->51->47->22->36->9->2
1316;0;25;6->46->8->3->20->23->15->42->49->29->38->14->50->13->22->36->9->2->19->34->51->47->44->10->31->11
1317;0;25;21->47->44->14->20->23->15->42->49->29->38->12->53->26->45->39->30->24->5->4->32->2->6->16->28->7
1318;0;25;8->39->14->20->23->15->42->49->29->38->12->53->26->45->47->44->10->6->16->21->51->33->57->35->43->3
1319;0;25;28->51->47->44->14->20->23->15->42->49->29->38->12->53->26->45->39->30->24->5->4->32->2->6->16->21
1321;0;25;53->9->2->20->23->15->42->49->29->38->14->46->8->3->11->43->35->47->44->10->6->16->21->51->33->12
1322;0;25;26->7->19->23->15->42->49->29->38->14->20->24->5->4->32->2->6->16->21->51->47->44->10->31->11->8
1323;0;25;6->21->51->47->44->14->20->23->15->42->49->29->38->12->53->26->45->39->30->24->5->4->32->2->19->9
1324;0;25;3->51->47->44->14->20->23->15->42->49->29->38->12->53->26->45->39->30->24->5->4->32->2->6->16->21
1325;0;25;57->40->2->20->23->15->42->49->29->38->14->46->8->3->11->43->9->5->4->32->6->16->21->51->47->44
1326;0;25;30->3->20->23->15->42->49->29->38->14->46->8->5->4->32->2->6->16->21->51->47->44->10->31->11->43
1327;0;25;39->23->15->42->49->29->38->14->20->24->5->4->32->2->6->16->21->51->47->44->10->31->11->8->3->28
1328;0;25;14->40->2->20->23->15->42->49->29->38->12->53->26->45->39->30->24->5->4->32->6->16->21->51->47->44
1329;0;25;40->8->3->20->23->15->42->49->29->38->14->46->4->32->2->6->16->21->51->47->44->10->31->11->43->9
1330;0;25;49->30->23->15->42->40->2->20->24->5->4->32->6->16->21->51->47->44->14->46->8->3->11->43->9->12
1331;0;25;24->8->3->20->23->15->42->49->29->38->14->46->4->32->2->6->16->21->51->47->44->10->31->11->43->9
1332;0;25;13->4->32->2->20->23->15->42->49->29->38->14->46->8->3->11->43->9->5->21->51->47->44->10->6->16
1333;0;25;8->30->23->15->42->49->29->38->14->20->24->5->4->32->2->6->16->21->51->47->44->10->31->11->43->3
1334;0;25;28->4->32->2->20->23->15->42->49->29->38->14->46->8->3->11->43->9->5->21->51->47->44->10->6->16
1335;0;25;29->51->47->44->14->20->23->15->42->49->19->9->2->6->16->21->1->53->26->45->39->30->24->5->4->32
1336;0;25;47->19->23->15->42->49->29->38->14->20->24->5->4->32->2->6->16->21->51->33->12->53->26->45->39->30
1337;0;25;4->16->15->42->49->29->38->14->20->23->26->45->39->30->24->5->43->3->11->8->6->32->2->19->9->12
1338;0;25;31->49->29->38->14->20->23->15->42->40->2->6->16->21->51->47->44->10->43->3->11->8->5->4->32->53
1339;0;25;18->7->19->23->15->42->49->29->38->14->20->24->5->4->32->2->6->16->21->51->47->44->10->31->11->8
1340;0;25;39->21->51->47->44->14->20->23->15->42->49->29->38->12->53->26->45->9->2->6->16->28->7->19->34->1
1341;0;25;16->6->39->14->20->23->15->42->49->29->38->12->53->26->45->47->44->10->31->11->8->3->28->2->19->9
1342;0;25;13->11->8->3->20->23->15->42->49->29->38->14->46->4->32->2->6->16->21->51->47->44->10->31->45->39
1343;0;25;19->4->32->2->20->23->15->42->49->29->38->14->46->8->3->11->43->9->5->21->51->47->44->10->6->16
1344;0;25;34->24->5->4->32->2->20->23->15->42->49->29->38->14->46->8->3->11->43->9->12->53->26->45->39->30
1345;0;25;47->35->43->3->20->23->15->42->49->29->38->14->46->8->5->4->32->2->6->16->21->51->33->12->53->26
1346;0;25;30->49->29->38->14->20->23->15->42->40->2->6->16->21->51->47->44->10->31->11->8->3->28->7->19->9
1347;0;25;53->47->44->14->20->23->15->42->49->29->38->12->8->3->11->43->9->2->6->16->21->51->33->57->35->4
1348;0;25;42->23->15->33->12->53->26->45->39->14->20->24->5->4->32->2->6->16->21->51->47->44->10->29->38->37
1349;0;25;57->23->15->42->49->29->38->14->20->24->5->4->32->2->6->16->21->51->47->44->10->31->11->8->3->28
1350;0;25;3->31->11->8->5->4->32->2->20->23->15->42->49->29->38->14->46->35->47->44->10->6->16->21->51->33
1351;0;25;8->42->49->29->38->14->20->23->15->33->12->53->26->45->39->30->24->5->4->32->2->6->16->21->51->47
1352;0;25;2->26->45->39->14->20->23->15->42->49->29->38->12->53->4->32->6->16->21->51->47->44->10->31->11->8
1353;0;25;15->9->2->20->23->26->45->39->14->46->8->3->11->43->35->47->44->10->29->38->12->53->4->32->6->16
1354;0;25;34->27->44->14->20->23->15->42->49->29->38->12->53->26->45->39->30->24->5->4->32->2->6->16->21->51
1355;0;25;37->15->42->49->29->38->14->20->23->26->45->39->30->24->5->4->32->2->6->16->21->51->47->44->10->31
1356;0;25;26->47->44->14->20->23->15->42->49->29->38->12->53->4->32->2->6->16->21->51->33->57->35->43->3->11
1357;0;25;49->45->39->14->20->23->15->42->40->2->6->16->21->51->47->44->10->29->38->12->53->26->35->43->3->11
1358;0;25;33->15->42->49->29->38->14->20->23->26->45->39->30->24->5->4->32->2->6->16->21->51->47->44->10->31
1359;0;25;26->12->53->4->32->2->20->23->15->42->49->29->38->14->46->8->3->11->43->9->5->21->51->47->44->10
1360;0;25;11->47->44->14->20->23->15->42->49->29->38->12->53->26->45->39->30->24->5->4->32->2->6->16->21->51
1361;0;25;48->19->23->15->42->49->29->38->14->20->24->5->4->32->2->6->16->21->51->47->44->10->31->11->8->3
1362;0;25;38->40->2->20->23->15->42->49->29->36->9->5->4->32->6->16->21->51->47->44->14->46->8->3->11->43
1363;0;25;27->47->44->14->20->23->15->42->49->29->38->12->53->26->45->39->30->24->5->4->32->2->6->16->21->51
1364;0;25;11->35->47->44->14->20->23->15->42->49->29->38->12->53->26->45->39->30->24->5->4->32->2->6->16->21
1365;0;25;13->31->11->8->3->20->23->15->42->49->29->38->14->46->4->32->2->6->16->21->51->47->44->10->43->9
1366;0;25;14->28->2->20->23->15->42->49->29->38->12->53->26->45->39->30->24->5->4->32->6->16->21->51->47->44
1367;0;25;34->10->29->38->14->20->23->15->42->49->19->9->2->6->16->21->51->47->44->12->53->26->45->39->30->24
1368;0;25;42->4->32->2->20->23->15->33->12->53->26->45->39->14->46->8->3->11->43->9->5->21->51->47->44->10
1369;0;25;45->30->23->15->42->49->29->38->14->20->24->5->4->32->2->6->16->21->51->47->44->10->31->11->8->3
1370;0;25;50->21->51->47->44->14->20->23->15->42->49->29->38->12->53->26->45->39->30->24->5->4->32->2->6->16
1371;0;25;2->42->49->29->38->14->20->23->15->33->12->53->26->45->39->30->24->5->4->32->6->16->21->51->47->44
1372;0;25;20->18->2->6->16->15->42->49->29->38->14->46->8->3->11->43->9->5->4->32->21->51->47->44->10->31
1373;0;25;23->13->14->20->24->5->4->32->2->6->16->15->42->49->29->38->12->53->26->45->39->30->46->8->3->11
1374;0;25;37->5->4->32->2->20->23->15->42->49->29->38->14->46->8->3->11->43->9->12->53->26->45->39->30->24
1375;0;25;7->2->20->23->15->42->49->29->38->14->46->8->3->11->43->9->5->4->32->6->16->21->51->47->44->10
1376;0;25;49->3->20->23->15->42->40->2->6->16->21->51->47->44->14->46->8->5->4->32->29->38->12->53->26->45
1377;0;25;47->32->2->20->23->15->42->49->29->38->14->46->8->3->11->43->9->5->4->22->36->31->45->39->30->24
1378;0;25;13->24->5->4->32->2->20->23->15->42->49->29->38->14->46->8->3->11->43->9->12->53->26->45->39->30
1379;0;25;40->4->32->2->20->23->15->42->49->29->38->14->46->8->3->11->43->9->5->21->51->47->44->10->6->16
1380;0;25;3->6->16->15->42->49->29->38->14->20->23->26->45->39->30->24->5->4->32->2->19->9->12->53->43->35
1381;0;25;11->57->35->47->44->14->20->23->15->42->49->29->38->12->53->26->45->39->30->24->5->4->32->2->6->16
1382;0;25;48->14->20->23->15->42->49->29->38->12->53->26->45->39->30->24->5->4->32->2->6->16->21->51->47->44
1383;0;25;40->31->11->8->3->20->23->15->42->49->29->38->14->46->4->32->2->6->16->21->51->47->44->10->43->9
1384;0;25;33->44->14->20->23->15->42->49->29->38->12->53->26->45->39->30->24->5->4->32->2->6->16->21->51->47
1385;0;25;42->15->33->12->53->26->45->39->14->20->23->3->11->8->5->4->32->2->6->16->21->51->47->44->10->29
1386;0;25;51->50->14->20->23->15->42->49->29->38->12->53->26->45->39->30->24->5->4->32->2->6->16->21->1->9
1387;0;25;47->48->44->14->20->23->15->42->49->29->38->12->53->26->45->39->30->24->5->4->32->2->6->16->21->51
1388;0;25;19->32->2->20->23->15->42->49->29->38->14->46->8->3->11->43->9->5->4->22->36->31->45->39->30->24
1389;0;25;1->49->29->38->14->20->23->15->42->40->2->6->16->21->51->47->44->10->31->11->8->3->28->7->19->9
1390;0;25;26->30->23->15->42->49->29->38->14->20->24->5->4->32->2->6->16->21->51->47->44->10->31->11->8->3
1391;0;25;4->57->35->47->44->14->20->23->15->42->49->29->38->12->53->26->45->39->30->24->5->43->3->11->8->6
1392;0;25;38->28->2->20->23->15->42->49->29->36->9->5->4->32->6->16->21->51->47->44->14->46->8->3->11->43
1393;0;25;45->2->20->23->15->42->49->29->38->14->46->8->3->11->43->9->5->4->32->6->16->21->51->47->44->10
1394;0;25;31->53->26->45->39->14->20->23->15->42->49->29->38->12->8->3->11->43->9->2->6->16->21->51->47->44
1395;0;25;21->14->20->23->15->42->49->29->38->12->53->26->45->39->30->24->5->4->32->2->6->16->28->7->19->9
1396;0;25;10->20->23->15->42->49->29->38->14->46->8->3->11->43->9->2->6->16->21->51->47->44->19->34->1->53
1397;0;25;57->41->24->5->4->32->2->20->23->15->42->49->29->38->14->46->8->3->11->43->9->12->53->26->45->39
1398;0;25;26->57->35->47->44->14->20->23->15->42->49->29->38->12->53->4->32->2->6->16->21->51->33->3->11->8
1399;0;25;57->30->23->15->42->49->29->38->14->20->24->5->4->32->2->6->16->21->51->47->44->10->31->11->8->3
1400;0;25;41->29->38->14->20->23->15->42->49->19->9->2->6->16->21->51->47->44->10->31->11->8->3->28->7->4
1401;0;25;12->15->42->49->29->38->14->20->23->26->45->39->30->24->5->4->32->2->6->16->21->51->47->44->10->31
1402;0;25;7->35->47->44->14->20->23->15->42->49->29->38->12->53->26->45->39->30->24->5->4->32->2->6->16->21
1403;0;25;20->16->15->42->49->29->38->14->46->8->3->11->43->9->2->6->39->30->23->26->45->47->44->10->31->33
1404;0;25;4->18->2->20->23->15->42->49->29->38->14->46->8->3->11->43->9->5->21->51->47->44->10->6->16->28
1405;0;25;12->14->20->23->15->42->49->29->38->6->16->21->51->47->44->10->31->11->8->3->28->2->19->9->5->4
1406;0;25;10->51->47->44->14->20->23->15->42->49->29->38->12->53->26->45->39->30->24->5->4->32->2->6->16->21
1407;0;25;15->28->2->20->23->26->45->39->14->46->8->3->11->43->9->5->4->32->6->16->21->51->47->44->10->29
1408;0;25;20->28->2->6->16->15->42->49->29->38->14->46->8->3->11->43->9->5->4->32->21->51->47->44->10->31
1410;0;25;47->46->8->3->20->23->15->42->49->29->38->14->50->13->22->36->9->2->6->16->21->51->33->12->53->26
1553;0;25;24->2->6->32->29->38->5->4->22->36->9->14->31->45->47->51->49->19->41->1->53->43->8->3->20->44
1563;0;25;17->6->32->2->19->9->14->24->48->44->28->7->13->38->5->4->22->36->31->45->47->51->49->29->27->1
1568;0;25;40->45->47->51->49->29->38->5->4->22->36->9->2->6->32->27->24->19->41->1->53->43->8->3->20->44
1570;0;25;21->19->9->2->6->32->29->38->5->4->22->36->31->45->47->51->49->26->37->41->1->53->43->8->3->20
1573;21;25;49->26->37->41->1->53->43->8->3->20->12->18->16->13->23->10->27->24->50->14->21->30->11->15->42->33
1574;12;25;17->3->20->44->28->7->19->9->2->6->32->27->24->48->42->18->16->13->12->30->53->43->8->41->1->15
1576;26;25;20->44->28->7->19->35->11->17->48->57->18->46->14->24->31->27->34->30->33->12->39->37->21->50->40->22
1582;0;25;40->3->20->44->28->7->19->9->2->6->32->29->38->5->4->22->36->31->45->47->51->49->26->37->41->1
1585;0;25;22->27->24->19->9->2->6->32->29->38->5->4->28->7->13->23->26->45->47->51->49->21->46->48->44->14
1589;0;25;34->2->6->32->29->38->5->4->22->36->9->14->24->19->41->1->53->43->8->3->20->44->28->7->13->23
1591;0;25;14->38->5->4->22->36->9->2->6->32->29->27->24->19->41->1->53->43->8->3->20->44->28->7->13->23
1595;0;25;44->37->41->1->53->43->8->3->20->12->18->2->6->32->29->38->5->4->22->36->9->14->24->19->35->23
1615;0;25;9->28->7->19->6->32->2->40->21->51->49->29->38->5->4->22->36->31->45->47->17->3->20->44->14->24
1618;0;25;46->47->51->49->29->38->5->4->22->36->9->2->6->32->27->24->19->41->1->53->43->8->3->20->44->28
1619;0;25;15->8->41->1->53->43->35->38->5->4->22->36->9->2->6->32->29->27->24->19->3->20->44->28->7->13
1622;0;25;44->50->14->24->19->9->2->6->32->29->38->5->4->22->36->31->45->47->51->49->26->37->41->1->53->43
1625;0;25;39->6->32->2->19->9->14->24->48->44->28->7->13->38->5->4->22->36->31->45->47->51->49->29->27->1
1627;0;25;22->18->2->6->32->29->38->5->4->28->7->19->9->14->24->48->44->10->43->8->41->1->53->42->49->26
1629;0;25;50->53->43->8->41->1->9->2->6->32->29->38->5->4->22->36->31->45->47->51->49->19->35->23->26->37
1630;0;25;5->7->19->9->2->6->32->29->38->57->35->4->22->36->31->45->47->51->49->26->37->41->1->53->43->8
1635;4;25;38->5->4->28->7->19->9->2->6->32->47->17->3->20->44->14->24->48->42->18->16->13->23->26->45->41
1640;25;25;18->16->13->23->26->37->48->44->28->7->39->14->24->10->27->11->17->57->35->12->30->33->40->21->46->20
1654;0;25;5->51->49->29->38->57->35->4->22->36->9->2->6->32->47->17->3->20->44->28->7->19->41->1->53->43
1657;0;25;17->43->8->41->1->53->42->49->29->38->5->4->22->36->9->2->6->32->47->51->15->10->16->13->23->26
1660;0;25;2->28->7->19->9->14->24->48->44->10->43->8->41->1->53->42->49->29->38->5->4->22->36->31->45->47
1662;0;25;44->57->35->38->5->4->22->36->9->2->6->32->29->27->24->19->41->1->53->43->8->3->20->12->18->16
1663;0;25;38->16->13->32->2->6->31->45->47->51->49->29->36->9->14->24->19->41->1->53->43->8->3->20->44->28
1671;0;25;2->33->12->44->28->7->19->9->14->24->48->42->49->29->38->5->4->22->36->31->45->47->51->15->10->43
1672;0;25;36->12->44->28->7->19->9->2->6->32->29->38->5->4->22->17->3->20->43->8->41->1->53->42->49->26
1673;0;25;48->9->2->6->32->29->38->5->4->22->36->31->45->47->51->49->19->41->1->53->43->8->3->20->44->28
1675;0;25;29->28->7->19->9->2->6->32->47->51->49->26->45->23->18->3->20->44->14->24->48->42->50->13->38->5
1678;18;25;3->20->36->31->45->47->51->49->26->37->41->1->53->43->8->34->15->42->50->14->24->10->16->13->23->30
1679;0;25;24->41->1->53->43->8->3->20->44->28->7->19->9->2->6->32->29->38->5->4->22->36->31->45->47->51
1685;0;25;7->38->5->4->22->36->9->2->6->32->29->27->24->19->41->1->53->43->8->3->20->44->28->16->13->23
1686;0;25;9->15->42->49->29->38->5->4->22->36->31->45->47->51->24->19->6->32->2->40->21->46->48->44->28->7
1688;0;25;41->5->4->22->36->9->2->6->32->29->38->57->35->23->26->45->47->51->49->19->27->24->48->44->28->7
1689;0;25;22->28->7->19->9->2->6->32->29->38->5->4->33->12->44->14->24->48->42->49->26->45->47->51->15->10
1691;0;25;9->29->38->5->4->22->36->31->45->47->51->49->19->6->32->2->40->21->46->48->44->28->7->13->23->26
1697;0;25;43->29->38->5->4->22->36->9->2->6->32->47->51->49->19->41->1->53->42->3->20->44->28->7->13->23
1699;0;25;49->22->36->9->2->6->32->29->38->5->4->28->7->19->41->1->53->43->8->3->20->44->14->24->48->42
1704;0;25;44->53->43->8->41->1->9->2->6->32->29->38->5->4->22->36->31->45->47->51->49->19->35->23->26->37
1707;0;25;9->51->49->29->38->5->4->22->36->31->45->47->17->3->20->44->28->7->19->6->32->2->40->21->46->48
1708;0;25;32->7->19->9->2->6->31->45->47->51->49->29->38->5->4->22->36->23->26->37->41->1->53->43->8->3
1715;0;25;38->18->2->6->32->29->36->9->14->24->19->41->1->53->43->8->3->20->44->28->7->13->23->26->45->47
1716;0;25;2->50->14->24->19->9->5->4->22->36->31->45->47->51->49->29->38->57->35->23->26->37->41->1->53->43
1717;0;25;6->22->36->9->2->19->41->1->53->43->8->3->20->44->28->7->13->32->29->38->5->4->33->12->18->16
1719;0;25;11->38->5->4->22->36->9->2->6->32->29->27->24->19->41->1->53->43->8->3->20->44->28->7->13->23
1724;0;25;47->20->44->28->7->19->9->2->6->32->29->38->5->4->22->36->31->45->23->26->37->41->1->53->43->8
1728;0;25;20->19->9->2->6->32->29->38->5->4->22->36->31->45->47->51->49->26->37->41->1->53->43->8->3->24
1731;0;25;38->17->3->20->44->28->7->19->9->2->6->32->29->36->31->45->47->51->49->26->37->41->1->53->43->8
1734;0;25;6->20->44->28->7->19->9->2->40->21->51->49->29->38->5->4->22->36->31->45->47->17->3->24->48->42
1742;0;25;15->1->53->43->8->41->4->22->36->9->2->6->32->29->38->5->49->19->35->23->26->45->47->51->24->48
1743;0;25;13->28->7->19->9->2->6->32->29->38->5->4->22->36->31->45->47->51->49->26->37->41->1->53->43->8
1745;0;25;29->50->14->24->19->9->2->6->32->47->51->49->26->45->23->18->3->20->44->28->7->13->38->5->4->22
1746;0;25;30->19->9->2->6->32->29->38->5->4->22->36->31->45->47->51->49->26->37->41->1->53->43->8->3->20
1758;0;25;3->53->43->8->41->1->9->2->6->32->29->38->5->4->22->36->31->45->47->51->49->19->35->23->26->37
1759;0;25;5->24->19->9->2->6->32->29->38->57->35->4->22->36->31->45->47->51->49->26->37->41->1->53->43->8
1765;0;25;48->13->32->2->6->31->45->47->51->49->29->38->5->4->22->36->9->14->24->19->41->1->53->43->8->3
1766;0;25;11->32->2->6->31->45->47->51->49->29->38->5->4->22->36->9->14->24->19->41->1->53->43->8->3->20
1767;0;25;40->51->49->29->38->5->4->22->36->9->2->6->32->47->17->3->20->44->28->7->19->41->1->53->43->8
1768;0;25;22->8->41->1->53->43->35->38->5->4->28->7->19->9->2->6->32->29->36->31->45->47->51->49->26->37
1771;0;25;21->13->32->2->6->31->45->47->51->49->29->38->5->4->22->36->9->14->24->19->41->1->53->43->8->3
1777;0;25;3->4->22->36->9->2->6->32->29->38->5->43->8->41->1->53->42->49->19->35->23->26->45->47->51->15
1780;0;25;36->51->49->29->38->5->4->22->17->3->20->44->28->7->19->9->2->6->32->47->34->15->42->18->16->13
1783;0;25;45->17->3->20->44->28->7->19->9->2->6->32->29->38->5->4->22->36->31->42->49->26->37->41->1->53
1788;0;25;1->21->51->49->29->38->5->4->22->36->9->2->6->32->47->17->3->20->44->28->7->19->41->50->14->24
1788;9;25;36->9->2->6->32->47->17->3->20->44->28->7->19->41->50->14->24->48->42->18->16->13->23->26->45->12
1791;0;25;42->44->28->7->19->9->2->6->32->29->38->5->4->22->36->31->45->47->51->49->26->37->41->1->53->43
1807;0;25;38->33->12->44->28->7->19->9->2->6->32->29->36->31->45->47->51->49->26->37->41->1->53->43->8->3
1808;0;25;34->23->26->45->47->51->49->29->38->5->4->22->36->9->2->6->32->27->24->19->41->1->53->43->8->3
1810;0;25;3->1->53->43->8->41->4->22->36->9->2->6->32->29->38->5->49->19->35->23->26->45->47->51->15->42
1819;0;25;49->20->44->28->7->19->9->2->6->32->29->38->5->4->22->36->31->45->47->51->15->42->3->24->48->23
1820;0;25;39->53->43->8->41->1->9->2->6->32->29->38->5->4->22->36->31->45->47->51->49->19->35->23->26->37
1825;0;25;57->4->22->36->9->2->6->32->29->38->5->43->8->41->1->53->42->49->19->35->23->26->45->47->51->15
1826;0;25;45->5->4->22->36->9->2->6->32->29->38->57->35->23->26->37->41->1->53->43->8->3->20->44->28->7
1834;0;25;1->2->6->32->29->38->5->4->22->36->9->14->24->19->41->50->13->23->26->45->47->51->49->21->46->48
1838;0;25;18->49->29->38->5->4->22->36->9->2->6->32->47->51->15->42->3->20->44->28->7->19->41->1->53->43
1840;0;25;9->43->8->41->1->53->42->49->29->38->5->4->22->36->31->45->47->51->15->10->16->13->32->2->6->48
1845;0;25;19->10->43->8->41->1->53->42->49->29->38->5->4->22->36->9->2->6->32->47->51->15->7->13->23->26
1846;0;25;40->42->49->29->38->5->4->22->36->9->2->6->32->47->51->15->10->43->8->41->1->53->18->3->20->44
1848;0;25;39->41->1->53->43->8->3->20->44->28->7->19->9->2->6->32->29->38->5->4->22->36->31->45->47->51
1850;0;25;3->2->6->32->29->38->5->4->22->36->9->14->24->19->41->1->53->43->8->45->47->51->49->26->37->34
1851;0;25;29->39->14->24->19->9->2->6->32->47->51->49->26->45->23->18->3->20->44->28->7->13->38->5->4->22
1852;0;25;49->13->32->2->6->31->45->47->51->15->42->3->20->44->28->7->19->9->14->24->48->38->5->4->22->36
1853;0;25;34->42->49->29->38->5->4->22->36->9->2->6->32->47->51->15->10->43->8->41->1->53->18->3->20->44
1854;0;25;33->24->19->9->2->6->32->29->38->5->4->22->36->31->45->47->51->49->26->37->41->1->53->43->8->3
1856;0;25;36->26->45->47->51->49->29->38->5->4->22->17->3->20->44->28->7->19->9->2->6->32->27->24->48->42
1858;0;25;42->36->9->2->6->32->29->38->5->4->22->17->3->20->44->28->7->19->41->1->53->43->8->45->47->51
1860;0;25;12->29->38->5->4->22->36->9->2->6->32->47->51->49->19->41->1->53->43->8->3->20->44->28->7->13
1870;0;25;6->23->26->45->47->51->49->29->38->5->4->22->36->9->2->19->41->1->53->43->8->3->20->44->28->7
1872;0;25;20->37->41->1->53->43->8->3->24->19->9->2->6->32->29->38->5->4->22->36->31->45->47->51->49->26
1881;0;25;4->13->32->2->6->31->45->47->51->49->29->38->5->43->8->41->1->53->42->3->20->44->28->7->19->9
1886;0;25;14->43->8->41->1->53->42->49->29->38->5->4->22->36->9->2->6->32->47->51->15->10->16->13->23->26
1888;0;25;40->18->2->6->32->29->38->5->4->22->36->9->14->24->19->41->1->53->43->8->3->20->44->28->7->13
1894;0;25;32->49->29->38->5->4->22->36->9->2->6->31->45->47->51->15->42->3->20->44->28->7->19->41->1->53
1904;0;25;19->22->36->9->2->6->32->29->38->5->4->28->7->13->23->26->45->47->51->49->21->46->48->44->14->24
1905;0;25;37->7->19->9->2->6->32->29->38->5->4->22->36->31->45->47->51->49->26->8->41->1->53->43->35->23
1908;0;25;41->11->8->3->20->44->28->7->19->9->2->6->32->29->38->5->4->22->36->31->45->47->51->49->26->37
1912;0;25;43->13->32->2->6->31->45->47->51->49->29->38->5->4->22->36->9->14->24->19->41->1->53->42->3->20
1914;16;25;49->19->35->23->26->37->48->44->28->7->13->12->18->3->20->43->8->46->14->24->1->53->42->50->57->15
1916;0;25;28->50->14->24->19->9->2->6->32->29->38->5->4->22->36->31->45->47->51->49->26->37->41->1->53->43
1926;0;25;28->42->49->29->38->5->4->22->36->9->2->6->32->47->51->15->10->43->8->41->1->53->18->3->20->44
1935;0;25;44->13->32->2->6->31->45->47->51->49->29->38->5->4->22->36->9->14->24->19->41->1->53->43->8->3
1939;0;25;33->41->1->53->43->8->3->20->44->28->7->19->9->2->6->32->29->38->5->4->22->36->31->45->47->51
1940;0;25;30->42->49->29->38->5->4->22->36->9->2->6->32->47->51->15->10->43->8->41->1->53->18->3->20->44
1942;0;25;22->24->19->9->2->6->32->29->38->5->4->28->7->13->23->26->45->47->51->49->21->46->48->44->14->31
1944;0;25;40->49->29->38->5->4->22->36->9->2->6->32->47->51->15->42->3->20->44->28->7->19->41->1->53->43
1946;0;25;33->29->38->5->4->22->36->9->2->6->32->47->51->49->19->41->1->53->43->8->3->20->44->28->7->13
1949;0;25;6->49->29->38->5->4->22->36->9->2->19->41->1->53->43->8->3->20->44->28->7->13->32->47->51->15
1959;0;25;42->38->5->4->22->36->9->2->6->32->29->27->24->19->41->1->53->43->8->3->20->44->28->7->13->23
1960;0;25;49->44->28->7->19->9->2->6->32->29->38->5->4->22->36->31->45->47->51->15->42->3->20->12->18->16
1962;0;25;28->26->45->47->51->49->29->38->5->4->22->36->9->2->6->32->27->24->19->41->1->53->43->8->3->20
1963;0;25;5->34->9->2->6->32->29->38->57->35->4->22->36->31->45->47->51->49->19->41->1->53->43->8->3->20
1964;0;25;36->3->20->44->28->7->19->9->2->6->32->29->38->5->4->22->17->48->42->49->26->45->47->51->15->10
1966;0;25;50->26->45->47->51->49->29->38->5->4->22->36->9->2->6->32->27->24->19->41->1->53->43->8->3->20
1967;0;25;34->6->32->2->19->9->14->24->48->44->28->7->13->38->5->4->22->36->31->45->47->51->49->29->27->1
1969;0;25;2->29->38->5->4->22->36->9->14->24->19->6->32->47->51->49->26->45->23->18->3->20->44->28->7->13
1970;0;25;15->4->22->36->9->2->6->32->29->38->5->43->8->41->1->53->42->49->19->35->23->26->45->47->51->24
1973;0;25;50->19->9->2->6->32->29->38->5->4->22->36->31->45->47->51->49->26->37->41->1->53->43->8->3->20
1973;22;25;43->8->3->20->44->28->7->13->23->18->16->15->42->21->46->48->57->35->11->17->34->30->10->27->24->39
1975;0;25;19->28->7->13->32->2->6->31->45->47->51->49->29->38->5->4->22->36->9->14->24->48->44->10->43->8
1985;15;25;51->49->19->41->1->53->43->8->3->20->44->28->7->13->23->26->37->48->42->18->16->15->10->27->24->17
1988;0;25;20->57->35->38->5->4->22->36->9->2->6->32->29->27->24->19->41->1->53->43->8->3->11->15->42->49
1993;0;25;33->53->43->8->41->1->9->2->6->32->29->38->5->4->22->36->31->45->47->51->49->19->35->23->26->37
1995;0;25;14->51->49->29->38->5->4->22->36->9->2->6->32->47->17->3->20->44->28->7->19->41->1->53->43->8
1997;0;25;14->47->51->49->29->38->5->4->22->36->9->2->6->32->27->24->19->41->1->53->43->8->3->20->44->28
1998;0;25;29->7->19->9->2->6->32->47->51->49->26->45->23->18->3->20->44->28->16->13->38->5->4->22->36->31
2007;0;25;8->21->51->49->29->38->5->4->22->36->9->2->6->32->47->17->3->20->44->28->7->19->41->1->53->43
2010;0;25;23->43->8->41->1->53->42->49->29->38->5->4->22->36->9->2->6->32->47->51->15->10->16->13->12->44
2014;0;25;1->26->45->47->51->49->29->38->5->4->22->36->9->2->6->32->27->24->19->41->50->14->31->3->20->44
2016;0;25;44->51->49->29->38->5->4->22->36->9->2->6->32->47->17->3->20->12->18->16->13->23->26->45->42->50
2017;0;25;26->21->51->49->29->38->5->4->22->36->9->2->6->32->47->17->3->20->44->28->7->19->41->1->53->43
2026;0;25;16->45->47->51->49->29->38->5->4->22->36->9->2->6->32->27->24->19->41->1->53->43->8->3->20->44
2027;0;25;46->32->2->6->31->45->47->51->49->29->38->5->4->22->36->9->14->24->19->41->1->53->43->8->3->20
2034;18;25;24->19->41->1->53->43->8->3->20->44->28->7->26->37->34->15->42->18->16->46->48->23->10->27->11->21
2039;0;25;14->29->38->5->4->22->36->9->2->6->32->47->51->49->19->41->1->53->43->8->3->20->44->28->7->13
2040;0;25;8->53->43->35->38->5->4->22->36->9->2->6->32->29->27->24->19->41->1->7->13->23->26->45->47->51
2041;0;25;48->1->53->43->8->41->4->22->36->9->2->6->32->29->38->5->49->19->35->23->26->45->47->51->15->42
2042;0;25;22->2->6->32->29->38->5->4->28->7->19->9->14->24->48->44->10->43->8->41->1->53->42->49->26->45
2046;0;25;24->9->2->6->32->29->38->5->4->22->36->31->45->47->51->49->19->41->1->53->43->8->3->20->44->28
2048;0;25;49->38->5->4->22->36->9->2->6->32->29->27->24->19->41->1->53->43->8->3->20->44->28->7->13->23
2049;0;25;29->57->35->38->5->4->22->36->9->2->6->32->47->51->49->19->41->1->53->43->8->3->20->44->28->7
2051;0;25;12->24->19->9->2->6->32->29->38->5->4->22->36->31->45->47->51->49->26->37->41->1->53->43->8->3
2052;0;25;30->29->38->5->4->22->36->9->2->6->32->47->51->49->19->41->1->53->43->8->3->20->44->28->7->13
2053;0;25;3->38->5->4->22->36->9->2->6->32->29->27->24->19->41->1->53->43->8->45->47->51->49->26->37->34
2054;0;25;37->43->8->41->1->53->42->49->29->38->5->4->22->36->9->2->6->32->47->51->15->10->16->13->23->26
2060;0;25;33->23->26->45->47->51->49->29->38->5->4->22->36->9->2->6->32->27->24->19->41->1->53->43->8->3
2062;0;25;8->20->44->28->7->19->9->2->6->32->29->38->5->4->22->36->31->45->47->51->49->26->37->41->1->53
2069;0;25;10->13->32->2->6->31->45->47->51->49->29->38->5->4->22->36->9->14->24->19->41->1->53->43->8->3
2072;0;25;7->20->44->28->16->13->32->2->6->31->45->47->51->49->29->38->5->4->22->36->9->14->24->19->41->1
2073;0;25;39->45->47->51->49->29->38->5->4->22->36->9->2->6->32->27->24->19->41->1->53->43->8->3->20->44
2074;0;25;29->11->8->41->1->53->43->35->38->5->4->22->36->9->2->6->32->47->51->49->19->27->24->48->44->28
2075;0;25;27->42->49->29->38->5->4->22->36->9->2->6->32->47->51->15->10->43->8->41->1->53->18->3->20->44
2076;0;25;33->35->38->5->4->22->36->9->2->6->32->29->27->24->19->41->1->53->43->8->3->20->44->28->7->13
2080;0;25;20->4->22->36->9->2->6->32->29->38->5->43->8->41->1->53->42->49->19->35->23->26->45->47->51->15
2084;0;25;2->48->44->28->7->19->9->14->24->1->53->43->8->41->4->22->36->31->45->47->51->49->29->38->5->3
2085;0;25;20->53->43->8->41->1->9->2->6->32->29->38->5->4->22->36->31->45->47->51->49->19->35->23->26->37
2096;0;25;1->38->5->4->22->36->9->2->6->32->29->27->24->19->41->50->14->31->45->47->51->49->26->37->34->15
2104;0;25;14->42->49->29->38->5->4->22->36->9->2->6->32->47->51->15->10->43->8->41->1->53->18->3->20->44
2106;0;25;37->47->51->49->29->38->5->4->22->36->9->2->6->32->27->24->19->41->1->53->43->8->3->20->44->28
2108;0;25;29->10->43->8->41->1->53->42->49->19->9->2->6->32->47->51->15->7->13->38->5->4->22->36->31->45
2111;0;25;51->20->44->28->7->19->9->2->6->32->29->38->5->4->22->36->31->45->47->17->3->24->48->42->49->26
2111;25;25;26->37->41->1->53->43->8->34->15->10->16->13->23->18->11->46->14->21->30->35->12->39->57->33->40->27
2112;22;25;1->53->18->3->20->12->30->11->17->57->35->23->26->45->14->24->19->27->34->13->40->21->39->28->7->33
2116;0;25;16->9->2->6->32->29->38->5->4->22->36->31->45->47->51->49->19->41->1->53->43->8->3->20->44->28
2117;0;25;31->29->38->5->4->22->36->9->2->6->32->47->51->49->19->41->1->53->43->8->3->20->44->28->7->13
2118;0;25;48->47->51->49->29->38->5->4->22->36->9->2->6->32->27->24->19->41->1->53->43->8->3->20->44->28
2128;0;25;26->4->22->36->9->2->6->32->29->38->5->43->8->41->1->53->42->49->19->35->23->18->3->20->44->28
2130;0;25;40->53->43->8->41->1->9->2->6->32->29->38->5->4->22->36->31->45->47->51->49->19->35->23->26->37
2133;0;25;7->47->51->49->29->38->5->4->22->36->9->2->6->32->27->24->19->41->1->53->43->8->3->20->44->28
2134;0;25;8->37->41->1->53->43->35->38->5->4->22->36->9->2->6->32->29->27->24->19->3->20->44->28->7->13
2141;0;25;36->28->7->19->9->2->6->32->29->38->5->4->22->17->3->20->44->14->24->48->42->49->26->45->47->51
2146;0;25;47->4->22->36->9->2->6->32->29->38->5->43->8->41->1->53->42->49->19->35->23->26->45->3->20->44
2149;0;25;31->19->9->2->6->32->29->38->5->4->22->36->23->26->45->47->51->49->21->46->48->44->28->7->13->12
2151;0;25;17->26->45->47->51->49->29->38->5->4->22->36->9->2->6->32->27->24->19->41->1->53->43->8->3->20
2152;0;25;4->24->19->9->2->6->32->29->38->5->43->8->41->1->53->42->49->26->45->47->51->15->10->16->13->23
2156;0;25;21->6->32->2->19->9->14->24->48->44->28->7->13->38->5->4->22->36->31->45->47->51->49->29->27->1
2157;0;25;4->27->24->19->9->2->6->32->29->38->5->43->8->41->1->53->42->49->26->45->47->51->15->10->16->13
2159;0;25;53->49->29->38->5->4->22->36->9->2->6->32->47->51->15->42->3->20->44->28->7->19->41->1->16->13
2167;0;25;21->48->44->28->7->19->9->2->6->32->29->38->5->4->22->36->31->45->47->51->49->26->37->41->1->53
2168;0;25;40->47->51->49->29->38->5->4->22->36->9->2->6->32->27->24->19->41->1->53->43->8->3->20->44->28
2169;0;25;13->41->1->53->43->8->3->20->44->28->7->19->9->2->6->32->29->38->5->4->22->36->31->45->47->51
2171;0;25;42->41->1->53->43->8->3->20->44->28->7->19->9->2->6->32->29->38->5->4->22->36->31->45->47->51
2172;0;25;10->9->2->6->32->29->38->5->4->22->36->31->45->47->51->49->19->41->1->53->43->8->3->20->44->28
2173;0;25;14->19->9->2->6->32->29->38->5->4->22->36->31->45->47->51->49->26->37->41->1->53->43->8->3->20
2175;0;25;46->29->38->5->4->22->36->9->2->6->32->47->51->49->19->41->1->53->43->8->3->20->44->28->7->13
2177;0;25;32->35->38->5->4->22->36->9->2->6->31->45->47->51->49->29->27->24->19->41->1->53->43->8->3->20
2182;0;25;27->9->2->6->32->29->38->5->4->22->36->31->45->47->51->49->19->41->1->53->43->8->3->20->44->28
2191;0;25;11->16->13->32->2->6->31->45->47->51->49->29->38->5->4->22->36->9->14->24->19->41->1->53->43->8
2196;0;25;35->9->2->6->32->29->38->5->4->22->36->31->45->47->51->49->19->41->1->53->43->8->3->20->44->28
2197;0;25;18->35->38->5->4->22->36->9->2->6->32->29->27->24->19->41->1->53->43->8->3->20->44->28->7->13
2201;0;25;10->45->47->51->49->29->38->5->4->22->36->9->2->6->32->27->24->19->41->1->53->43->8->3->20->44
2203;0;25;33->20->44->28->7->19->9->2->6->32->29->38->5->4->22->36->31->45->47->51->49->26->37->41->1->53
2209;0;25;16->8->41->1->53->43->35->38->5->4->22->36->9->2->6->32->29->27->24->19->3->20->44->28->7->13
2210;0;25;1->37->41->4->22->36->9->2->6->32->29->38->5->43->8->3->20->44->28->7->19->35->23->26->45->47
2214;0;25;10->2->6->32->29->38->5->4->22->36->9->14->24->19->41->1->53->43->8->3->20->44->28->7->13->23
2223;0;25;32->15->42->49->29->38->5->4->22->36->9->2->6->31->45->47->51->24->19->41->1->53->43->8->3->20
2235;0;25;14->49->29->38->5->4->22->36->9->2->6->32->47->51->15->42->3->20->44->28->7->19->41->1->53->43
2240;0;25;21->45->47->51->49->29->38->5->4->22->36->9->2->6->32->27->24->19->41->1->53->43->8->3->20->44
2241;0;25;18->31->45->47->51->49->29->38->5->4->22->36->9->2->6->32->27->24->19->41->1->53->43->8->3->20
2243;0;25;41->31->45->47->51->49->29->38->5->4->22->36->9->2->6->32->27->24->19->35->23->26->37->34->15->42
2244;0;25;19->42->49->29->38->5->4->22->36->9->2->6->32->47->51->15->10->43->8->41->1->53->18->3->20->44
2246;0;25;16->31->45->47->51->49->29->38->5->4->22->36->9->2->6->32->27->24->19->41->1->53->43->8->3->20
2247;0;25;45->38->5->4->22->36->9->2->6->32->29->27->24->19->41->1->53->43->8->3->20->44->28->7->13->23
2255;0;25;21->22->36->9->2->6->32->29->38->5->4->28->7->19->41->1->53->43->8->3->20->44->14->24->48->42
2277;0;25;6->18->2->19->9->14->24->48->44->28->7->13->32->29->38->5->4->22->36->31->45->47->51->49->26->37
2278;0;25;3->34->9->2->6->32->29->38->5->4->22->36->31->45->47->51->49->19->41->1->53->43->8->35->23->26
2281;0;25;4->37->41->1->53->43->8->3->20->44->28->7->19->9->2->6->32->29->38->5->49->26->45->47->51->15
2287;0;25;28->45->47->51->49->29->38->5->4->22->36->9->2->6->32->27->24->19->41->1->53->43->8->3->20->44
2294;0;25;5->27->24->19->9->2->6->32->29->38->57->35->4->22->36->31->45->47->51->49->26->37->41->1->53->43
2295;0;25;41->20->44->28->7->19->9->2->6->32->29->38->5->4->22->36->31->45->47->51->49->26->37->34->15->42
2302;0;25;26->48->44->28->7->19->9->2->6->32->29->38->5->4->22->36->31->45->47->51->49->21->46->14->24->1
2303;0;25;19->38->5->4->22->36->9->2->6->32->29->27->24->48->44->28->7->13->23->26->45->47->51->49->21->46
2308;0;25;15->27->24->19->9->2->6->32->29->38->5->4->22->36->31->45->47->51->49->26->37->41->1->53->43->8
2309;0;25;15->21->51->49->29->38->5->4->22->36->9->2->6->32->47->17->3->20->44->28->7->19->41->1->53->43
2311;0;25;8->33->12->44->28->7->19->9->2->6->32->29->38->5->4->22->36->31->45->47->51->49->26->37->41->1
2314;0;25;21->16->13->32->2->6->31->45->47->51->49->29->38->5->4->22->36->9->14->24->19->41->1->53->43->8
2315;0;25;50->45->47->51->49->29->38->5->4->22->36->9->2->6->32->27->24->19->41->1->53->43->8->3->20->44
2323;0;25;15->38->5->4->22->36->9->2->6->32->29->27->24->19->41->1->53->43->8->3->20->44->28->7->13->23
2327;0;25;24->38->5->4->22->36->9->2->6->32->29->27->1->53->43->8->41->50->14->31->45->47->51->49->19->35
2328;0;25;36->24->19->9->2->6->32->29->38->5->4->22->17->3->20->44->28->7->13->23->26->45->47->51->49->21
2330;0;25;5->37->41->1->53->43->8->3->20->44->28->7->19->9->2->6->32->29->38->57->35->4->22->36->31->45
2331;0;25;38->41->1->53->43->8->3->20->44->28->7->19->9->2->6->32->29->36->31->45->47->51->49->26->37->34
2335;0;25;22->38->5->4->28->7->19->9->2->6->32->29->36->31->45->47->51->49->26->37->41->1->53->43->8->3
2337;0;25;3->32->2->6->31->45->47->51->49->29->38->5->4->22->36->9->14->24->19->41->1->53->43->8->34->15
2338;0;25;42->37->41->1->53->43->8->3->20->44->28->7->19->9->2->6->32->29->38->5->4->22->36->31->45->47
2340;0;25;40->28->7->19->9->2->6->32->29->38->5->4->22->36->31->45->47->51->49->26->37->41->1->53->43->8
2344;0;25;53->6->32->2->19->9->14->24->48->44->28->7->13->38->5->4->22->36->31->45->47->51->49->29->27->1
2357;0;25;28->32->2->6->31->45->47->51->49->29->38->5->4->22->36->9->14->24->19->41->1->53->43->8->3->20
2361;0;25;35->51->49->29->38->5->4->22->36->9->2->6->32->47->17->3->20->44->28->7->19->41->1->53->43->8
2363;0;25;11->44->28->7->19->9->2->6->32->29->38->5->4->22->36->31->45->47->51->49->26->37->41->1->53->43
2365;0;25;7->12->44->28->16->13->32->2->6->31->45->47->51->49->29->38->5->4->22->36->9->14->24->19->41->1
2369;0;25;15->13->32->2->6->31->45->47->51->49->29->38->5->4->22->36->9->14->24->19->41->1->53->43->8->3
2380;0;25;28->11->8->41->1->53->43->35->38->5->4->22->36->9->2->6->32->29->27->24->19->3->20->44->14->31
2381;0;25;16->22->36->9->2->6->32->29->38->5->4->28->7->19->41->1->53->43->8->3->20->44->14->24->48->42
2382;0;25;43->42->49->29->38->5->4->22->36->9->2->6->32->47->51->15->10->41->1->53->18->3->20->44->28->7
2383;0;25;45->53->43->8->41->1->9->2->6->32->29->38->5->4->22->36->31->3->20->44->28->7->19->35->23->26
2390;0;25;18->14->24->19->9->2->6->32->29->38->5->4->22->36->31->45->47->51->49->26->37->41->1->53->43->8
2391;0;25;47->43->8->41->1->53->42->49->29->38->5->4->22->36->9->2->6->32->27->24->19->35->23->26->45->3
2395;0;25;50->46->48->44->28->7->19->9->2->6->32->29->38->5->4->22->36->31->45->47->51->49->26->37->41->1
2397;0;25;49->4->22->36->9->2->6->32->29->38->5->43->8->41->1->53->42->3->20->44->28->7->19->35->23->26
2398;0;25;23->14->24->19->9->2->6->32->29->38->5->4->22->36->31->45->47->51->49->26->37->41->1->53->43->8
2403;0;25;18->45->47->51->49->29->38->5->4->22->36->9->2->6->32->27->24->19->41->1->53->43->8->3->20->44
2404;0;25;53->32->2->6->31->45->47->51->49->29->38->5->4->22->36->9->14->24->19->41->1->7->13->23->26->37
2406;0;25;5->10->43->8->41->1->53->42->49->29->38->57->35->4->22->36->9->2->6->32->47->51->15->7->19->27
2411;0;25;51->13->32->2->6->31->45->47->17->3->20->44->28->7->19->9->14->24->48->42->49->29->38->5->4->22
2414;0;25;50->43->8->41->1->53->42->49->29->38->5->4->22->36->9->2->6->32->47->51->15->10->16->13->23->26
2423;0;25;28->3->20->44->14->24->19->9->2->6->32->29->38->5->4->22->36->31->45->47->51->49->26->37->41->1
2430;0;25;32->57->35->38->5->4->22->36->9->2->6->31->45->47->51->49->29->27->24->19->41->1->53->43->8->3
2434;0;25;3->16->13->32->2->6->31->45->47->51->49->29->38->5->4->22->36->9->14->24->19->41->1->53->43->8
2438;0;25;36->37->41->1->53->43->8->3->20->44->28->7->19->9->2->6->32->29->38->5->4->22->17->48->42->49
2440;0;25;39->3->20->44->28->7->19->9->2->6->32->29->38->5->4->22->36->31->45->47->51->49->26->37->41->1
2442;0;25;33->13->32->2->6->31->45->47->51->49->29->38->5->4->22->36->9->14->24->19->41->1->53->43->8->3
2448;0;25;4->9->2->6->32->29->38->5->43->8->41->1->53->42->49->19->35->23->26->45->47->51->15->10->16->13
2449;0;25;21->38->5->4->22->36->9->2->6->32->29->27->24->19->41->1->53->43->8->3->20->44->28->7->13->23
2452;0;25;21->5->4->22->36->9->2->6->32->29->38->57->35->23->26->45->47->51->49->19->41->1->53->43->8->3
2453;0;25;53->41->1->9->2->6->32->29->38->5->4->22->36->31->45->47->51->49->19->35->23->26->37->34->15->42
2463;0;25;16->4->22->36->9->2->6->32->29->38->5->43->8->41->1->53->42->49->19->35->23->26->45->47->51->15
2464;0;25;27->35->38->5->4->22->36->9->2->6->32->29->53->43->8->41->1->7->19->3->20->44->28->16->13->23
2467;0;25;31->7->19->9->2->6->32->29->38->5->4->22->36->23->26->45->47->51->49->21->46->48->44->28->16->13
2469;0;25;4->53->43->8->41->1->9->2->6->32->29->38->5->49->19->35->23->26->45->47->51->15->42->3->20->44
2476;0;25;26->43->8->41->1->53->42->49->29->38->5->4->22->36->9->2->6->32->47->51->15->10->16->13->23->18
2477;0;25;47->24->19->9->2->6->32->29->38->5->4->22->36->31->45->23->26->37->41->1->53->43->8->3->20->44
2478;0;25;49->33->12->44->28->7->19->9->2->6->32->29->38->5->4->22->36->31->45->47->51->15->42->3->20->43
2483;0;25;16->7->19->9->2->6->32->29->38->5->4->22->36->31->45->47->51->49->26->37->41->1->53->43->8->3
2488;0;25;32->12->44->28->7->19->9->2->6->31->45->47->51->49->29->38->5->4->22->36->23->26->37->41->1->53
2496;0;25;17->42->49->29->38->5->4->22->36->9->2->6->32->47->51->15->10->43->8->41->1->53->18->3->20->44
2501;0;25;33->34->9->2->6->32->29->38->5->4->22->36->31->45->47->51->49->19->41->1->53->43->8->3->20->44
2502;0;25;13->26->45->47->51->49->29->38->5->4->22->36->9->2->6->32->27->24->19->41->1->53->43->8->3->20
2506;0;25;12->16->13->32->2->6->31->45->47->51->49->29->38->5->4->22->36->9->14->24->19->41->1->53->43->8
2740;0;5;10->36->23->39->40->17
2747;0;5;19->39->40->17->23->36
2749;0;5;21->17->40->36->23->39
2753;0;5;26->39->40->17->23->36
2755;0;5;28->36->23->39->40->17
2770;0;5;46->17->40->36->23->39
2775;0;5;51->17->40->36->23->39
2785;0;5;26->17->40->36->23->39
2786;0;5;53->17->40->36->23->39
2791;0;5;47->39->40->17->23->36
2812;0;5;32->36->23->39->40->17
2816;0;5;38->36->23->39->40->17
2818;0;5;48->17->40->36->23->39
2824;0;5;1->39->40->17->23->36
2830;0;5;48->39->40->17->23->36
2832;0;5;43->36->23->39->40->17
2835;0;5;3->36->23->39->40->17
2842;0;5;5->36->23->39->40->17
2843;0;5;26->36->23->39->40->17
2848;0;5;13->36->23->39->40->17
2861;0;5;37->36->23->39->40->17
2868;0;5;43->39->40->17->23->36
2873;0;5;12->36->23->39->40->17
2874;0;5;42->39->40->17->23->36
2875;0;5;46->39->40->17->23->36
3318;0;4;18->51->33->43->45
3322;0;4;23->51->33->43->45
3325;0;4;31->51->33->43->45
3331;0;4;42->43->45->33->51
3340;0;4;22->45->33->43->51
3345;0;4;41->43->45->33->51
3358;0;4;27->33->43->45->51
3503;0;4;13->48->34->7->21
3509;0;4;19->48->34->7->21
3529;0;4;42->48->34->7->21
3538;0;4;53->48->34->7->21
3558;0;4;35->48->34->7->21
3568;0;4;36->21->7->48->34
3585;0;4;15->34->7->48->21
2886;0;3;23->17->40->36
2939;0;3;36->36->17->39
2985;0;3;17->17->39->36
3026;0;3;39->39->36->17
3067;0;3;37->2->57->53
3068;0;3;33->2->57->53
3074;0;3;57->57->2->53
3083;0;3;50->2->57->53
3091;0;3;45->57->2->53
3092;0;3;15->53->57->2
3096;0;3;31->2->57->53
3184;0;3;45->4->46->30
3187;0;3;31->4->46->30
3188;0;3;30->30->46->4
3191;0;3;4->4->46->30
3251;0;3;33->30->46->4
3292;0;3;51->43->45->33
3337;0;3;45->43->33->51
3493;0;3;2->7->48->34
3500;0;3;10->7->48->34
3502;0;3;12->7->48->34
3518;0;3;30->7->48->34
3521;0;3;33->7->48->34
3525;0;3;38->7->48->34
3548;0;3;19->7->48->34
3899;0;3;21->26->20->22
1420;0;2;12->40->23
1424;0;2;16->23->40
1425;0;2;9->40->23
1426;0;2;18->23->40
1430;0;2;24->40->23
1432;0;2;26->23->40
1434;0;2;28->40->23
1438;0;2;32->23->40
1444;0;2;38->23->40
1452;0;2;47->40->23
1457;0;2;53->40->23
1464;0;2;27->40->23
1465;0;2;35->40->23
1466;0;2;19->40->23
1474;0;2;45->40->23
1491;0;2;9->23->40
1505;0;2;37->40->23
1506;0;2;5->23->40
1533;0;2;22->40->23
1535;0;2;21->40->23
2536;0;2;39->17->37
2611;0;2;16->11->31
2612;0;2;15->11->31
3660;0;2;36->15->25
3855;0;2;6->11->25
1458;0;1;54->55
1461;0;1;64->66
1463;0;1;102->265
1469;0;1;64->84
1470;0;1;102->266
1471;0;1;64->55
1473;0;1;64->91
1475;0;1;54->95
1476;0;1;102->270
1479;0;1;64->101
1480;0;1;54->105
1485;0;1;54->101
1492;0;1;54->122
1494;0;1;54->66
1495;0;1;54->91
1496;0;1;64->122
1497;0;1;64->95
1499;0;1;54->136
1501;0;1;54->140
1502;0;1;64->141
1507;0;1;54->141
1510;0;1;102->267
1517;0;1;64->159
1521;0;1;64->136
1525;0;1;102->269
2508;0;1;195->187
2521;0;1;17->50
2532;0;1;36->44
2533;0;1;39->13
2543;0;1;39->22
2592;0;1;39->5
2627;0;1;42->27
2630;0;1;70->71
2631;0;1;85->86
2632;0;1;115->86
2633;0;1;119->79
2638;0;1;7->27
2644;0;1;85->143
2649;0;1;115->143
2663;0;1;15->18
2777;0;1;54->56
2779;0;1;64->56
2780;0;1;67->68
2781;0;1;74->75
2782;0;1;82->68
2783;0;1;102->175
2793;0;1;67->99
2797;0;1;67->75
2801;0;1;74->99
2815;0;1;82->99
2826;0;1;74->68
2838;0;1;64->145
2853;0;1;82->75
2878;0;1;54->145
3069;0;1;11->12
3073;0;1;43->12
3125;0;1;23->35
3130;0;1;7->49
3137;0;1;143->49
3142;0;1;23->49
3147;0;1;33->49
3149;0;1;37->49
3154;0;1;45->49
3162;0;1;11->3
3168;0;1;31->32
3195;0;1;11->5
3219;0;1;6->6
3225;0;1;22->5
3233;0;1;23->28
3236;0;1;26->5
3238;0;1;21->44
3395;0;1;36->29
3404;0;1;36->19
3423;0;1;36->4
3438;0;1;36->6
3439;0;1;131->59
3440;0;1;132->59
3441;0;1;137->59
3442;0;1;138->59
3443;0;1;139->59
3444;0;1;142->59
3445;0;1;144->59
3446;0;1;147->59
3447;0;1;148->59
3448;0;1;149->59
3449;0;1;150->59
3450;0;1;151->59
3451;0;1;152->59
3452;0;1;153->59
3453;0;1;154->59
3454;0;1;156->59
3455;0;1;157->59
3456;0;1;160->59
3457;0;1;161->59
3458;0;1;162->163
3459;0;1;168->59
3460;0;1;169->59
3461;0;1;170->59
3462;0;1;171->59
3463;0;1;58->59
3464;0;1;60->59
3465;0;1;62->59
3466;0;1;63->59
3467;0;1;69->59
3468;0;1;73->59
3469;0;1;76->59
3470;0;1;78->59
3471;0;1;83->59
3472;0;1;87->59
3473;0;1;88->59
3474;0;1;92->59
3475;0;1;93->59
3476;0;1;98->59
3477;0;1;106->59
3478;0;1;107->59
3479;0;1;111->59
3480;0;1;112->59
3481;0;1;116->59
3482;0;1;118->59
3483;0;1;120->59
3484;0;1;123->59
3485;0;1;125->59
3486;0;1;127->59
3487;0;1;67->102
3599;0;1;1->25
3600;0;1;2->25
3601;0;1;3->25
3602;0;1;4->25
3603;0;1;5->25
3604;0;1;6->25
3605;0;1;7->25
3606;0;1;8->25
3607;0;1;9->25
3608;0;1;10->25
3609;0;1;12->25
3610;0;1;13->25
3611;0;1;14->25
3612;0;1;17->25
3613;0;1;18->25
3614;0;1;19->25
3615;0;1;20->25
3616;0;1;21->25
3617;0;1;22->25
3618;0;1;23->25
3619;0;1;24->25
3620;0;1;26->25
3621;0;1;27->25
3622;0;1;28->25
3623;0;1;29->25
3624;0;1;30->25
3625;0;1;32->25
3626;0;1;33->25
3627;0;1;133->89
3628;0;1;35->25
3630;0;1;37->25
3631;0;1;38->25
3632;0;1;34->25
3633;0;1;40->25
3634;0;1;41->25
3635;0;1;42->25
3636;0;1;43->25
3637;0;1;44->25
3638;0;1;45->25
3639;0;1;46->25
3640;0;1;47->25
3641;0;1;48->25
3642;0;1;49->25
3643;0;1;50->25
3644;0;1;51->25
3645;0;1;53->25
3646;0;1;54->89
3647;0;1;57->25
3648;0;1;186->89
3649;0;1;190->89
3650;0;1;64->89
3651;0;1;39->25
3652;0;1;71->80
3653;0;1;79->80
3654;0;1;85->80
3655;0;1;102->103
3656;0;1;108->103
3657;0;1;115->80
3658;0;1;124->103
3659;0;1;36->25
3676;0;1;17->1
3701;0;1;15->61
3703;0;1;15->77
3706;0;1;16->61
3707;0;1;16->77
3712;0;1;31->6
3713;0;1;130->59
3719;0;1;146->59
3727;0;1;167->59
3731;0;1;172->59
3732;0;1;173->59
3733;0;1;177->59
3736;0;1;72->59
3747;0;1;126->59
3770;0;1;133->110
3832;0;1;133->134
3849;0;1;102->54
3850;0;1;108->64
3851;0;1;124->54
3854;0;1;108->54
3937;0;1;16->90
3939;0;1;16->109
3942;0;1;15->90
3943;0;1;15->109
3964;0;1;51->32
3976;0;1;67->81
3977;0;1;67->158
3989;0;1;164->85
3993;0;1;67->94
3994;0;1;70->115
3995;0;1;114->115
3996;0;1;117->121
3997;0;1;119->85
3998;0;1;67->100
3999;0;1;67->113
4000;0;1;67->82
4001;0;1;67->121
4003;0;1;67->155
4145;0;1;67->104
4146;0;1;117->104
4224;0;1;102->129
4265;0;1;110->102
